Peptide,-10lgP,Mass,Length,ppm,m/z,RT,Area Sample 2,Fraction,Scan,Source File,#Feature,#Feature Sample 2,Accession,PTM,AScore,Found By
LNKLLGGVTIAQGGVLPNIQAVLLPKKTEKPT(-18.01)KSK,157.43,3635.1865,35,-5.9,728.0370,53.79,5.383E6,2,18106,EAM0039_S0F3T_V8NaPho_2-E7_01_4521.d,2,2,XP_003448939.1,Dehydration,T32:Dehydration:0.00,PEAKS PTM
A(+43.01)SRLAHYNKRSTITSRE,136.83,2032.0562,17,-8.6,509.0146,17.94,4.6738E6,2,4056,EAM0039_S0F3T_V8NaPho_2-E7_01_4521.d,2,2,XP_003451196.1,Carbamylation,A1:Carbamylation:138.59,PEAKS PTM
VQT(-18.01)AVR(+31.99)LLLPGELAKHAVSE,104.64,2144.1953,20,1.0,715.7366,48.57,1.8492E7,2,16144,EAM0039_S0F3T_V8NaPho_2-E7_01_4521.d,3,3,XP_003438147.1,Dehydration; Dihydroxy,T3:Dehydration:284.03;R6:Dihydroxy:97.69,PEAKS PTM
ASRLAHYNKRSTITSRE,103.38,1989.0504,17,-8.6,498.2634,16.31,6.7454E6,2,3312,EAM0039_S0F3T_V8NaPho_2-E7_01_4521.d,4,4,XP_003451196.1,,,PEAKS DB
LNKLLGGVTIAQGGVLPNIQAVLLPKKT(-18.01)EKPTKSK,102.55,3635.1865,35,-5.9,728.0370,53.79,5.383E6,2,18064,EAM0039_S0F3T_V8NaPho_2-E7_01_4521.d,2,2,XP_003448939.1,Dehydration,T28:Dehydration:0.00,PEAKS PTM
LN(+.98)K(+42.01)LLGGVTIAQGGVLPNIQAVLLPKKTEKAK,100.46,3354.0012,32,-9.9,671.7979,68.75,2.9725E4,2,23620,EAM0039_S0F3T_V8NaPho_2-E7_01_4521.d,1,1,XP_013121737.2:XP_003459572.1,Deamidation (NQ); Acetylation (K),N2:Deamidation (NQ):67.24;K3:Acetylation (K):166.30,PEAKS PTM
R(+.98)K(+42.01)GVSLAALKKALAAGGYDVE,98.50,2159.1948,21,-6.9,540.7999,51.23,3.2109E6,2,17129,EAM0039_S0F3T_V8NaPho_2-E7_01_4521.d,1,1,XP_003459589.1,Citrullination; Acetylation (K),R1:Citrullination:1000.00;K2:Acetylation (K):53.45,PEAKS PTM
S(+43.01)(-18.01)Y(+31.99)AIYVYKVLKQVHPD,96.13,1979.0153,16,2.5,660.6777,58.31,1.1975E5,2,19847,EAM0039_S0F3T_V8NaPho_2-E7_01_4521.d,1,1,XP_003451196.1,Carbamylation; Dehydration; Dihydroxy,S1:Carbamylation:83.89;S1:Dehydration:87.62;Y2:Dihydroxy:91.37,PEAKS PTM
S(+86.00)E(+53.92)EAPAPAPAPAKAAKKKTTASKPKKVGPSVGE,95.26,3367.7073,33,3.7,842.9335,17.20,1.9759E5,2,3685,EAM0039_S0F3T_V8NaPho_2-E7_01_4521.d,1,1,XP_013130399.2:XP_019210165.1:XP_019210164.1,Malonylation; Replacement of 2 protons by iron,S1:Malonylation:104.53;E2:Replacement of 2 protons by iron:0.00,PEAKS PTM
G(+43.01)TKAVTKYTSSK,94.65,1312.6986,12,-5.4,438.5692,17.59,7.3133E6,2,3874,EAM0039_S0F3T_V8NaPho_2-E7_01_4521.d,2,2,XP_003451196.1:XP_003438147.1,Carbamylation,G1:Carbamylation:20.41,PEAKS PTM
LIVKAVAASKE,90.24,1127.6914,11,-8.8,564.8455,19.33,2.0236E7,2,4595,EAM0039_S0F3T_V8NaPho_2-E7_01_4521.d,2,2,XP_013130399.2:XP_019210165.1:XP_019210164.1:XP_019209840.1:XP_019209843.1:XP_019209837.1:XP_019209844.1,,,PEAKS DB
G(+57.02)TKAVTKYTSSK,87.27,1326.7144,12,-5.5,443.2410,9.43,2.6431E5,2,1489,EAM0039_S0F3T_V8NaPho_2-E7_01_4521.d,2,2,XP_003451196.1:XP_003438147.1,Carbamidomethylation (DHKE  X@N-term),G1:Carbamidomethylation (DHKE  X@N-term):45.01,PEAKS PTM
ASRLAHYN(+.98)KRSTITSRE,87.19,1990.0344,17,-8.0,498.5097,16.77,3.7245E5,2,3523,EAM0039_S0F3T_V8NaPho_2-E7_01_4521.d,2,2,XP_003451196.1,Deamidation (NQ),N8:Deamidation (NQ):1000.00,PEAKS PTM
SE(+21.98)E(+21.98)APAPAPAPAKAAKKKTTASKPKKVGPSVGE,85.28,3271.7515,33,0.2,818.9417,17.16,0,2,3696,EAM0039_S0F3T_V8NaPho_2-E7_01_4521.d,0,0,XP_013130399.2:XP_019210165.1:XP_019210164.1,Sodium adduct,E2:Sodium adduct:194.66;E3:Sodium adduct:198.87,PEAKS PTM
MS(-18.01)EEAPAPAPAPAKAAK(+57.02)KKTTASKPKKVGPSVGE,84.98,3397.8391,34,0.1,850.4634,16.73,1.0086E6,2,3451,EAM0039_S0F3T_V8NaPho_2-E7_01_4521.d,1,1,XP_013130399.2:XP_019210165.1:XP_019210164.1,Dehydration; Carbamidomethylation (DHKE  X@N-term),S2:Dehydration:100.77;K17:Carbamidomethylation (DHKE  X@N-term):12.33,PEAKS PTM
R(+27.99)(+.98)K(+28.03)GVSLAALKKALAAGGYDVE,83.19,2173.2107,21,-5.8,544.3044,45.83,9.4004E5,2,15082,EAM0039_S0F3T_V8NaPho_2-E7_01_4521.d,1,1,XP_003459589.1,Formylation; Citrullination; Dimethylation(KR),R1:Formylation:29.63;R1:Citrullination:1000.00;K2:Dimethylation(KR):31.91,PEAKS PTM
GTKAVTKYTSSK,83.18,1269.6929,12,-4.6,424.2344,15.90,6.5115E5,2,3157,EAM0039_S0F3T_V8NaPho_2-E7_01_4521.d,2,2,XP_003451196.1:XP_003438147.1,,,PEAKS DB
V(+43.01)QT(-18.01)AVR(+31.99)LLLPGELAKHAVSE,82.47,2187.2012,20,0.5,730.0714,68.86,3.0104E6,2,23629,EAM0039_S0F3T_V8NaPho_2-E7_01_4521.d,3,3,XP_003438147.1,Carbamylation; Dehydration; Dihydroxy,V1:Carbamylation:157.01;T3:Dehydration:208.80;R6:Dihydroxy:82.63,PEAKS PTM
S(+86.00)E(+37.95)EAPAPAPAPAKAAKKKTTASKPKKVGPSVGE,81.97,3351.7349,33,-1.7,671.3501,18.05,0,2,4119,EAM0039_S0F3T_V8NaPho_2-E7_01_4521.d,0,0,XP_013130399.2:XP_019210165.1:XP_019210164.1,Malonylation; Replacement of 2 protons by calcium,S1:Malonylation:158.87;E2:Replacement of 2 protons by calcium:17.01,PEAKS PTM
L(+43.01)IVKAVAASKE,81.89,1170.6971,11,-5.8,391.2357,46.31,3.0185E5,2,15269,EAM0039_S0F3T_V8NaPho_2-E7_01_4521.d,2,2,XP_013130399.2:XP_019210165.1:XP_019210164.1:XP_019209840.1:XP_019209843.1:XP_019209837.1:XP_019209844.1,Carbamylation,L1:Carbamylation:47.36,PEAKS PTM
SEEAPAPAPAPAK(+18.04)AT(+79.97)KKKTTASKPKKVGPSVGE,81.56,3355.8022,33,9.4,839.9620,16.39,0,2,3341,EAM0039_S0F3T_V8NaPho_2-E7_01_4521.d,0,0,XP_019209843.1:XP_019209837.1,monomethylation; Phosphorylation (STY),K13:monomethylation:6.63;T15:Phosphorylation (STY):49.79,PEAKS PTM
E(+226.08)(+53.92)APAPAPAPAKAAKKKTTASKPKKVGPSVGE,78.94,3291.7100,31,5.4,823.9355,17.20,7.1787E4,2,3704,EAM0039_S0F3T_V8NaPho_2-E7_01_4521.d,1,1,XP_013130399.2:XP_019210165.1:XP_019210164.1,Biotinylation; Replacement of 2 protons by iron,E1:Biotinylation:64.63;E1:Replacement of 2 protons by iron:131.29,PEAKS PTM
PEPAKSAPKKGSKKAVTKTAGKGGKKKRKTRKE,76.24,3505.1055,33,-6.4,501.7312,14.09,2.2546E6,2,2638,EAM0039_S0F3T_V8NaPho_2-E7_01_4521.d,1,1,XP_003451196.1,,,PEAKS DB
LLIRKLPFQRLVRE,76.11,1780.1199,14,-5.4,446.0328,38.37,3.4438E7,2,12021,EAM0039_S0F3T_V8NaPho_2-E7_01_4521.d,4,4,XP_005463512.2,,,PEAKS DB
RKGVSLAALKKALAAGGYDVE,73.42,2116.2004,21,-5.7,424.2431,44.55,6.7057E4,2,14599,EAM0039_S0F3T_V8NaPho_2-E7_01_4521.d,1,1,XP_003459589.1,,,PEAKS DB
VAPAAAPAPATE,73.06,1064.5502,12,-8.7,533.2753,22.73,2.5918E6,2,5968,EAM0039_S0F3T_V8NaPho_2-E7_01_4521.d,1,1,XP_003448795.2,,,PEAKS DB
GT(+114.04)KAVTKYTSSK,72.19,1383.7357,12,-6.2,462.2476,17.30,4.4458E5,2,3743,EAM0039_S0F3T_V8NaPho_2-E7_01_4521.d,1,1,XP_003451196.1:XP_003438147.1,Ubiquitin,T2:Ubiquitin:33.98,PEAKS PTM
E(+226.08)AP(+31.99)APAPAPAKAAKKKTTASKPKKVGPSVGE,71.51,3269.7805,31,-9.8,818.4407,17.20,6.4671E6,2,3676,EAM0039_S0F3T_V8NaPho_2-E7_01_4521.d,2,2,XP_013130399.2:XP_019210165.1:XP_019210164.1,Biotinylation; Dihydroxy,E1:Biotinylation:91.60;P3:Dihydroxy:67.96,PEAKS PTM
V(+57.02)APAAAPAPATE,71.00,1121.5717,12,-9.8,561.7851,23.53,2.2231E5,2,6309,EAM0039_S0F3T_V8NaPho_2-E7_01_4521.d,1,1,XP_003448795.2,Carbamidomethylation (DHKE  X@N-term),V1:Carbamidomethylation (DHKE  X@N-term):108.98,PEAKS PTM
L(+57.02)LIRKLPFQRLVRE,70.99,1837.1414,14,-8.4,460.2867,41.43,5.0804E6,2,13559,EAM0039_S0F3T_V8NaPho_2-E7_01_4521.d,2,2,XP_005463512.2,Carbamidomethylation (DHKE  X@N-term),L1:Carbamidomethylation (DHKE  X@N-term):67.69,PEAKS PTM
SEEAPAPAPAPAKAT(+79.97)K(+18.04)KKTTASKPKKVGPSVGE,70.77,3355.8022,33,6.6,839.9596,9.70,2.4846E5,2,1617,EAM0039_S0F3T_V8NaPho_2-E7_01_4521.d,1,1,XP_019209843.1:XP_019209837.1,Phosphorylation (STY); monomethylation,T15:Phosphorylation (STY):28.70;K16:monomethylation:12.33,PEAKS PTM
VQT(-18.01)AVR(+31.99)LLLPGELAK(+43.01)HAVSE,69.40,2187.2012,20,0.3,730.0713,56.90,2.0092E5,2,19304,EAM0039_S0F3T_V8NaPho_2-E7_01_4521.d,1,1,XP_003438147.1,Dehydration; Dihydroxy; Carbamylation,T3:Dehydration:90.71;R6:Dihydroxy:61.69;K15:Carbamylation:40.59,PEAKS PTM
V(+57.02)QT(-18.01)AVR(+31.99)LLLPGELAKHAVSE,69.08,2201.2168,20,-0.3,734.7427,50.84,2.9328E6,2,17011,EAM0039_S0F3T_V8NaPho_2-E7_01_4521.d,3,3,XP_003438147.1,Carbamidomethylation (DHKE  X@N-term); Dehydration; Dihydroxy,V1:Carbamidomethylation (DHKE  X@N-term):49.96;T3:Dehydration:205.62;R6:Dihydroxy:67.69,PEAKS PTM
LAK(+27.99)HAVSE,68.00,881.4606,8,-5.9,441.7330,17.48,1.2872E5,2,3837,EAM0039_S0F3T_V8NaPho_2-E7_01_4521.d,1,1,XP_003451196.1:XP_003438147.1,Formylation,K3:Formylation:20.41,PEAKS PTM
SYAIYVYKVLKQVHPD,67.94,1922.0302,16,-9.9,481.5079,53.37,2.9638E5,2,17948,EAM0039_S0F3T_V8NaPho_2-E7_01_4521.d,1,1,XP_003451196.1,,,PEAKS PTM
RK(+43.01)GVSLAALKKALAAGGYD(+37.95)VE,67.92,2197.1531,21,-7.8,550.2888,51.26,9.0215E4,2,17164,EAM0039_S0F3T_V8NaPho_2-E7_01_4521.d,1,1,XP_003459589.1,Carbamylation; Replacement of 2 protons by calcium,K2:Carbamylation:0.00;D19:Replacement of 2 protons by calcium:9.40,PEAKS PTM
RK(+43.01)GVSLAALKKALAAGGYD(+53.92)VE,67.32,2213.1255,21,3.2,554.2880,51.20,0,2,17177,EAM0039_S0F3T_V8NaPho_2-E7_01_4521.d,0,0,XP_003459589.1,Carbamylation; Replacement of 2 protons by iron,K2:Carbamylation:0.00;D19:Replacement of 2 protons by iron:24.24,PEAKS PTM
S(-18.01)E(+61.92)EAPAPAPAPAKAAKKKKTTASKPKKVGPSVGE,66.41,3399.7937,34,8.5,680.9688,16.67,0,2,3458,EAM0039_S0F3T_V8NaPho_2-E7_01_4521.d,0,0,XP_019209840.1,Dehydration; Replacement of proton by copper,S1:Dehydration:168.27;E2:Replacement of proton by copper:0.00,PEAKS PTM
IQTAVRLLLPGE(+21.98),64.75,1330.7584,12,-9.2,444.5874,52.92,6.5693E5,2,17771,EAM0039_S0F3T_V8NaPho_2-E7_01_4521.d,1,1,XP_003451196.1,Sodium adduct,E12:Sodium adduct:1000.00,PEAKS PTM
RVGAGAPVYLAAVLE(+53.92),64.63,1538.7544,15,-7.0,385.6915,58.93,1.3248E5,2,20042,EAM0039_S0F3T_V8NaPho_2-E7_01_4521.d,1,1,XP_003448939.1:XP_013121737.2:XP_003459572.1:XP_003451211.1,Replacement of 2 protons by iron,E15:Replacement of 2 protons by iron:1000.00,PEAKS PTM
L(+43.01)AKHAVSE,63.71,896.4716,8,-6.4,449.2382,19.88,5.1925E6,2,4842,EAM0039_S0F3T_V8NaPho_2-E7_01_4521.d,1,1,XP_003451196.1:XP_003438147.1,Carbamylation,L1:Carbamylation:20.41,PEAKS PTM
SEEAPAPAPAPAK(+57.02)AAK(+71.01)KKTTASKPKKVGPSVGE,62.88,3355.8225,33,-1.3,1119.6083,9.70,1.1712E5,2,1600,EAM0039_S0F3T_V8NaPho_2-E7_01_4521.d,1,1,XP_013130399.2:XP_019210165.1:XP_019210164.1,Carbamidomethylation (DHKE  X@N-term); Lactylation,K13:Carbamidomethylation (DHKE  X@N-term):4.52;K16:Lactylation:4.52,PEAKS PTM
IQTAVRLLLPGE,62.54,1308.7765,12,-8.8,437.2603,52.92,1.1005E6,2,17784,EAM0039_S0F3T_V8NaPho_2-E7_01_4521.d,1,1,XP_003451196.1,,,PEAKS DB
VQT(-18.01)AVR(+31.99)LLLPGELAKH(+57.02)AVSE,62.47,2201.2168,20,-0.7,734.7424,48.11,1.7455E6,2,15938,EAM0039_S0F3T_V8NaPho_2-E7_01_4521.d,5,5,XP_003438147.1,Dehydration; Dihydroxy; Carbamidomethylation (DHKE  X@N-term),T3:Dehydration:150.57;R6:Dihydroxy:77.13;H16:Carbamidomethylation (DHKE  X@N-term):17.01,PEAKS PTM
ASRLAH(+57.02)YNKRSTITSRE,62.12,2046.0719,17,-4.4,410.2180,9.70,2.866E5,2,1596,EAM0039_S0F3T_V8NaPho_2-E7_01_4521.d,2,2,XP_003451196.1,Carbamidomethylation (DHKE  X@N-term),H6:Carbamidomethylation (DHKE  X@N-term):20.75,PEAKS PTM
MS(-18.01)EEAPAPAPAPAK(+57.02)AAKKKTTASKPKKVGPSVGE,61.61,3397.8391,34,-3.5,1133.6113,16.74,2.4046E6,2,3490,EAM0039_S0F3T_V8NaPho_2-E7_01_4521.d,2,2,XP_013130399.2:XP_019210165.1:XP_019210164.1,Dehydration; Carbamidomethylation (DHKE  X@N-term),S2:Dehydration:100.77;K14:Carbamidomethylation (DHKE  X@N-term):22.45,PEAKS PTM
GTK(+43.01)AVTKYTSSK,61.52,1312.6986,12,-5.4,438.5692,17.59,7.3437E6,2,4127,EAM0039_S0F3T_V8NaPho_2-E7_01_4521.d,2,2,XP_003451196.1:XP_003438147.1,Carbamylation,K3:Carbamylation:5.99,PEAKS PTM
IAQDFKTD,61.31,936.4552,8,-6.8,469.2296,20.23,2.9077E6,2,5030,EAM0039_S0F3T_V8NaPho_2-E7_01_4521.d,1,1,XP_005463512.2,,,PEAKS DB
S(+43.01)EEAPAPAPAPAKAAKKKTTASKPKKVGPSVGE,59.62,3270.7935,33,-8.7,655.1573,17.09,0,2,3658,EAM0039_S0F3T_V8NaPho_2-E7_01_4521.d,0,0,XP_013130399.2:XP_019210165.1:XP_019210164.1,Carbamylation,S1:Carbamylation:122.63,PEAKS PTM
T(+57.02)RGVLKVFLE,58.70,1217.7131,10,-6.6,406.9072,43.13,7.8295E5,2,14013,EAM0039_S0F3T_V8NaPho_2-E7_01_4521.d,1,1,XP_025766521.1,Carbamidomethylation (DHKE  X@N-term),T1:Carbamidomethylation (DHKE  X@N-term):51.34,PEAKS PTM
LAK(+43.01)HAVSE,58.64,896.4716,8,-6.2,449.2383,17.27,1.3968E5,2,3717,EAM0039_S0F3T_V8NaPho_2-E7_01_4521.d,1,1,XP_003451196.1:XP_003438147.1,Carbamylation,K3:Carbamylation:8.64,PEAKS PTM
R(+43.01)VGAGAPVYLAAVLE(+53.92),58.54,1581.7601,15,-9.1,528.2535,69.22,0,2,23849,EAM0039_S0F3T_V8NaPho_2-E7_01_4521.d,0,0,XP_003448939.1:XP_013121737.2:XP_003459572.1:XP_003451211.1,Carbamylation; Replacement of 2 protons by iron,R1:Carbamylation:1000.00;E15:Replacement of 2 protons by iron:1000.00,PEAKS PTM
LIVK(+57.02)AVAASKE,58.42,1184.7128,11,-2.3,395.9089,19.33,2.4565E5,2,4598,EAM0039_S0F3T_V8NaPho_2-E7_01_4521.d,1,1,XP_013130399.2:XP_019210165.1:XP_019210164.1:XP_019209840.1:XP_019209843.1:XP_019209837.1:XP_019209844.1,Carbamidomethylation (DHKE  X@N-term),K4:Carbamidomethylation (DHKE  X@N-term):0.00,PEAKS PTM
L(+27.99)LIRKLPFQRLVRE,58.24,1808.1147,14,-8.5,453.0301,53.72,2.1743E5,2,18067,EAM0039_S0F3T_V8NaPho_2-E7_01_4521.d,1,1,XP_005463512.2,Formylation,L1:Formylation:20.17,PEAKS PTM
LIVKAVKE,57.95,898.5851,8,-6.6,450.2949,18.21,1.4982E6,2,4171,EAM0039_S0F3T_V8NaPho_2-E7_01_4521.d,1,1,XP_003448795.2,,,PEAKS DB
N(+27.99)K(+71.01)K(+15.99)TRIIPRHLQLAVRNDEE,57.79,2544.3645,20,1.0,509.8784,22.04,4.1058E5,2,5708,EAM0039_S0F3T_V8NaPho_2-E7_01_4521.d,1,1,XP_003448939.1:XP_013121737.2:XP_003459572.1:XP_003451211.1,Formylation; Lactylation; Oxidation or Hydroxylation,N1:Formylation:7.32;K2:Lactylation:10.11;K3:Oxidation or Hydroxylation:0.00,PEAKS PTM
S(+114.04)EEAPAPAPAPAKAAK(+57.02)KKTTASKPKKVGPSVGE,57.63,3398.8521,33,-4.0,850.7131,16.70,0,2,3473,EAM0039_S0F3T_V8NaPho_2-E7_01_4521.d,0,0,XP_013130399.2:XP_019210165.1:XP_019210164.1,Ubiquitin; Carbamidomethylation (DHKE  X@N-term),S1:Ubiquitin:40.04;K16:Carbamidomethylation (DHKE  X@N-term):11.27,PEAKS PTM
L(+43.01)LIRKLPFQRLVRE,56.81,1823.1257,14,-9.3,456.7824,54.03,1.2422E7,2,18232,EAM0039_S0F3T_V8NaPho_2-E7_01_4521.d,1,1,XP_005463512.2,Carbamylation,L1:Carbamylation:77.13,PEAKS PTM
L(+57.02)IVKAVAASKE,54.78,1184.7128,11,-2.3,395.9089,19.33,2.4565E5,2,4825,EAM0039_S0F3T_V8NaPho_2-E7_01_4521.d,1,1,XP_013130399.2:XP_019210165.1:XP_019210164.1:XP_019209840.1:XP_019209843.1:XP_019209837.1:XP_019209844.1,Carbamidomethylation (DHKE  X@N-term),L1:Carbamidomethylation (DHKE  X@N-term):12.33,PEAKS PTM
GTK(+43.01)AVTKYTSSK(+57.02),54.47,1369.7201,12,-6.2,457.5757,17.62,1.6902E5,2,3898,EAM0039_S0F3T_V8NaPho_2-E7_01_4521.d,1,1,XP_003451196.1:XP_003438147.1,Carbamylation; Carbamidomethylation (DHKE  X@N-term),K3:Carbamylation:0.00;K12:Carbamidomethylation (DHKE  X@N-term):49.68,PEAKS PTM
TRGVLKVFLE,54.43,1160.6917,10,-6.4,387.9003,40.11,4.781E6,2,12840,EAM0039_S0F3T_V8NaPho_2-E7_01_4521.d,1,1,XP_025766521.1,,,PEAKS DB
GTK(+57.02)AVTKYTSSK,54.18,1326.7144,12,-5.5,443.2410,9.43,2.5845E5,2,1384,EAM0039_S0F3T_V8NaPho_2-E7_01_4521.d,1,1,XP_003451196.1:XP_003438147.1,Carbamidomethylation (DHKE  X@N-term),K3:Carbamidomethylation (DHKE  X@N-term):8.18,PEAKS PTM
LVARGYDVE,53.41,1020.5240,9,-9.3,511.2622,25.10,1.0946E6,2,6856,EAM0039_S0F3T_V8NaPho_2-E7_01_4521.d,1,1,XP_003448795.2,,,PEAKS DB
DTNLC(+57.02)AIHAKRVTIMPKD,53.15,2082.0713,18,-9.6,521.5178,28.89,6.262E5,2,8358,EAM0039_S0F3T_V8NaPho_2-E7_01_4521.d,1,1,XP_005463512.2,Carbamidomethylation,C5:Carbamidomethylation:1000.00,PEAKS PTM
I(+57.02)AQDFKTD,52.36,993.4767,8,-8.0,497.7394,21.34,3.6042E5,2,5440,EAM0039_S0F3T_V8NaPho_2-E7_01_4521.d,1,1,XP_005463512.2,Carbamidomethylation (DHKE  X@N-term),I1:Carbamidomethylation (DHKE  X@N-term):49.37,PEAKS PTM
R(+27.99)(+.98)K(+27.99)GVSLAALKKALAAGGYDVE,51.84,2173.1743,21,6.0,725.3998,45.83,6.9133E5,2,15058,EAM0039_S0F3T_V8NaPho_2-E7_01_4521.d,3,3,XP_003459589.1,Formylation; Citrullination,R1:Formylation:19.29;R1:Citrullination:1000.00;K2:Formylation:21.47,PEAKS PTM
VQT(-18.01)AVR(+31.99)LLLPGELAK(+57.02)HAVSE,51.77,2201.2168,20,-0.7,734.7424,48.11,5.769E5,2,16153,EAM0039_S0F3T_V8NaPho_2-E7_01_4521.d,1,1,XP_003438147.1,Dehydration; Dihydroxy; Carbamidomethylation (DHKE  X@N-term),T3:Dehydration:118.96;R6:Dihydroxy:77.13;K15:Carbamidomethylation (DHKE  X@N-term):17.01,PEAKS PTM
RVGAGAPVYLAAVLE(+37.95),51.54,1522.7820,15,-6.5,381.6986,58.93,8.0419E4,2,20043,EAM0039_S0F3T_V8NaPho_2-E7_01_4521.d,1,1,XP_003448939.1:XP_013121737.2:XP_003459572.1:XP_003451211.1,Replacement of 2 protons by calcium,E15:Replacement of 2 protons by calcium:1000.00,PEAKS PTM
IFERIAAE,51.14,947.5076,8,-8.4,474.7550,31.95,4.9737E5,2,9581,EAM0039_S0F3T_V8NaPho_2-E7_01_4521.d,1,1,XP_003451196.1,,,PEAKS DB
ETRGVLKVFLE,51.06,1289.7343,11,-8.1,430.9133,45.17,2.0671E6,2,15031,EAM0039_S0F3T_V8NaPho_2-E7_01_4521.d,1,1,XP_025766521.1,,,PEAKS DB
G(+43.01)TK(+71.01)AVTKYTSSK,50.53,1383.7119,12,4.0,692.8629,17.30,1.2065E5,2,3750,EAM0039_S0F3T_V8NaPho_2-E7_01_4521.d,1,1,XP_003451196.1:XP_003438147.1,Carbamylation; Lactylation,G1:Carbamylation:62.39;K3:Lactylation:40.19,PEAKS PTM
IAQDFK(+14.02)TD,50.46,950.4709,8,-7.9,476.2368,20.64,5.3549E5,2,5177,EAM0039_S0F3T_V8NaPho_2-E7_01_4521.d,1,1,XP_005463512.2,Methylation(KR),K6:Methylation(KR):1000.00,PEAKS PTM
RKGVSLAALKK(+114.04)ALAAGGYD(+57.02)VE,49.16,2287.2646,21,3.3,572.8228,37.43,1.8239E6,2,11788,EAM0039_S0F3T_V8NaPho_2-E7_01_4521.d,2,2,XP_003459589.1,Ubiquitin; Carbamidomethylation (DHKE  X@N-term),K11:Ubiquitin:26.02;D19:Carbamidomethylation (DHKE  X@N-term):32.28,PEAKS PTM
L(+43.01)AGNAARD,49.02,829.4042,8,-4.5,415.7057,22.39,1.6955E5,2,5889,EAM0039_S0F3T_V8NaPho_2-E7_01_4521.d,1,1,XP_003448939.1:XP_013121737.2:XP_003459572.1:XP_003451211.1,Carbamylation,L1:Carbamylation:1000.00,PEAKS PTM
GTKAVTK(+43.01)YTSSK,48.37,1312.6986,12,-0.5,438.5713,10.05,9.8763E4,2,1784,EAM0039_S0F3T_V8NaPho_2-E7_01_4521.d,1,1,XP_003451196.1:XP_003438147.1,Carbamylation,K7:Carbamylation:23.13,PEAKS PTM
LRFQSSAVMALQE,47.45,1478.7551,13,-9.7,740.3744,68.52,0,2,23511,EAM0039_S0F3T_V8NaPho_2-E7_01_4521.d,0,0,XP_005463512.2,,,PEAKS DB
I(+57.02)QTAVRLLLPGE(+21.98),46.92,1387.7799,12,-9.2,463.5943,55.41,1.0922E5,2,18751,EAM0039_S0F3T_V8NaPho_2-E7_01_4521.d,1,1,XP_003451196.1,Carbamidomethylation (DHKE  X@N-term); Sodium adduct,I1:Carbamidomethylation (DHKE  X@N-term):1000.00;E12:Sodium adduct:1000.00,PEAKS PTM
LNKLLGGVTIAQGGVLPNIQAVLLPKKTE,46.41,2983.7798,29,-3.0,597.7588,65.99,0,2,22636,EAM0039_S0F3T_V8NaPho_2-E7_01_4521.d,0,0,XP_003448939.1:XP_013121737.2:XP_003459572.1:XP_003451211.1,,,PEAKS DB
G(+57.02)T(+79.97)K(+114.04)AVTKYTSSK,46.18,1520.7235,12,-9.6,507.9080,18.91,8.4835E5,2,4427,EAM0039_S0F3T_V8NaPho_2-E7_01_4521.d,1,1,XP_003451196.1:XP_003438147.1,Carbamidomethylation (DHKE  X@N-term); Phosphorylation (STY); Ubiquitin,G1:Carbamidomethylation (DHKE  X@N-term):53.23;T2:Phosphorylation (STY):41.04;K3:Ubiquitin:50.22,PEAKS PTM
V(+27.99)Q(+.98)T(+114.04)AVRLLLPGELAKHAVSE,46.10,2273.2378,20,-0.1,758.7498,53.54,5.9307E5,2,18026,EAM0039_S0F3T_V8NaPho_2-E7_01_4521.d,2,2,XP_003438147.1,Formylation; Deamidation (NQ); Ubiquitin,V1:Formylation:85.03;Q2:Deamidation (NQ):1000.00;T3:Ubiquitin:91.71,PEAKS PTM
LNKLLGGVTIAQGGVLPNIQAVLLPKKTEKPTKS(-18.01)K,46.00,3635.1865,35,-8.8,909.7918,53.79,1.2161E6,2,18056,EAM0039_S0F3T_V8NaPho_2-E7_01_4521.d,1,1,XP_003448939.1,Dehydration,S34:Dehydration:0.00,PEAKS PTM
SEEAPAPAP(+31.99)APAKAAK(+72.02)KKTTVSKPKKVGPSVGE,45.58,3359.8298,33,2.1,840.9628,16.45,4.6544E4,2,3387,EAM0039_S0F3T_V8NaPho_2-E7_01_4521.d,1,1,XP_019209844.1,Dihydroxy; Carboxyethyl,P9:Dihydroxy:0.00;K16:Carboxyethyl:0.00,PEAKS PTM
ASRLAHYNK(+43.01)RSTITSRE,45.49,2032.0562,17,-8.2,509.0149,17.27,1.5168E5,2,3714,EAM0039_S0F3T_V8NaPho_2-E7_01_4521.d,1,1,XP_003451196.1,Carbamylation,K9:Carbamylation:35.35,PEAKS PTM
L(+27.99)AKHAVSE,45.42,881.4606,8,-5.7,441.7331,19.15,2.023E5,2,4549,EAM0039_S0F3T_V8NaPho_2-E7_01_4521.d,1,1,XP_003451196.1:XP_003438147.1,Formylation,L1:Formylation:13.67,PEAKS PTM
LIVKAVAASKE(+21.98),45.32,1149.6733,11,-10.0,575.8356,19.33,1.6819E5,2,4637,EAM0039_S0F3T_V8NaPho_2-E7_01_4521.d,1,1,XP_013130399.2:XP_019210165.1:XP_019210164.1:XP_019209840.1:XP_019209843.1:XP_019209837.1:XP_019209844.1,Sodium adduct,E11:Sodium adduct:1000.00,PEAKS PTM
RKGVSLAALKKALAAGGYD(+53.92)VE,45.13,2170.1196,21,-6.2,435.0266,44.61,0,2,14640,EAM0039_S0F3T_V8NaPho_2-E7_01_4521.d,0,0,XP_003459589.1,Replacement of 2 protons by iron,D19:Replacement of 2 protons by iron:5.03,PEAKS PTM
IAQ(+.98)DFK(+42.01)TDLRFQSSAVMALQE,45.05,2440.1943,21,-9.6,814.3939,68.79,0,2,23632,EAM0039_S0F3T_V8NaPho_2-E7_01_4521.d,0,0,XP_005463512.2,Deamidation (NQ); Acetylation (K),Q3:Deamidation (NQ):23.78;K6:Acetylation (K):1000.00,PEAKS PTM
LIVKAVK(+42.01)ESKE(-.98),45.02,1283.7812,11,-2.2,642.8936,17.23,1.5935E4,2,3729,EAM0039_S0F3T_V8NaPho_2-E7_01_4521.d,1,1,XP_003448795.2,Acetylation (K); Amidation,K7:Acetylation (K):0.00;E11:Amidation:1000.00,PEAKS PTM
A(+57.02)YLVGLFE,44.35,967.5015,8,-9.6,484.7512,69.21,2.0001E5,2,23806,EAM0039_S0F3T_V8NaPho_2-E7_01_4521.d,1,1,XP_005463512.2,Carbamidomethylation (DHKE  X@N-term),A1:Carbamidomethylation (DHKE  X@N-term):47.00,PEAKS PTM
LIVK(+31.99)AVAASKE,43.48,1159.6812,11,-3.7,387.5645,19.36,4.0365E4,2,4640,EAM0039_S0F3T_V8NaPho_2-E7_01_4521.d,1,1,XP_013130399.2:XP_019210165.1:XP_019210164.1:XP_019209840.1:XP_019209843.1:XP_019209837.1:XP_019209844.1,Dihydroxy,K4:Dihydroxy:55.13,PEAKS PTM
RSGVSAAALKK(+226.08)ALAAGGYDVD,43.02,2245.1523,21,2.7,562.2944,47.34,0,2,15685,EAM0039_S0F3T_V8NaPho_2-E7_01_4521.d,0,0,XP_013130399.2:XP_019210165.1:XP_019210164.1:XP_019209840.1:XP_019209843.1:XP_019209837.1:XP_019209844.1,Biotinylation,K11:Biotinylation:8.69,PEAKS PTM
R(+43.01)(+31.99)VGAGAPVY(-18.01)LAAVLE,43.02,1541.8202,15,6.7,771.9191,59.88,1.8054E6,2,20580,EAM0039_S0F3T_V8NaPho_2-E7_01_4521.d,1,1,XP_003448939.1:XP_013121737.2:XP_003459572.1:XP_003451211.1,Carbamylation; Dihydroxy; Dehydration,R1:Carbamylation:1000.00;R1:Dihydroxy:23.13;Y9:Dehydration:1000.00,PEAKS PTM
I(+57.02)QTAVRLLLPGE,42.56,1365.7980,12,-8.0,456.2676,55.41,1.6568E5,2,18734,EAM0039_S0F3T_V8NaPho_2-E7_01_4521.d,1,1,XP_003451196.1,Carbamidomethylation (DHKE  X@N-term),I1:Carbamidomethylation (DHKE  X@N-term):63.28,PEAKS PTM
TRGVLKVF(+31.99)LE,42.51,1192.6815,10,-6.0,398.5636,40.11,6.6602E4,2,12834,EAM0039_S0F3T_V8NaPho_2-E7_01_4521.d,1,1,XP_025766521.1,Dihydroxy,F8:Dihydroxy:26.31,PEAKS PTM
V(+27.99)QT(-18.01)AVR(+31.99)LLLPGELAKHAVSE,42.42,2172.1902,20,2.2,725.0690,68.40,7.5608E4,2,23460,EAM0039_S0F3T_V8NaPho_2-E7_01_4521.d,1,1,XP_003438147.1,Formylation; Dehydration; Dihydroxy,V1:Formylation:65.04;T3:Dehydration:90.71;R6:Dihydroxy:82.63,PEAKS PTM
L(+57.02)IVKAVKE,42.08,955.6066,8,-7.1,478.8051,19.22,1.62E5,2,4597,EAM0039_S0F3T_V8NaPho_2-E7_01_4521.d,1,1,XP_003448795.2,Carbamidomethylation (DHKE  X@N-term),L1:Carbamidomethylation (DHKE  X@N-term):68.47,PEAKS PTM
L(+43.01)IVKAVKE,42.06,941.5909,8,-8.8,471.7965,37.81,1.9879E6,2,11901,EAM0039_S0F3T_V8NaPho_2-E7_01_4521.d,1,1,XP_003448795.2,Carbamylation,L1:Carbamylation:62.26,PEAKS PTM
LNKLLGGVTIAQGGVLPNIQAVLLPKKT(-18.01)E(+21.98)KPVKAK,41.29,3639.1943,35,-4.9,728.8394,53.79,0,2,18169,EAM0039_S0F3T_V8NaPho_2-E7_01_4521.d,0,0,XP_003451211.1,Dehydration; Sodium adduct,T28:Dehydration:43.28;E29:Sodium adduct:5.30,PEAKS PTM
IATYRKLLE,40.40,1105.6495,9,-4.0,369.5540,27.45,8.4227E4,2,7789,EAM0039_S0F3T_V8NaPho_2-E7_01_4521.d,1,1,|#CONTAM#32567786|ref|NP_787028.1|:|#CONTAM#372466577|ref|NP_001243222.1|:|#CONTAM#4504919|ref|NP_002264.1|:|#CONTAM#372466572|ref|NP_001243211.1|:|#CONTAM#47132620|ref|NP_000414.2|:|#CONTAM#1034577753|ref|XP_016874238.1|:|#CONTAM#15618995|ref|NP_258259.1|:|#CONTAM#119703753|ref|NP_005546.2|:|#CONTAM#5031839|ref|NP_005545.1|:|#CONTAM#155969697|ref|NP_775109.2|:|#CONTAM#767974195|ref|XP_011536627.1|:|#CONTAM#67782365|ref|NP_005547.3|:|#CONTAM#1034579496|ref|XP_016874783.1|:|#CONTAM#153791670|ref|NP_056932.2|:|#CONTAM#109148552|ref|NP_476429.2|:|#CONTAM#153791158|ref|NP_004684.2|:|#CONTAM#119395754|ref|NP_000415.2|:|#CONTAM#767974019|ref|XP_011536559.1|:|#CONTAM#28173564|ref|NP_778238.1|:|#CONTAM#331999954|ref|NP_002263.3|:|#CONTAM#148612803|ref|NP_778223.2|:|#CONTAM#1034578055|ref|XP_016874325.1|:|#CONTAM#1034578051|ref|XP_016874323.1|:|#CONTAM#226246665|ref|NP_001139698.1|:|#CONTAM#28372503|ref|NP_542785.1|:|#CONTAM#226246663|ref|NP_001139697.1|:|#CONTAM#1034578049|ref|XP_016874322.1|:|#CONTAM#1034578057|ref|XP_016874326.1|:|#CONTAM#1034578053|ref|XP_016874324.1|,,,PEAKS DB
LRFQSSAVMALQ(+.98)E,40.23,1479.7391,13,-2.5,740.8717,49.35,4.0322E5,2,16460,EAM0039_S0F3T_V8NaPho_2-E7_01_4521.d,1,1,XP_005463512.2,Deamidation (NQ),Q12:Deamidation (NQ):30.61,PEAKS PTM
A(+43.01)SRLAH(+57.02)YNKRSTITSRE,40.01,2089.0776,17,-4.3,418.8191,18.11,1.3725E5,2,4037,EAM0039_S0F3T_V8NaPho_2-E7_01_4521.d,1,1,XP_003451196.1,Carbamylation; Carbamidomethylation (DHKE  X@N-term),A1:Carbamylation:19.61;H6:Carbamidomethylation (DHKE  X@N-term):16.65,PEAKS PTM
IQ(+.98)TAVR(+.98)LLLPGELAKHAVSE,39.76,2146.1997,20,1.2,716.4048,48.49,0,2,16125,EAM0039_S0F3T_V8NaPho_2-E7_01_4521.d,0,0,XP_003451196.1,Deamidation (NQ); Citrullination,Q2:Deamidation (NQ):1000.00;R6:Citrullination:1000.00,PEAKS PTM
TRGVLK(+57.02)VFLE,39.51,1217.7131,10,-4.7,406.9079,40.25,8.0052E4,2,12948,EAM0039_S0F3T_V8NaPho_2-E7_01_4521.d,1,1,XP_025766521.1,Carbamidomethylation (DHKE  X@N-term),K6:Carbamidomethylation (DHKE  X@N-term):23.26,PEAKS PTM
VQT(-18.01)AVR(+31.99)LLLPGELAK(+27.99)HAVSE,39.34,2172.1902,20,0.9,725.0681,57.32,1.3173E5,2,19432,EAM0039_S0F3T_V8NaPho_2-E7_01_4521.d,1,1,XP_003438147.1,Dehydration; Dihydroxy; Formylation,T3:Dehydration:76.76;R6:Dihydroxy:42.89;K15:Formylation:51.46,PEAKS PTM
VAPAAAPAPATE(+21.98),37.78,1086.5321,12,-9.5,544.2657,22.73,7.3975E5,2,5983,EAM0039_S0F3T_V8NaPho_2-E7_01_4521.d,1,1,XP_003448795.2,Sodium adduct,E12:Sodium adduct:1000.00,PEAKS PTM
YLTAEVLE,37.47,936.4804,8,-9.1,469.2411,48.46,5.8214E4,2,16064,EAM0039_S0F3T_V8NaPho_2-E7_01_4521.d,1,1,XP_003458968.1:XP_005464230.1,,,PEAKS DB
IAQDFKTDLRFQ(+.98)SSAVMALQ(+.98)E,37.31,2399.1677,21,-0.5,800.7259,72.69,0,2,25128,EAM0039_S0F3T_V8NaPho_2-E7_01_4521.d,0,0,XP_005463512.2,Deamidation (NQ),Q12:Deamidation (NQ):69.99;Q20:Deamidation (NQ):78.95,PEAKS PTM
LKQMLAAGGYDVAKNNRRVNIE,37.06,2459.3066,22,-5.9,492.8635,30.33,3.8803E4,2,8975,EAM0039_S0F3T_V8NaPho_2-E7_01_4521.d,1,1,XP_003450682.1,,,PEAKS DB
AYLVGLFE,36.44,910.4800,8,-9.4,456.2409,69.00,2.8127E5,2,23700,EAM0039_S0F3T_V8NaPho_2-E7_01_4521.d,1,1,XP_005463512.2,,,PEAKS DB
RKGVSLAALK(+57.02)K(+114.04)ALAAGGYDVE,36.04,2287.2646,21,7.2,458.4615,37.43,5.4945E5,2,11986,EAM0039_S0F3T_V8NaPho_2-E7_01_4521.d,1,1,XP_003459589.1,Carbamidomethylation (DHKE  X@N-term); Ubiquitin,K10:Carbamidomethylation (DHKE  X@N-term):21.94;K11:Ubiquitin:21.94,PEAKS PTM
A(+57.02)SRLAHYN(+.98)KRSTITSRE,36.03,2047.0559,17,-7.6,512.7651,16.77,2.2111E4,2,3535,EAM0039_S0F3T_V8NaPho_2-E7_01_4521.d,1,1,XP_003451196.1,Carbamidomethylation (DHKE  X@N-term); Deamidation (NQ),A1:Carbamidomethylation (DHKE  X@N-term):10.19;N8:Deamidation (NQ):1000.00,PEAKS PTM
T(+57.02)R(+.98)GVLKVFLE,35.88,1218.6971,10,-6.6,407.2352,50.70,2.62E5,2,16944,EAM0039_S0F3T_V8NaPho_2-E7_01_4521.d,1,1,XP_025766521.1,Carbamidomethylation (DHKE  X@N-term); Citrullination,T1:Carbamidomethylation (DHKE  X@N-term):46.87;R2:Citrullination:1000.00,PEAKS PTM
YLTAEILE,35.58,950.4960,8,-9.9,476.2485,54.06,2.066E5,2,18219,EAM0039_S0F3T_V8NaPho_2-E7_01_4521.d,1,1,XP_003448939.1:XP_013121737.2:XP_003459572.1:XP_003451211.1,,,PEAKS DB
E(+61.92)APAPAPAPAK(+43.01)AAKKKKTTASKPKKVGPSVGE,35.33,3244.7356,32,-0.8,812.1869,17.51,0,2,3872,EAM0039_S0F3T_V8NaPho_2-E7_01_4521.d,0,0,XP_019209840.1,Replacement of proton by copper; Carbamylation,E1:Replacement of proton by copper:74.86;K11:Carbamylation:5.77,PEAKS PTM
R(+27.99)(+.98)KGLSLAAIKKD,35.21,1327.7823,12,3.4,443.6009,18.35,2.3682E5,2,4225,EAM0039_S0F3T_V8NaPho_2-E7_01_4521.d,1,1,XP_003448795.2,Formylation; Citrullination,R1:Formylation:11.06;R1:Citrullination:1000.00,PEAKS PTM
LLIRKLPFQR(+.98)LVRE,34.74,1781.1039,14,-5.1,446.2790,41.92,0,2,13585,EAM0039_S0F3T_V8NaPho_2-E7_01_4521.d,0,0,XP_005463512.2,Citrullination,R10:Citrullination:0.00,PEAKS PTM
LLIR(+31.99)KLPFQRLVRE,34.72,1812.1097,14,-5.1,363.4258,38.46,7.4534E5,2,12149,EAM0039_S0F3T_V8NaPho_2-E7_01_4521.d,2,2,XP_005463512.2,Dihydroxy,R4:Dihydroxy:34.76,PEAKS PTM
I(+43.01)RRYQKSTE,34.67,1222.6418,9,-5.3,408.5506,16.95,2.1138E6,2,3573,EAM0039_S0F3T_V8NaPho_2-E7_01_4521.d,1,1,XP_005463512.2,Carbamylation,I1:Carbamylation:38.32,PEAKS PTM
N(+27.99)(+.98)VIR(+14.02)DAVTYTE,34.62,1322.6354,11,-6.2,662.3179,53.92,8.2066E6,2,18120,EAM0039_S0F3T_V8NaPho_2-E7_01_4521.d,1,1,XP_025766521.1,Formylation; Deamidation (NQ); Methylation(KR),N1:Formylation:1000.00;N1:Deamidation (NQ):1000.00;R4:Methylation(KR):1000.00,PEAKS PTM
IAQDFKT(-18.01)DLRF(+31.99)QSSAVMALQE,34.11,2411.1790,21,-1.2,804.7290,70.29,3.2008E6,2,24012,EAM0039_S0F3T_V8NaPho_2-E7_01_4521.d,1,1,XP_005463512.2,Dehydration; Dihydroxy,T7:Dehydration:0.00;F11:Dihydroxy:0.00,PEAKS PTM
AK(+14.02)NMAAAALAMAASATKE(+37.95)KSAPVAE,33.99,2454.1924,25,-4.8,614.5497,47.90,2.4462E5,2,15984,EAM0039_S0F3T_V8NaPho_2-E7_01_4521.d,1,1,#DECOY#XP_013130399.2,Methylation(KR); Replacement of 2 protons by calcium,K2:Methylation(KR):20.24;E18:Replacement of 2 protons by calcium:15.21,PEAKS PTM
N(+27.99)(+.98)VIR(+28.03)DAVTYTE,33.75,1336.6510,11,-6.0,669.3258,42.67,2.5727E6,2,13803,EAM0039_S0F3T_V8NaPho_2-E7_01_4521.d,1,1,XP_025766521.1,Formylation; Deamidation (NQ); Dimethylation(KR),N1:Formylation:1000.00;N1:Deamidation (NQ):1000.00;R4:Dimethylation(KR):1000.00,PEAKS PTM
LAGNAARDNK(+226.08)KTRIIP(+31.99)RHLQLAVRND,33.73,3197.7314,26,-7.5,640.5459,21.07,1.0399E7,2,5560,EAM0039_S0F3T_V8NaPho_2-E7_01_4521.d,1,1,XP_003448939.1:XP_013121737.2:XP_003459572.1:XP_003451211.1,Biotinylation; Dihydroxy,K10:Biotinylation:0.00;P16:Dihydroxy:0.00,PEAKS PTM
E(+57.02)TRGVLKVFLE,33.27,1346.7557,11,-9.5,449.9196,46.86,1.7475E5,2,15442,EAM0039_S0F3T_V8NaPho_2-E7_01_4521.d,1,1,XP_025766521.1,Carbamidomethylation (DHKE  X@N-term),E1:Carbamidomethylation (DHKE  X@N-term):30.85,PEAKS PTM
LLIR(+.98)K(+42.01)LPFQRLVRE,32.79,1823.1145,14,-4.0,456.7820,49.06,5.1433E5,2,16253,EAM0039_S0F3T_V8NaPho_2-E7_01_4521.d,1,1,XP_005463512.2,Citrullination; Acetylation (K),R4:Citrullination:27.42;K5:Acetylation (K):1000.00,PEAKS PTM
LAK(+28.03)H(+61.92)AVS(+79.97)EGTKAVTKYTSSK,31.86,2275.0674,20,6.1,456.0215,18.12,0,2,4146,EAM0039_S0F3T_V8NaPho_2-E7_01_4521.d,0,0,XP_003451196.1:XP_003438147.1,Dimethylation(KR); Replacement of proton by copper; Phosphorylation (STY),K3:Dimethylation(KR):13.99;H4:Replacement of proton by copper:0.00;S7:Phosphorylation (STY):9.42,PEAKS PTM
ETRGVLKVF(+31.99)LE,31.85,1321.7241,11,-9.0,441.5760,45.12,0,2,14841,EAM0039_S0F3T_V8NaPho_2-E7_01_4521.d,0,0,XP_025766521.1,Dihydroxy,F9:Dihydroxy:18.53,PEAKS PTM
IQTAVRLLLPGE(+37.95),31.60,1346.7234,12,-8.9,449.9091,52.92,2.7311E5,2,17801,EAM0039_S0F3T_V8NaPho_2-E7_01_4521.d,1,1,XP_003451196.1,Replacement of 2 protons by calcium,E12:Replacement of 2 protons by calcium:1000.00,PEAKS PTM
L(+27.99)R(+14.02)FQ(+.98)SSAVMALQE,31.47,1521.7498,13,-8.5,761.8723,63.27,8.2741E5,2,21545,EAM0039_S0F3T_V8NaPho_2-E7_01_4521.d,1,1,XP_005463512.2,Formylation; Methylation(KR); Deamidation (NQ),L1:Formylation:1000.00;R2:Methylation(KR):1000.00;Q4:Deamidation (NQ):81.34,PEAKS PTM
LNKLLGGVTIAQGGVLPNIQAVLLPKK(+28.03)TE(+53.92),31.37,3065.7302,29,9.5,614.1564,45.80,0,2,15096,EAM0039_S0F3T_V8NaPho_2-E7_01_4521.d,0,0,XP_003448939.1:XP_013121737.2:XP_003459572.1:XP_003451211.1,Dimethylation(KR); Replacement of 2 protons by iron,K27:Dimethylation(KR):0.00;E29:Replacement of 2 protons by iron:1000.00,PEAKS PTM
TRGVLK(+43.01)VF(+31.99)LE(+61.92)NVIRDAVTYTE,31.20,2559.2393,21,-1.2,854.0822,37.11,1.3285E5,2,11686,EAM0039_S0F3T_V8NaPho_2-E7_01_4521.d,1,1,XP_025766521.1,Carbamylation; Dihydroxy; Replacement of proton by copper,K6:Carbamylation:2.14;F8:Dihydroxy:1.69;E10:Replacement of proton by copper:39.44,PEAKS PTM
A(+43.01)SRLAHYN(+.98)KRSTITSRE,31.10,2033.0402,17,-5.9,509.2620,20.14,3.1502E5,2,4961,EAM0039_S0F3T_V8NaPho_2-E7_01_4521.d,1,1,XP_003451196.1,Carbamylation; Deamidation (NQ),A1:Carbamylation:55.76;N8:Deamidation (NQ):1000.00,PEAKS PTM
S(+114.04)EEAPAPAPAPAKAAKK(+57.02)KTTASKPKKVGPSVGE,30.94,3398.8521,33,-8.0,850.7097,16.60,0,2,3424,EAM0039_S0F3T_V8NaPho_2-E7_01_4521.d,0,0,XP_013130399.2:XP_019210165.1:XP_019210164.1,Ubiquitin; Carbamidomethylation (DHKE  X@N-term),S1:Ubiquitin:47.72;K17:Carbamidomethylation (DHKE  X@N-term):11.06,PEAKS PTM
D(+18.04)(+37.95)TN(+.98)LCAIHAKRVTIMPKD,30.44,2082.0188,18,5.6,1042.0178,28.89,4.4411E4,2,8399,EAM0039_S0F3T_V8NaPho_2-E7_01_4521.d,1,1,XP_005463512.2,monomethylation; Replacement of 2 protons by calcium; Deamidation (NQ),D1:monomethylation:74.73;D1:Replacement of 2 protons by calcium:137.15;N3:Deamidation (NQ):1000.00,PEAKS PTM
GISVVAQQFHE,30.29,1213.6091,11,-9.7,405.5379,40.15,1.2758E5,2,12830,EAM0039_S0F3T_V8NaPho_2-E7_01_4521.d,1,1,|#CONTAM#34577047|ref|NP_899236.1|,,,PEAKS DB
R(+43.01)(+31.99)KGVS(-18.01)LAALKKALAAGGYDVE,30.29,2173.1855,21,-2.8,725.3972,44.59,1.1782E5,2,14611,EAM0039_S0F3T_V8NaPho_2-E7_01_4521.d,1,1,XP_003459589.1,Carbamylation; Dihydroxy; Dehydration,R1:Carbamylation:0.00;R1:Dihydroxy:0.00;S5:Dehydration:18.84,PEAKS PTM
LGAKLAK(+14.02)LD,30.27,941.5909,9,-5.9,471.7979,20.55,0,2,5165,EAM0039_S0F3T_V8NaPho_2-E7_01_4521.d,0,0,,Methylation(KR),K7:Methylation(KR):62.26,PEAKS PTM
YKAKTGNLSWIVVASKTHISLSKQNGADPE,30.06,3241.7095,30,-3.0,811.4286,29.67,0,2,8735,EAM0039_S0F3T_V8NaPho_2-E7_01_4521.d,0,0,,,,PEAKS DB
T(+43.01)RGVLKVFLE,29.96,1203.6975,10,-2.5,602.8518,60.03,0,2,20494,EAM0039_S0F3T_V8NaPho_2-E7_01_4521.d,0,0,XP_025766521.1,Carbamylation,T1:Carbamylation:17.25,PEAKS PTM
ETR(+.98)GVLK(+42.01)VFLE,29.82,1332.7289,11,-7.5,667.3638,57.86,1.9247E6,2,19622,EAM0039_S0F3T_V8NaPho_2-E7_01_4521.d,1,1,XP_025766521.1,Citrullination; Acetylation (K),R3:Citrullination:1000.00;K7:Acetylation (K):1000.00,PEAKS PTM
ASRLAQYNKRSTITSREVQTAVRLLLPGE,29.46,3256.8003,29,6.6,652.3687,32.26,3.2077E5,2,9721,EAM0039_S0F3T_V8NaPho_2-E7_01_4521.d,1,1,XP_003438147.1,,,PEAKS DB
Y(+43.01)LTAEILE,29.06,993.5018,8,-9.0,497.7515,70.57,6.1835E4,2,24404,EAM0039_S0F3T_V8NaPho_2-E7_01_4521.d,1,1,XP_003448939.1:XP_013121737.2:XP_003459572.1:XP_003451211.1,Carbamylation,Y1:Carbamylation:1000.00,PEAKS PTM
TRGVLKVFLE(+37.95),29.05,1198.6387,10,-5.9,400.5493,40.11,5.603E4,2,12854,EAM0039_S0F3T_V8NaPho_2-E7_01_4521.d,1,1,XP_025766521.1,Replacement of 2 protons by calcium,E10:Replacement of 2 protons by calcium:1000.00,PEAKS PTM
TRGVLK(+43.01)VFLE,29.04,1203.6975,10,-8.2,402.2347,56.28,1.8114E4,2,19109,EAM0039_S0F3T_V8NaPho_2-E7_01_4521.d,1,1,XP_025766521.1,Carbamylation,K6:Carbamylation:17.91,PEAKS PTM
LKVKRITPRHLQLAIRGDEE,29.04,2371.3811,20,-6.4,475.2784,24.47,5.5996E5,2,6669,EAM0039_S0F3T_V8NaPho_2-E7_01_4521.d,1,1,XP_003458968.1:XP_005464230.1,,,PEAKS DB
REQIKSLNNQFASFIDKVRFLE,28.86,2681.4290,22,-2.3,537.2894,54.26,0,2,18342,EAM0039_S0F3T_V8NaPho_2-E7_01_4521.d,0,0,,,,PEAKS DB
L(+57.02)LIRK(+57.02)LPFQRLVRE,28.45,1894.1628,14,-8.7,474.5417,41.43,2.3597E5,2,13331,EAM0039_S0F3T_V8NaPho_2-E7_01_4521.d,1,1,XP_005463512.2,Carbamidomethylation (DHKE  X@N-term),L1:Carbamidomethylation (DHKE  X@N-term):28.06;K5:Carbamidomethylation (DHKE  X@N-term):15.08,PEAKS PTM
IAQD(-18.01)FKTDLR(+31.99)FQSSAVMALQE,28.41,2411.1790,21,-7.8,804.7238,55.59,3.2008E6,2,18844,EAM0039_S0F3T_V8NaPho_2-E7_01_4521.d,1,1,XP_005463512.2,Dehydration; Dihydroxy,D4:Dehydration:3.04;R10:Dihydroxy:8.69,PEAKS PTM
VQT(-18.01)AVR(+31.99)LLLP(+31.99)GELAKHAVSE,27.84,2176.1851,20,-1.5,726.3979,48.47,0,2,16118,EAM0039_S0F3T_V8NaPho_2-E7_01_4521.d,0,0,XP_003438147.1,Dehydration; Dihydroxy,T3:Dehydration:63.73;R6:Dihydroxy:46.55;P10:Dihydroxy:21.19,PEAKS PTM
IQTAVRLLLPGE(+61.92),27.79,1370.6982,12,-8.8,457.9006,52.84,0,2,17806,EAM0039_S0F3T_V8NaPho_2-E7_01_4521.d,0,0,XP_003451196.1,Replacement of proton by copper,E12:Replacement of proton by copper:1000.00,PEAKS PTM
LQSLNKTRSALE,27.69,1358.7517,12,4.4,680.3831,27.59,1.1519E6,2,7817,EAM0039_S0F3T_V8NaPho_2-E7_01_4521.d,1,1,,,,PEAKS DB
R(+27.99)(+.98)KGLSLAAIKKDLVARGYDVE,27.62,2330.2957,21,-3.7,467.0626,43.42,2.0446E5,2,14106,EAM0039_S0F3T_V8NaPho_2-E7_01_4521.d,1,1,XP_003448795.2,Formylation; Citrullination,R1:Formylation:0.00;R1:Citrullination:36.33,PEAKS PTM
IAQD(-18.01)F(+31.99)K(+43.01)TDLRFQSSAVMALQE,27.21,2454.1848,21,3.5,819.0681,68.51,1.5889E6,2,24733,EAM0039_S0F3T_V8NaPho_2-E7_01_4521.d,1,1,XP_005463512.2,Dehydration; Dihydroxy; Carbamylation,D4:Dehydration:14.84;F5:Dihydroxy:5.32;K6:Carbamylation:3.36,PEAKS PTM
I(+43.01)AQD(-18.01)F(+31.99)KTDLRFQSSAVMALQE,26.95,2454.1848,21,3.5,819.0681,68.51,1.5889E6,2,23956,EAM0039_S0F3T_V8NaPho_2-E7_01_4521.d,1,1,XP_005463512.2,Carbamylation; Dehydration; Dihydroxy,I1:Carbamylation:4.79;D4:Dehydration:18.61;F5:Dihydroxy:21.94,PEAKS PTM
LIVKAVAAS(+114.04)KE,26.70,1241.7343,11,-3.5,414.9154,19.85,1.0565E5,2,4883,EAM0039_S0F3T_V8NaPho_2-E7_01_4521.d,1,1,XP_013130399.2:XP_019210165.1:XP_019210164.1:XP_019209840.1:XP_019209843.1:XP_019209837.1:XP_019209844.1,Ubiquitin,S9:Ubiquitin:7.65,PEAKS PTM
I(+27.99)Q(+.98)TAVR(+28.03)LLLPGELAKHAVSE,26.31,2201.2419,20,-7.0,551.3115,50.84,1.2264E6,2,16985,EAM0039_S0F3T_V8NaPho_2-E7_01_4521.d,1,1,XP_003451196.1,Formylation; Deamidation (NQ); Dimethylation(KR),I1:Formylation:63.95;Q2:Deamidation (NQ):1000.00;R6:Dimethylation(KR):74.48,PEAKS PTM
L(+43.01)AKH(+57.02)AVSE,26.13,953.4930,8,-7.3,477.7482,19.46,1.6595E5,2,4667,EAM0039_S0F3T_V8NaPho_2-E7_01_4521.d,1,1,XP_003451196.1:XP_003438147.1,Carbamylation; Carbamidomethylation (DHKE  X@N-term),L1:Carbamylation:18.53;H4:Carbamidomethylation (DHKE  X@N-term):8.69,PEAKS PTM
NKKTRIIPRHLQLAVRNDEE,26.05,2429.3616,20,-7.4,486.8738,19.50,3.5738E5,2,4681,EAM0039_S0F3T_V8NaPho_2-E7_01_4521.d,1,1,XP_003448939.1:XP_013121737.2:XP_003459572.1:XP_003451211.1,,,PEAKS DB
IAQDFKTDLR(+14.02)FQSSAVMALQ(+.98)E,25.88,2412.1995,21,-9.3,805.0627,73.09,0,2,25262,EAM0039_S0F3T_V8NaPho_2-E7_01_4521.d,0,0,XP_005463512.2,Methylation(KR); Deamidation (NQ),R10:Methylation(KR):27.19;Q20:Deamidation (NQ):39.54,PEAKS PTM
TVKQQIE,25.79,844.4654,7,8.1,423.2415,18.91,5.6311E5,2,4455,EAM0039_S0F3T_V8NaPho_2-E7_01_4521.d,2,2,|#CONTAM#34577047|ref|NP_899236.1|,,,PEAKS DB
GLVSILADSIE,25.46,1115.6074,11,-5.3,558.8055,33.81,0,2,10385,EAM0039_S0F3T_V8NaPho_2-E7_01_4521.d,0,0,,,,PEAKS DB
KIVENLWLKTAKPLQE,25.34,1909.1036,16,7.6,382.8292,25.62,4.3826E5,2,7075,EAM0039_S0F3T_V8NaPho_2-E7_01_4521.d,2,2,,,,PEAKS DB
AAKKQCQQLQTAIAE,24.91,1629.8508,15,-5.0,544.2858,39.09,0,2,12473,EAM0039_S0F3T_V8NaPho_2-E7_01_4521.d,0,0,|#CONTAM#32567786|ref|NP_787028.1|,,,PEAKS DB
IAQDFKTD(-18.01)LR(+31.99)FQSSAVMALQE,24.87,2411.1790,21,-9.3,804.7225,56.79,0,2,19290,EAM0039_S0F3T_V8NaPho_2-E7_01_4521.d,0,0,XP_005463512.2,Dehydration; Dihydroxy,D8:Dehydration:14.02;R10:Dihydroxy:0.00,PEAKS PTM
DTNLEKVRKSAR(+31.99)YGR(+14.02)E,24.74,1967.0184,16,4.7,492.7620,27.87,2.3761E5,2,7983,EAM0039_S0F3T_V8NaPho_2-E7_01_4521.d,1,1,,Dihydroxy; Methylation(KR),R12:Dihydroxy:7.65;R15:Methylation(KR):9.42,PEAKS PTM
ASRLAQY(+31.99)N(+.98)K(+31.99)RSTITSRE,24.67,2045.0137,17,-9.0,410.0045,16.30,0,2,3308,EAM0039_S0F3T_V8NaPho_2-E7_01_4521.d,0,0,XP_003438147.1,Dihydroxy; Deamidation (NQ),Y7:Dihydroxy:10.22;N8:Deamidation (NQ):11.10;K9:Dihydroxy:7.65,PEAKS PTM
GETYFFSTLILKVLESGRTVSE,24.64,2475.2896,22,7.2,496.0665,62.19,3.2178E4,2,21247,EAM0039_S0F3T_V8NaPho_2-E7_01_4521.d,1,1,,,,PEAKS DB
RKGVSLAALK(+114.04)K(+114.04)ALAAGGYD,24.50,2116.1753,19,0.8,530.0491,44.59,6.0601E6,2,14630,EAM0039_S0F3T_V8NaPho_2-E7_01_4521.d,1,1,XP_003459589.1,Ubiquitin,K10:Ubiquitin:46.87;K11:Ubiquitin:42.78,PEAKS PTM
AYAK(+71.01)AAPS(+114.04)PAEPE,24.43,1485.6860,13,8.1,743.8530,23.95,1.5205E5,2,6621,EAM0039_S0F3T_V8NaPho_2-E7_01_4521.d,1,1,,Lactylation; Ubiquitin,K4:Lactylation:1000.00;S8:Ubiquitin:1000.00,PEAKS PTM
ASEAYLVGLFE,24.39,1197.5917,11,-7.6,599.7959,31.37,0,2,9417,EAM0039_S0F3T_V8NaPho_2-E7_01_4521.d,0,0,XP_005463512.2,,,PEAKS DB
L(+43.01)AK(+43.01)HAVSE,24.11,939.4774,8,-9.4,470.7394,32.74,5.9449E4,2,9951,EAM0039_S0F3T_V8NaPho_2-E7_01_4521.d,1,1,XP_003451196.1:XP_003438147.1,Carbamylation,L1:Carbamylation:1000.00;K3:Carbamylation:1000.00,PEAKS PTM
LIVKAVAASK(+43.01)E,23.95,1170.6971,11,-3.5,391.2365,28.57,3.3997E4,2,8267,EAM0039_S0F3T_V8NaPho_2-E7_01_4521.d,1,1,XP_013130399.2:XP_019210165.1:XP_019210164.1:XP_019209840.1:XP_019209843.1:XP_019209837.1:XP_019209844.1,Carbamylation,K10:Carbamylation:45.63,PEAKS PTM
RSGVSAAALK(+71.01)KALAAGGYD(-18.01),23.71,1857.9822,19,-8.7,620.3265,43.52,0,2,14212,EAM0039_S0F3T_V8NaPho_2-E7_01_4521.d,0,0,XP_013130399.2:XP_019210165.1:XP_019210164.1:XP_019209840.1:XP_019209843.1:XP_019209837.1:XP_019209844.1,Lactylation; Dehydration,K10:Lactylation:0.00;D19:Dehydration:0.00,PEAKS PTM
EQKQKLQEAVHLMKPLMQFKMFLD,23.54,2959.5486,24,8.8,592.9196,43.50,0,2,14206,EAM0039_S0F3T_V8NaPho_2-E7_01_4521.d,0,0,,,,PEAKS DB
K(+57.02)PVTASKAPAAPIVAAAPAD(-.98),23.52,1901.0734,20,-9.0,476.2692,9.21,5.3089E5,2,1231,EAM0039_S0F3T_V8NaPho_2-E7_01_4521.d,1,1,,Carbamidomethylation (DHKE  X@N-term); Amidation,K1:Carbamidomethylation (DHKE  X@N-term):6.80;D20:Amidation:1000.00,PEAKS PTM
N(+.98)VIR(+15.99)DAVTYTE,23.32,1296.6198,11,-2.5,649.3126,36.94,0,2,11635,EAM0039_S0F3T_V8NaPho_2-E7_01_4521.d,0,0,XP_025766521.1,Deamidation (NQ); Oxidation or Hydroxylation,N1:Deamidation (NQ):1000.00;R4:Oxidation or Hydroxylation:8.69,PEAKS PTM
ESRVKTYVLRSE,23.29,1465.7888,12,-2.0,489.6004,30.09,2.802E4,2,8918,EAM0039_S0F3T_V8NaPho_2-E7_01_4521.d,1,1,,,,PEAKS DB
TR(+.98)GVLK(+42.01)VFLE,23.29,1203.6863,10,-2.4,602.8463,60.52,1.6395E7,2,20668,EAM0039_S0F3T_V8NaPho_2-E7_01_4521.d,1,1,XP_025766521.1,Citrullination; Acetylation (K),R2:Citrullination:1000.00;K6:Acetylation (K):1000.00,PEAKS PTM
Y(+43.01)LTAE(+21.98)ILE,23.24,1015.4838,8,-5.4,508.7441,70.56,0,2,24413,EAM0039_S0F3T_V8NaPho_2-E7_01_4521.d,0,0,XP_003448939.1:XP_013121737.2:XP_003459572.1:XP_003451211.1,Carbamylation; Sodium adduct,Y1:Carbamylation:1000.00;E5:Sodium adduct:37.54,PEAKS PTM
YSKQTRLSPDE,23.11,1322.6466,11,-4.8,662.3245,21.38,5.2339E6,2,5871,EAM0039_S0F3T_V8NaPho_2-E7_01_4521.d,1,1,,,,PEAKS DB
IAQDFKTDLRF(+31.99)QSS(-18.01)AVMALQE,23.01,2411.1790,21,-1.2,804.7290,70.29,3.2008E6,2,25577,EAM0039_S0F3T_V8NaPho_2-E7_01_4521.d,1,1,XP_005463512.2,Dihydroxy; Dehydration,F11:Dihydroxy:7.65;S14:Dehydration:0.00,PEAKS PTM
NIGAGSAVSLPKICAIE,23.01,1641.8760,17,6.9,548.3006,51.71,8.1649E4,2,17346,EAM0039_S0F3T_V8NaPho_2-E7_01_4521.d,1,1,,,,PEAKS DB
YTGLSFKGRQNLMSALD,23.00,1899.9513,17,4.6,634.3245,69.80,1.0664E4,2,24137,EAM0039_S0F3T_V8NaPho_2-E7_01_4521.d,1,1,,,,PEAKS DB
G(+43.01)TKAVTK(+15.99)YTSSK,22.96,1328.6936,12,-8.5,443.8994,17.59,1.3568E5,2,3897,EAM0039_S0F3T_V8NaPho_2-E7_01_4521.d,1,1,XP_003451196.1:XP_003438147.1,Carbamylation; Oxidation or Hydroxylation,G1:Carbamylation:9.40;K7:Oxidation or Hydroxylation:0.00,PEAKS PTM
LLLCKKVNAWRSDIRKLGLLRPASATE,22.95,3050.7539,27,2.5,611.1569,29.29,0,2,8579,EAM0039_S0F3T_V8NaPho_2-E7_01_4521.d,0,0,,,,PEAKS DB
LLIRKLPFQRLVRE(+37.95),22.86,1818.0668,14,-8.6,455.5180,38.43,0,2,12219,EAM0039_S0F3T_V8NaPho_2-E7_01_4521.d,0,0,XP_005463512.2,Replacement of 2 protons by calcium,E14:Replacement of 2 protons by calcium:1000.00,PEAKS PTM
SGGRPSAGE,22.82,816.3726,9,5.3,409.1939,17.87,5.3954E4,2,4059,EAM0039_S0F3T_V8NaPho_2-E7_01_4521.d,1,1,,,,PEAKS DB
SAKSSFPQPKRSLGLKE,22.80,1859.0264,17,-6.3,465.7589,19.61,0,2,4769,EAM0039_S0F3T_V8NaPho_2-E7_01_4521.d,0,0,,,,PEAKS DB
GSRLLFTVLGEPLIYSLSFPE,22.59,2337.2620,21,2.2,585.3214,37.31,0,2,11772,EAM0039_S0F3T_V8NaPho_2-E7_01_4521.d,0,0,,,,PEAKS DB
VKALIAE,22.58,742.4589,7,-2.2,372.2342,23.77,4.0831E5,2,6342,EAM0039_S0F3T_V8NaPho_2-E7_01_4521.d,1,1,|#CONTAM#34577047|ref|NP_899236.1|,,,PEAKS DB
K(+14.02)PVTASK(+42.01)APAAPIVAAAPAD,22.50,1901.0621,20,-4.0,476.2688,15.94,0,2,3179,EAM0039_S0F3T_V8NaPho_2-E7_01_4521.d,0,0,,Methylation(KR); Acetylation (K),K1:Methylation(KR):4.05;K7:Acetylation (K):4.05,PEAKS PTM
AGSNGGGTLNLGGLRAVRGASD,22.44,1999.0194,22,6.4,500.7631,20.17,0,2,5009,EAM0039_S0F3T_V8NaPho_2-E7_01_4521.d,0,0,,,,PEAKS DB
S(+114.04)EEAPAPAPAPAK(+57.02)AAKKKTTASKPKKVGPSVGE,22.40,3398.8521,33,-4.9,850.7123,16.63,0,2,3435,EAM0039_S0F3T_V8NaPho_2-E7_01_4521.d,0,0,XP_013130399.2:XP_019210165.1:XP_019210164.1,Ubiquitin; Carbamidomethylation (DHKE  X@N-term),S1:Ubiquitin:63.16;K13:Carbamidomethylation (DHKE  X@N-term):12.33,PEAKS PTM
ITSGRHYVASE,22.29,1218.5992,11,-3.4,610.3021,23.36,2.8941E4,2,6312,EAM0039_S0F3T_V8NaPho_2-E7_01_4521.d,1,1,,,,PEAKS DB
TQSVQHGPTEVLLANYE,22.27,1884.9218,17,4.4,629.3145,32.16,4.1144E5,2,9681,EAM0039_S0F3T_V8NaPho_2-E7_01_4521.d,1,1,,,,PEAKS DB
SVLR(+15.99)HKDPE,22.14,1095.5673,9,0.9,548.7889,24.29,1.3636E5,2,6512,EAM0039_S0F3T_V8NaPho_2-E7_01_4521.d,1,1,,Oxidation or Hydroxylation,R4:Oxidation or Hydroxylation:0.00,PEAKS PTM
I(+18.04)AQ(+.98)D(+37.95)FKTDLRFQSSAVMALQE,22.07,2454.1687,21,5.2,819.0641,70.39,2.1136E6,2,25403,EAM0039_S0F3T_V8NaPho_2-E7_01_4521.d,1,1,XP_005463512.2,monomethylation; Deamidation (NQ); Replacement of 2 protons by calcium,I1:monomethylation:3.36;Q3:Deamidation (NQ):24.63;D4:Replacement of 2 protons by calcium:4.08,PEAKS PTM
VSTALTRLNTLSSRLD,21.95,1745.9635,16,4.9,437.4983,23.16,0,2,6208,EAM0039_S0F3T_V8NaPho_2-E7_01_4521.d,0,0,,,,PEAKS DB
LGLHQHVLE,21.91,1044.5717,9,-0.7,523.2904,64.97,1.5455E4,2,22268,EAM0039_S0F3T_V8NaPho_2-E7_01_4521.d,1,1,,,,PEAKS DB
IAQDFKTDLRFQSSAVMALQE,21.83,2397.1997,21,-9.0,800.0631,65.31,0,2,22403,EAM0039_S0F3T_V8NaPho_2-E7_01_4521.d,0,0,XP_005463512.2,,,PEAKS DB
ETGACRGSGVLAVGVPNNLE,21.68,1941.9578,20,-2.5,648.3220,47.57,0,2,15773,EAM0039_S0F3T_V8NaPho_2-E7_01_4521.d,0,0,,,,PEAKS DB
RGPK(+43.01)K(+27.99)LE,21.65,897.5032,7,-8.1,449.7532,40.68,8.9868E4,2,13010,EAM0039_S0F3T_V8NaPho_2-E7_01_4521.d,1,1,,Carbamylation; Formylation,K4:Carbamylation:14.02;K5:Formylation:14.02,PEAKS PTM
RSGVSAAALK(+226.08)K(+226.08)ALAAGGYDVD,21.64,2471.2300,21,-2.4,618.8105,47.95,0,2,15915,EAM0039_S0F3T_V8NaPho_2-E7_01_4521.d,0,0,XP_013130399.2:XP_019210165.1:XP_019210164.1:XP_019209840.1:XP_019209843.1:XP_019209837.1:XP_019209844.1,Biotinylation,K10:Biotinylation:31.62;K11:Biotinylation:29.12,PEAKS PTM
LNKLLGGVTIAQGGVLPNIQAVLLPKK(+72.02)TE(+53.92),21.63,3109.7202,29,-0.3,778.4337,57.27,4.172E4,2,19471,EAM0039_S0F3T_V8NaPho_2-E7_01_4521.d,1,1,XP_003448939.1:XP_013121737.2:XP_003459572.1:XP_003451211.1,Carboxyethyl; Replacement of 2 protons by iron,K27:Carboxyethyl:0.00;E29:Replacement of 2 protons by iron:1000.00,PEAKS PTM
I(+43.01)RRYQKSTE(+57.02),21.62,1279.6632,9,-5.6,427.5574,16.95,2.3901E4,2,3589,EAM0039_S0F3T_V8NaPho_2-E7_01_4521.d,1,1,XP_005463512.2,Carbamylation; Carbamidomethylation (DHKE  X@N-term),I1:Carbamylation:14.62;E9:Carbamidomethylation (DHKE  X@N-term):44.44,PEAKS PTM
LAGNAARD(+15.99)NKKTRIIPRH(+156.12)LQLAVRNDE,21.55,3240.8167,27,-9.9,811.1998,33.26,3.3052E5,2,10113,EAM0039_S0F3T_V8NaPho_2-E7_01_4521.d,1,1,XP_003448939.1:XP_013121737.2:XP_003459572.1:XP_003451211.1,Oxidation or Hydroxylation; 4-hydroxynonenal (HNE),D8:Oxidation or Hydroxylation:0.00;H18:4-hydroxynonenal (HNE):4.14,PEAKS PTM
KPVTASK(+57.02)APAAPIVAAAPAD,21.44,1902.0574,20,1.8,476.5203,48.93,3.054E4,2,16292,EAM0039_S0F3T_V8NaPho_2-E7_01_4521.d,1,1,,Carbamidomethylation (DHKE  X@N-term),K7:Carbamidomethylation (DHKE  X@N-term):5.14,PEAKS PTM
LMALKKQGVE,21.40,1115.6372,10,-0.7,558.8230,69.85,0,2,24147,EAM0039_S0F3T_V8NaPho_2-E7_01_4521.d,0,0,,,,PEAKS DB
N(+.98)K(+42.01)K(+72.02)TRIIPRHLQLAVRNDEE,21.34,2544.3772,20,-7.6,637.0939,22.04,3.9911E5,2,5693,EAM0039_S0F3T_V8NaPho_2-E7_01_4521.d,1,1,XP_003448939.1:XP_013121737.2:XP_003459572.1:XP_003451211.1,Deamidation (NQ); Acetylation (K); Carboxyethyl,N1:Deamidation (NQ):22.25;K2:Acetylation (K):0.00;K3:Carboxyethyl:0.00,PEAKS PTM
GVVIALVTGE,21.34,956.5542,10,-9.3,479.2778,8.67,0,2,1213,EAM0039_S0F3T_V8NaPho_2-E7_01_4521.d,0,0,,,,PEAKS DB
GISSLLLE,21.19,830.4749,8,-4.0,416.2412,32.40,1.1606E6,2,10143,EAM0039_S0F3T_V8NaPho_2-E7_01_4521.d,1,1,,,,PEAKS DB
I(+43.01)AQDFK(+31.99)T(-18.01)DLRFQSSAVMALQE,21.11,2454.1848,21,3.5,819.0681,68.51,1.5889E6,2,24389,EAM0039_S0F3T_V8NaPho_2-E7_01_4521.d,1,1,XP_005463512.2,Carbamylation; Dihydroxy; Dehydration,I1:Carbamylation:1000.00;K6:Dihydroxy:16.51;T7:Dehydration:12.33,PEAKS PTM
A(+27.99)KKKASKKS(+44.01)LLPAAASE,21.06,1799.0338,17,1.4,450.7643,44.76,3.5355E4,2,14694,EAM0039_S0F3T_V8NaPho_2-E7_01_4521.d,1,1,,Formylation; S-Ethylcystine from Serine,A1:Formylation:0.00;S9:S-Ethylcystine from Serine:20.76,PEAKS PTM
DVIWAWKQLKRSLVAEQRQFAKNKSE,21.06,3157.7148,26,6.7,632.5516,39.14,1.5865E5,2,12479,EAM0039_S0F3T_V8NaPho_2-E7_01_4521.d,1,1,,,,PEAKS DB
QNQDNKLHKLTVPE,21.04,1662.8689,14,8.7,555.2993,24.79,1.0106E5,2,6772,EAM0039_S0F3T_V8NaPho_2-E7_01_4521.d,1,1,,,,PEAKS DB
ELEHVSRHLRPPQYVTREPPE,21.01,2568.3196,21,-4.3,643.0815,40.91,1.0805E7,2,13113,EAM0039_S0F3T_V8NaPho_2-E7_01_4521.d,1,1,,,,PEAKS DB
AKKAAKPAPKAS(+114.04)AAKK(+15.99)E,21.01,1824.0580,17,-4.5,457.0177,6.70,0,2,559,EAM0039_S0F3T_V8NaPho_2-E7_01_4521.d,0,0,,Ubiquitin; Oxidation or Hydroxylation,S12:Ubiquitin:0.00;K16:Oxidation or Hydroxylation:0.00,PEAKS PTM
LAGNAARDNKK(+43.01)TRIIP(+15.99)RHLQLAVRNDE,20.96,3127.7075,27,3.2,626.5480,28.50,2.0659E6,2,8202,EAM0039_S0F3T_V8NaPho_2-E7_01_4521.d,2,2,XP_003448939.1:XP_013121737.2:XP_003459572.1:XP_003451211.1,Carbamylation; Oxidation or Hydroxylation,K11:Carbamylation:9.34;P16:Oxidation or Hydroxylation:5.77,PEAKS PTM
LMNVKLALD,20.93,1015.5736,9,-7.9,508.7878,29.83,0,2,8805,EAM0039_S0F3T_V8NaPho_2-E7_01_4521.d,0,0,|#CONTAM#32567786|ref|NP_787028.1|:|#CONTAM#372466577|ref|NP_001243222.1|:|#CONTAM#4504919|ref|NP_002264.1|:|#CONTAM#372466572|ref|NP_001243211.1|:|#CONTAM#47132620|ref|NP_000414.2|:|#CONTAM#119703753|ref|NP_005546.2|:|#CONTAM#5031839|ref|NP_005545.1|:|#CONTAM#155969697|ref|NP_775109.2|:|#CONTAM#153791670|ref|NP_056932.2|:|#CONTAM#109148552|ref|NP_476429.2|,,,PEAKS DB
NTTLRLVSRSDVTGNVGSKVGGSQLE,20.91,2673.4045,26,9.0,669.3615,30.47,8.1783E4,2,9027,EAM0039_S0F3T_V8NaPho_2-E7_01_4521.d,1,1,,,,PEAKS DB
L(+18.04)AGNAARD,20.88,804.4362,8,7.5,403.2266,34.19,0,2,10533,EAM0039_S0F3T_V8NaPho_2-E7_01_4521.d,0,0,XP_003448939.1:XP_013121737.2:XP_003459572.1:XP_003451211.1,monomethylation,L1:monomethylation:22.09,PEAKS PTM
SNLCGGIQSNAVKSFAKDE,20.86,1966.9418,19,5.7,492.7433,45.48,0,2,14975,EAM0039_S0F3T_V8NaPho_2-E7_01_4521.d,0,0,,,,PEAKS DB
TTKKVPIVQPSFGAEDLGKSLE,20.82,2343.2686,22,-1.0,586.8212,33.98,1.8979E5,2,10508,EAM0039_S0F3T_V8NaPho_2-E7_01_4521.d,1,1,|#CONTAM#34577047|ref|NP_899236.1|,,,PEAKS DB
LRFTGSLPTNE,20.74,1233.6354,11,5.0,412.2193,26.18,0,2,7343,EAM0039_S0F3T_V8NaPho_2-E7_01_4521.d,0,0,,,,PEAKS DB
NMKFQSIELE,20.72,1237.6012,10,2.2,619.8065,35.81,1.1201E5,2,11178,EAM0039_S0F3T_V8NaPho_2-E7_01_4521.d,1,1,,,,PEAKS DB
G(+27.99)TK(+27.99)AVTKYTSSK,20.71,1325.6826,12,4.3,442.9014,8.67,0,2,1210,EAM0039_S0F3T_V8NaPho_2-E7_01_4521.d,0,0,XP_003451196.1:XP_003438147.1,Formylation,G1:Formylation:7.97;K3:Formylation:11.01,PEAKS PTM
IKTNKEED,20.67,975.4872,8,3.4,488.7504,19.43,6.3431E4,2,4658,EAM0039_S0F3T_V8NaPho_2-E7_01_4521.d,1,1,,,,PEAKS DB
K(+57.02)AKPIAS(+44.01)VLLPMKAAASSTKPP,20.53,2306.3218,22,-7.0,462.2663,26.71,0,2,7546,EAM0039_S0F3T_V8NaPho_2-E7_01_4521.d,0,0,,Carbamidomethylation (DHKE  X@N-term); S-Ethylcystine from Serine,K1:Carbamidomethylation (DHKE  X@N-term):0.00;S7:S-Ethylcystine from Serine:58.64,PEAKS PTM
IQTAVRLLLPGE(+21.98)(+21.98),20.49,1352.7404,12,-9.9,451.9142,52.96,3.3223E4,2,17835,EAM0039_S0F3T_V8NaPho_2-E7_01_4521.d,1,1,XP_003451196.1,Sodium adduct,E12:Sodium adduct:1000.00;E12:Sodium adduct:1000.00,PEAKS PTM
KKTIPGVLQAQQVTTILGLGPE,20.43,2290.3259,22,-2.7,459.0692,15.36,6.0942E4,2,2845,EAM0039_S0F3T_V8NaPho_2-E7_01_4521.d,1,1,,,,PEAKS DB
LTGRFIANSVE,20.42,1205.6404,11,-4.9,402.8836,25.45,1.0485E6,2,7397,EAM0039_S0F3T_V8NaPho_2-E7_01_4521.d,1,1,,,,PEAKS DB
RAQQVTAERSQFAQRTRRHGQLQAD,20.40,2937.5142,25,1.0,735.3833,46.67,0,2,15427,EAM0039_S0F3T_V8NaPho_2-E7_01_4521.d,0,0,,,,PEAKS DB
LSRATGTD,20.37,819.4086,8,-0.2,410.7097,36.79,2.936E5,2,11837,EAM0039_S0F3T_V8NaPho_2-E7_01_4521.d,1,1,,,,PEAKS DB
NIALKLD,20.36,785.4647,7,-7.4,393.7350,53.17,2.5244E4,2,17880,EAM0039_S0F3T_V8NaPho_2-E7_01_4521.d,1,1,,,,PEAKS DB
DTNLEKVRKSARY(+31.99)GR(+14.02)E,20.26,1967.0184,16,4.7,492.7620,27.87,2.3761E5,2,7943,EAM0039_S0F3T_V8NaPho_2-E7_01_4521.d,1,1,,Dihydroxy; Methylation(KR),Y13:Dihydroxy:11.06;R15:Methylation(KR):6.63,PEAKS PTM
SYS(+114.04)TAPLTRKE,20.21,1365.6888,11,-7.4,456.2315,32.19,6.2729E4,2,9711,EAM0039_S0F3T_V8NaPho_2-E7_01_4521.d,1,1,,Ubiquitin,S3:Ubiquitin:8.22,PEAKS PTM
MS(-18.01)EEAPAPAPAPAK(+27.99)ATKKKTTASKPKKVGPSVGE,20.08,3398.8230,34,-2.2,1133.9407,16.65,0,2,3446,EAM0039_S0F3T_V8NaPho_2-E7_01_4521.d,0,0,XP_019209843.1:XP_019209837.1,Dehydration; Formylation,S2:Dehydration:25.66;K14:Formylation:5.08,PEAKS PTM
KSDLNTLLVGKGLSFFDSFLMGE,20.07,2517.2825,23,5.1,840.1020,45.56,5.1742E5,2,14926,EAM0039_S0F3T_V8NaPho_2-E7_01_4521.d,1,1,,,,PEAKS DB
GRVVALAYGKSSE,20.04,1335.7146,13,9.6,446.2477,20.11,0,2,4986,EAM0039_S0F3T_V8NaPho_2-E7_01_4521.d,0,0,,,,PEAKS DB
G(+43.01)TKAVTK(+43.01)YTSSK,19.95,1355.7045,12,-7.8,452.9032,23.01,1.3863E5,2,6044,EAM0039_S0F3T_V8NaPho_2-E7_01_4521.d,1,1,XP_003451196.1:XP_003438147.1,Carbamylation,G1:Carbamylation:5.03;K7:Carbamylation:7.61,PEAKS PTM
A(+27.99)SRLAHYNKRSTITSRE,19.94,2017.0453,17,-7.2,505.2627,17.83,1.2301E5,2,4012,EAM0039_S0F3T_V8NaPho_2-E7_01_4521.d,1,1,XP_003451196.1,Formylation,A1:Formylation:25.44,PEAKS PTM
N(+43.01)KKTRIIPRHLQLAVRNDEE,19.92,2472.3672,20,-8.2,495.4745,22.64,0,2,6003,EAM0039_S0F3T_V8NaPho_2-E7_01_4521.d,0,0,XP_003448939.1:XP_013121737.2:XP_003459572.1:XP_003451211.1,Carbamylation,N1:Carbamylation:0.00,PEAKS PTM
ETRGVLK(+27.99)VFLE,19.80,1317.7292,11,-7.3,659.8641,58.53,6.177E4,2,19972,EAM0039_S0F3T_V8NaPho_2-E7_01_4521.d,1,1,XP_025766521.1,Formylation,K7:Formylation:0.00,PEAKS PTM
L(+43.01)LIRKLPFQ(+.98)RLVRE,19.65,1824.1097,14,-6.9,457.0295,56.77,0,2,19282,EAM0039_S0F3T_V8NaPho_2-E7_01_4521.d,0,0,XP_005463512.2,Carbamylation; Deamidation (NQ),L1:Carbamylation:14.19;Q9:Deamidation (NQ):1000.00,PEAKS PTM
TENRRLE,19.60,916.4726,7,6.4,459.2445,46.31,1.1087E5,2,15240,EAM0039_S0F3T_V8NaPho_2-E7_01_4521.d,1,1,,,,PEAKS DB
AKPGDRHESILQE,19.52,1478.7477,13,-6.4,740.3730,63.21,6.7928E5,2,21521,EAM0039_S0F3T_V8NaPho_2-E7_01_4521.d,1,1,,,,PEAKS DB
I(+27.99)RRYQKSTE,19.42,1207.6309,9,-4.3,403.5474,16.88,4.1224E4,2,3533,EAM0039_S0F3T_V8NaPho_2-E7_01_4521.d,1,1,XP_005463512.2,Formylation,I1:Formylation:17.32,PEAKS PTM
STIYAGPREQLE,19.26,1362.6779,12,-6.7,682.3386,73.39,0,2,25354,EAM0039_S0F3T_V8NaPho_2-E7_01_4521.d,0,0,,,,PEAKS DB
QTLIDQLRTFHLE,19.20,1612.8573,13,4.5,404.2216,10.05,8.2986E4,2,1764,EAM0039_S0F3T_V8NaPho_2-E7_01_4521.d,1,1,,,,PEAKS DB
I(+27.99)Q(+.98)TAVR(+14.02)LLLPGE,19.19,1351.7711,12,-4.5,676.8868,69.94,4.2551E6,2,24171,EAM0039_S0F3T_V8NaPho_2-E7_01_4521.d,1,1,XP_003451196.1,Formylation; Deamidation (NQ); Methylation(KR),I1:Formylation:1000.00;Q2:Deamidation (NQ):1000.00;R6:Methylation(KR):1000.00,PEAKS PTM
KACKHLKTSVSEATSQLEHSTPSTARKLQD,19.18,3280.6833,30,-4.9,657.1378,23.58,0,2,6368,EAM0039_S0F3T_V8NaPho_2-E7_01_4521.d,0,0,,,,PEAKS DB
KP(+15.99)VTAS(-18.01)K(+18.04)APAAPIVAAAPAD,19.18,1861.0581,20,3.2,621.3592,30.85,1.5162E5,2,9169,EAM0039_S0F3T_V8NaPho_2-E7_01_4521.d,1,1,,Oxidation or Hydroxylation; Dehydration; monomethylation,P2:Oxidation or Hydroxylation:7.65;S6:Dehydration:5.10;K7:monomethylation:78.19,PEAKS PTM
AKSIPTQRE,19.03,1028.5614,9,-6.9,515.2821,40.14,0,2,12883,EAM0039_S0F3T_V8NaPho_2-E7_01_4521.d,0,0,,,,PEAKS DB
QIKALNNKFASFIDKVRFLE,18.91,2380.3267,20,-8.4,477.0665,34.56,5.7581E5,2,10575,EAM0039_S0F3T_V8NaPho_2-E7_01_4521.d,1,1,|#CONTAM#1034577753|ref|XP_016874238.1|:|#CONTAM#15618995|ref|NP_258259.1|:|#CONTAM#1034578055|ref|XP_016874325.1|:|#CONTAM#1034578051|ref|XP_016874323.1|:|#CONTAM#226246665|ref|NP_001139698.1|:|#CONTAM#28372503|ref|NP_542785.1|:|#CONTAM#226246663|ref|NP_001139697.1|,,,PEAKS DB
TPDRKGKGTTEGKPSSFFPE,18.90,2165.0752,20,0.4,434.0206,19.50,0,2,4722,EAM0039_S0F3T_V8NaPho_2-E7_01_4521.d,0,0,,,,PEAKS DB
LLIRKLPFQRLVRE(+57.02),18.84,1837.1414,14,-6.7,460.2875,38.37,3.8322E5,2,12073,EAM0039_S0F3T_V8NaPho_2-E7_01_4521.d,1,1,XP_005463512.2,Carbamidomethylation (DHKE  X@N-term),E14:Carbamidomethylation (DHKE  X@N-term):0.00,PEAKS PTM
IAQDFKTDLRFQS(+86.00)SAVMALQE,18.82,2483.2002,21,-3.8,828.7338,70.32,4.2193E5,2,24679,EAM0039_S0F3T_V8NaPho_2-E7_01_4521.d,1,1,XP_005463512.2,Malonylation,S13:Malonylation:0.00,PEAKS PTM
APAVTTSNCLLKWLTLE,18.82,1858.9862,17,2.1,465.7527,28.72,3.4897E4,2,8325,EAM0039_S0F3T_V8NaPho_2-E7_01_4521.d,1,1,,,,PEAKS DB
R(+15.99)VGAGAPVY(-18.01)LAAVLEYLTAEILE,18.76,2415.3049,23,0.0,806.1053,34.01,0,2,10461,EAM0039_S0F3T_V8NaPho_2-E7_01_4521.d,0,0,XP_003448939.1:XP_013121737.2:XP_003459572.1:XP_003451211.1,Oxidation or Hydroxylation; Dehydration,R1:Oxidation or Hydroxylation:13.30;Y9:Dehydration:6.90,PEAKS PTM
MIGTLGDATSYGQGPRVIIE,18.68,2077.0513,20,5.0,693.3580,51.81,6.9486E5,2,17575,EAM0039_S0F3T_V8NaPho_2-E7_01_4521.d,1,1,,,,PEAKS DB
AS(+86.00)KKKGKSSTE,18.62,1235.6357,11,1.8,618.8235,31.27,0,2,9378,EAM0039_S0F3T_V8NaPho_2-E7_01_4521.d,0,0,XP_003438147.1,Malonylation,S2:Malonylation:14.47,PEAKS PTM
N(+43.01)VIRDAVTYTE(+53.92),18.59,1376.5659,11,-2.4,689.2855,54.29,0,2,18355,EAM0039_S0F3T_V8NaPho_2-E7_01_4521.d,0,0,XP_025766521.1,Carbamylation; Replacement of 2 protons by iron,N1:Carbamylation:1000.00;E11:Replacement of 2 protons by iron:22.09,PEAKS PTM
L(+43.01)RFQSSAVMALQE(+57.02),18.52,1578.7823,13,-5.0,527.2631,45.35,1.6916E5,2,14950,EAM0039_S0F3T_V8NaPho_2-E7_01_4521.d,1,1,XP_005463512.2,Carbamylation; Carbamidomethylation (DHKE  X@N-term),L1:Carbamylation:1000.00;E13:Carbamidomethylation (DHKE  X@N-term):1000.00,PEAKS PTM
T(+27.99)RGVLK(+72.02)VFLE,18.47,1260.7078,10,-6.2,631.3544,56.42,2.4597E5,2,19101,EAM0039_S0F3T_V8NaPho_2-E7_01_4521.d,1,1,XP_025766521.1,Formylation; Carboxyethyl,T1:Formylation:1000.00;K6:Carboxyethyl:1000.00,PEAKS PTM
RYKQRKRQREE,18.34,1575.8706,11,-7.4,526.2913,27.24,5.6589E6,2,7659,EAM0039_S0F3T_V8NaPho_2-E7_01_4521.d,1,1,,,,PEAKS DB
T(+114.04)LTN(+15.99)ASPVLNVQT(+114.04)KKE,18.34,1986.0382,16,-3.2,497.5130,31.34,0,2,9403,EAM0039_S0F3T_V8NaPho_2-E7_01_4521.d,0,0,,Ubiquitin; Oxidation or Hydroxylation,T1:Ubiquitin:0.00;N4:Oxidation or Hydroxylation:0.00;T13:Ubiquitin:17.01,PEAKS PTM
RT(+79.97)KPRGHE,18.32,1059.4974,8,2.3,530.7548,25.95,0,2,7264,EAM0039_S0F3T_V8NaPho_2-E7_01_4521.d,0,0,,Phosphorylation (STY),T2:Phosphorylation (STY):1000.00,PEAKS PTM
TLVRRSKE(+21.98)SYSTAPLTRK(+42.01)E,18.32,2285.2104,19,3.8,458.0490,38.99,0,2,12436,EAM0039_S0F3T_V8NaPho_2-E7_01_4521.d,0,0,,Sodium adduct; Acetylation (K),E8:Sodium adduct:56.41;K18:Acetylation (K):49.39,PEAKS PTM
RIGEGQTRLKADNKVRRRLVIPE,18.29,2703.5732,23,0.1,541.7195,20.58,3.3007E5,2,5148,EAM0039_S0F3T_V8NaPho_2-E7_01_4521.d,1,1,,,,PEAKS DB
T(+27.99)LVRRSK(+27.99)E,18.25,1043.5723,8,5.7,522.7941,38.37,0,2,12196,EAM0039_S0F3T_V8NaPho_2-E7_01_4521.d,0,0,,Formylation,T1:Formylation:1000.00;K7:Formylation:1000.00,PEAKS PTM
VIFIHDSYAKIKD,18.20,1547.8347,13,-1.6,516.9490,34.63,5.5641E4,2,10671,EAM0039_S0F3T_V8NaPho_2-E7_01_4521.d,1,1,,,,PEAKS DB
LKGRGSATAIGGIHD,18.17,1451.7844,15,8.1,484.9372,22.09,2.6353E4,2,5781,EAM0039_S0F3T_V8NaPho_2-E7_01_4521.d,1,1,,,,PEAKS DB
V(+43.01)Q(+.98)TAVR(+.98)LLLPGELAKHAVSE,18.17,2175.1899,20,-0.3,544.8022,48.61,3.362E5,2,16130,EAM0039_S0F3T_V8NaPho_2-E7_01_4521.d,1,1,XP_003438147.1,Carbamylation; Deamidation (NQ); Citrullination,V1:Carbamylation:26.00;Q2:Deamidation (NQ):1000.00;R6:Citrullination:1000.00,PEAKS PTM
GKSSSQVNRSRHE,18.13,1470.7288,13,7.4,736.3738,35.20,0,2,10935,EAM0039_S0F3T_V8NaPho_2-E7_01_4521.d,0,0,,,,PEAKS DB
TLGQEKLKLE,18.06,1157.6655,10,-4.1,579.8351,49.41,6.1278E5,2,16396,EAM0039_S0F3T_V8NaPho_2-E7_01_4521.d,1,1,|#CONTAM#372466577|ref|NP_001243222.1|:|#CONTAM#4504919|ref|NP_002264.1|:|#CONTAM#372466572|ref|NP_001243211.1|,,,PEAKS DB
L(+57.02)LIR(+31.99)KLPFQRLVRE,18.04,1869.1312,14,-9.9,468.2834,41.43,1.307E5,2,13375,EAM0039_S0F3T_V8NaPho_2-E7_01_4521.d,1,1,XP_005463512.2,Carbamidomethylation (DHKE  X@N-term); Dihydroxy,L1:Carbamidomethylation (DHKE  X@N-term):25.70;R4:Dihydroxy:17.01,PEAKS PTM
FAHLVNQE,18.02,956.4716,8,6.4,479.2440,28.64,8.6227E4,2,8405,EAM0039_S0F3T_V8NaPho_2-E7_01_4521.d,1,1,,,,PEAKS DB
LSLSLDKEQILKQKE,17.99,1771.0090,15,10.0,355.2110,5.23,2.6644E5,2,242,EAM0039_S0F3T_V8NaPho_2-E7_01_4521.d,1,1,,,,PEAKS DB
FIQFKTID,17.98,1010.5436,8,-3.1,506.2753,38.00,9.894E4,2,12001,EAM0039_S0F3T_V8NaPho_2-E7_01_4521.d,1,1,,,,PEAKS DB
RVGAGAP(+15.99)VYLAAVLE,17.97,1500.8300,15,-7.6,501.2779,22.62,0,2,5994,EAM0039_S0F3T_V8NaPho_2-E7_01_4521.d,0,0,XP_003448939.1:XP_013121737.2:XP_003459572.1:XP_003451211.1,Oxidation or Hydroxylation,P7:Oxidation or Hydroxylation:0.00,PEAKS PTM
GTITGVKPYTCSAYLGGK(+28.03)E,17.95,1971.9976,19,7.6,987.0092,37.71,1.0481E6,2,11874,EAM0039_S0F3T_V8NaPho_2-E7_01_4521.d,1,1,,Dimethylation(KR),K18:Dimethylation(KR):41.33,PEAKS PTM
RVVALGPRE,17.95,995.5876,9,1.9,498.7998,64.97,1.411E5,2,22206,EAM0039_S0F3T_V8NaPho_2-E7_01_4521.d,1,1,,,,PEAKS DB
LGSTDLLNKE,17.91,1088.5713,10,-6.9,363.8602,19.19,8.241E4,2,4571,EAM0039_S0F3T_V8NaPho_2-E7_01_4521.d,1,1,,,,PEAKS DB
I(+43.01)AQDF(+31.99)KTD(-18.01)LRFQSSAVMALQE,17.90,2454.1848,21,3.2,819.0678,58.49,6.0356E5,2,19285,EAM0039_S0F3T_V8NaPho_2-E7_01_4521.d,1,1,XP_005463512.2,Carbamylation; Dihydroxy; Dehydration,I1:Carbamylation:2.47;F5:Dihydroxy:0.00;D8:Dehydration:0.00,PEAKS PTM
LIVKAVAASK(+156.12)E(-.98),17.87,1282.8224,11,-4.8,428.6108,34.74,2.7476E6,2,10589,EAM0039_S0F3T_V8NaPho_2-E7_01_4521.d,1,1,XP_013130399.2:XP_019210165.1:XP_019210164.1:XP_019209840.1:XP_019209843.1:XP_019209837.1:XP_019209844.1,4-hydroxynonenal (HNE); Amidation,K10:4-hydroxynonenal (HNE):10.92;E11:Amidation:1000.00,PEAKS PTM
QVSVLNKPDCSESMKTD,17.75,1879.8656,17,0.2,470.9717,40.21,0,2,12911,EAM0039_S0F3T_V8NaPho_2-E7_01_4521.d,0,0,,,,PEAKS DB
EPLTVFLILE,17.68,1172.6692,10,-4.1,587.3369,17.62,3.1194E4,2,3937,EAM0039_S0F3T_V8NaPho_2-E7_01_4521.d,1,1,,,,PEAKS DB
KGSKGANVKSKHKSQYNE,17.66,1989.0392,18,-6.9,664.0128,16.31,2.6024E5,2,3314,EAM0039_S0F3T_V8NaPho_2-E7_01_4521.d,1,1,,,,PEAKS DB
TAINSMRAMGLDGERGGSFAFE,17.64,2316.0627,22,4.8,580.0231,42.59,0,2,13838,EAM0039_S0F3T_V8NaPho_2-E7_01_4521.d,0,0,,,,PEAKS DB
SLLPYPLIGLTMIMILE,17.50,1916.0767,17,-3.3,639.6945,24.19,5.9409E6,2,6932,EAM0039_S0F3T_V8NaPho_2-E7_01_4521.d,2,2,,,,PEAKS DB
QLRRQERYRKILEE,17.43,1916.0703,14,0.0,639.6945,24.19,1.9987E6,2,6543,EAM0039_S0F3T_V8NaPho_2-E7_01_4521.d,1,1,,,,PEAKS DB
VAKVRIE,17.41,813.5072,7,-6.1,407.7566,38.78,4.1528E4,2,12311,EAM0039_S0F3T_V8NaPho_2-E7_01_4521.d,1,1,,,,PEAKS DB
I(+43.01)AQD(-18.01)FK(+31.99)TDLRFQSSAVMALQE,17.39,2454.1848,21,3.5,819.0681,68.51,1.5889E6,2,24903,EAM0039_S0F3T_V8NaPho_2-E7_01_4521.d,1,1,XP_005463512.2,Carbamylation; Dehydration; Dihydroxy,I1:Carbamylation:1000.00;D4:Dehydration:5.77;K6:Dihydroxy:0.00,PEAKS PTM
IKKAYRKLALKWHPD,17.32,1866.0991,15,2.8,467.5313,17.34,5.705E5,2,3745,EAM0039_S0F3T_V8NaPho_2-E7_01_4521.d,1,1,,,,PEAKS DB
R(+27.99)K(+71.01)GKDLGAKLAKLD,17.29,1610.9229,14,0.2,537.9792,40.39,1.3259E6,2,12795,EAM0039_S0F3T_V8NaPho_2-E7_01_4521.d,1,1,,Formylation; Lactylation,R1:Formylation:4.05;K2:Lactylation:5.47,PEAKS PTM
K(+27.99)(+42.01)KAKAEAKNMAAAALAMAASATKE,17.28,2445.2720,24,4.1,816.0976,54.42,1.3296E5,2,18288,EAM0039_S0F3T_V8NaPho_2-E7_01_4521.d,1,1,#DECOY#XP_013130399.2,Formylation; Acetylation (K),K1:Formylation:0.00;K1:Acetylation (K):0.00,PEAKS PTM
RSGVSAAALKKALAAGGYD,17.26,1804.9795,19,-5.2,452.2478,36.55,5.8621E5,2,11636,EAM0039_S0F3T_V8NaPho_2-E7_01_4521.d,1,1,XP_013130399.2:XP_019210165.1:XP_019210164.1:XP_019209840.1:XP_019209843.1:XP_019209837.1:XP_019209844.1,,,PEAKS DB
IAQDFKTD(-18.01)LRF(+31.99)QSSAVMALQE,17.26,2411.1790,21,-10.1,804.7219,53.93,0,2,18223,EAM0039_S0F3T_V8NaPho_2-E7_01_4521.d,0,0,XP_005463512.2,Dehydration; Dihydroxy,D8:Dehydration:0.00;F11:Dihydroxy:0.00,PEAKS PTM
RIAAEAS(-18.01)R(+14.02)LAHYNKRSTITSRE,17.20,2525.3574,22,8.5,506.0808,18.33,0,2,4230,EAM0039_S0F3T_V8NaPho_2-E7_01_4521.d,0,0,XP_003451196.1,Dehydration; Methylation(KR),S7:Dehydration:23.70;R8:Methylation(KR):9.75,PEAKS PTM
AKSVPQIE,17.17,870.4811,8,-4.7,436.2438,22.56,2.8528E5,2,6141,EAM0039_S0F3T_V8NaPho_2-E7_01_4521.d,1,1,,,,PEAKS DB
GRGALIEFVTNKTGRTMGLTLARD,17.12,2576.3857,24,7.8,516.2861,32.93,0,2,10032,EAM0039_S0F3T_V8NaPho_2-E7_01_4521.d,0,0,,,,PEAKS DB
ASKK(+15.99)KGKSSTE(-.98),17.08,1164.6462,11,-9.4,583.3223,26.34,0,2,7403,EAM0039_S0F3T_V8NaPho_2-E7_01_4521.d,0,0,XP_003438147.1,Oxidation or Hydroxylation; Amidation,K4:Oxidation or Hydroxylation:0.00;E11:Amidation:1000.00,PEAKS PTM
LAGK(+72.02)LGNLD,17.06,971.5287,9,8.5,486.7736,24.49,0,2,6702,EAM0039_S0F3T_V8NaPho_2-E7_01_4521.d,0,0,,Carboxyethyl,K4:Carboxyethyl:1000.00,PEAKS PTM
LAGNAARDNKK(+43.01)TRIIPRHLQLAVRND(+15.99)E,17.02,3127.7075,27,-0.8,782.9301,28.50,5.9344E5,2,8243,EAM0039_S0F3T_V8NaPho_2-E7_01_4521.d,1,1,XP_003448939.1:XP_013121737.2:XP_003459572.1:XP_003451211.1,Carbamylation; Oxidation or Hydroxylation,K11:Carbamylation:0.00;D26:Oxidation or Hydroxylation:0.00,PEAKS PTM
NWSISSATNMTATLLSIVTNRQLHKIGIE,16.99,3197.6868,29,2.0,640.5430,23.67,0,2,6398,EAM0039_S0F3T_V8NaPho_2-E7_01_4521.d,0,0,,,,PEAKS DB
SKGTSDVLLQVETIAQE,16.96,1816.9418,17,6.7,606.6559,46.18,1.0225E5,2,15247,EAM0039_S0F3T_V8NaPho_2-E7_01_4521.d,1,1,|#CONTAM#34577047|ref|NP_899236.1|,,,PEAKS DB
FAKYDFE,16.93,918.4123,7,-7.7,460.2078,18.18,7.217E4,2,4303,EAM0039_S0F3T_V8NaPho_2-E7_01_4521.d,1,1,,,,PEAKS DB
LK(+72.02)GRGSATAIGGIHD,16.87,1523.8055,15,3.3,381.9582,21.45,3.6341E4,2,5516,EAM0039_S0F3T_V8NaPho_2-E7_01_4521.d,1,1,,Carboxyethyl,K2:Carboxyethyl:1000.00,PEAKS PTM
RSGVSAAALK(+156.12)K(+71.01)ALAAGGYDVD,16.86,2246.2031,21,-7.0,562.5516,42.47,7.0519E4,2,13767,EAM0039_S0F3T_V8NaPho_2-E7_01_4521.d,1,1,XP_013130399.2:XP_019210165.1:XP_019210164.1:XP_019209840.1:XP_019209843.1:XP_019209837.1:XP_019209844.1,4-hydroxynonenal (HNE); Lactylation,K10:4-hydroxynonenal (HNE):0.00;K11:Lactylation:0.00,PEAKS PTM
KHHSVNVMAEVAPAAAPAPATE,16.83,2197.0950,22,2.4,733.3707,48.51,0,2,16133,EAM0039_S0F3T_V8NaPho_2-E7_01_4521.d,0,0,XP_003448795.2,,,PEAKS DB
TLTNAS(+44.01)PVLNVQT(+114.04)KKE,16.78,1900.0088,16,4.5,476.0095,37.43,2.4137E5,2,11776,EAM0039_S0F3T_V8NaPho_2-E7_01_4521.d,1,1,,S-Ethylcystine from Serine; Ubiquitin,S6:S-Ethylcystine from Serine:1000.00;T13:Ubiquitin:0.00,PEAKS PTM
L(+43.01)AK(+27.99)HAVSE,16.75,924.4665,8,-4.8,463.2362,33.54,5.459E4,2,10250,EAM0039_S0F3T_V8NaPho_2-E7_01_4521.d,1,1,XP_003451196.1:XP_003438147.1,Carbamylation; Formylation,L1:Carbamylation:8.22;K3:Formylation:8.22,PEAKS PTM
KNSKILE,16.75,830.4861,7,-2.8,416.2473,29.45,0,2,8645,EAM0039_S0F3T_V8NaPho_2-E7_01_4521.d,0,0,,,,PEAKS DB
RKRELIQE,16.73,1070.6196,8,2.6,357.8798,19.33,3.6564E4,2,4620,EAM0039_S0F3T_V8NaPho_2-E7_01_4521.d,1,1,,,,PEAKS DB
AQGLSAQVEKKRKLD,16.73,1669.9475,15,-4.2,418.4905,7.27,0,2,747,EAM0039_S0F3T_V8NaPho_2-E7_01_4521.d,0,0,,,,PEAKS DB
QALIAEAANPTD,16.71,1212.5986,12,-7.4,607.2994,32.22,1.0297E5,2,9741,EAM0039_S0F3T_V8NaPho_2-E7_01_4521.d,1,1,,,,PEAKS DB
LADSLLSRLVPKKDLHSPVAGYWLTASGE,16.71,3122.6763,29,-9.4,625.5339,46.97,5.902E6,2,15466,EAM0039_S0F3T_V8NaPho_2-E7_01_4521.d,1,1,,,,PEAKS DB
RK(+27.99)GKDLGAKLAK(+71.01)LD,16.69,1610.9229,14,0.2,537.9792,40.39,1.3259E6,2,12917,EAM0039_S0F3T_V8NaPho_2-E7_01_4521.d,1,1,,Formylation; Lactylation,K2:Formylation:0.00;K12:Lactylation:16.15,PEAKS PTM
F(+226.08)K(+226.08)TDLR(+18.04)FQSSAVMALQE,16.66,2440.1860,17,-7.3,814.3931,70.33,0,2,24329,EAM0039_S0F3T_V8NaPho_2-E7_01_4521.d,0,0,XP_005463512.2,Biotinylation; monomethylation,F1:Biotinylation:1000.00;K2:Biotinylation:1000.00;R6:monomethylation:1000.00,PEAKS PTM
T(+43.01)RGVLKVFLE(+53.92)(+57.02),16.65,1314.6383,10,-0.4,658.3232,55.66,3.4307E4,2,18793,EAM0039_S0F3T_V8NaPho_2-E7_01_4521.d,1,1,XP_025766521.1,Carbamylation; Replacement of 2 protons by iron; Carbamidomethylation (DHKE  X@N-term),T1:Carbamylation:17.91;E10:Replacement of 2 protons by iron:1000.00;E10:Carbamidomethylation (DHKE  X@N-term):49.79,PEAKS PTM
LNRVIQRLRSEID,16.60,1610.9216,13,-7.1,806.4587,40.35,5.3523E5,2,12902,EAM0039_S0F3T_V8NaPho_2-E7_01_4521.d,1,1,,,,PEAKS DB
QLFCKHERLYPE,16.59,1561.7711,12,-2.5,521.5940,35.78,1.3423E5,2,11139,EAM0039_S0F3T_V8NaPho_2-E7_01_4521.d,1,1,,,,PEAKS DB
IEFLKVLYDAE,16.55,1338.7070,11,-2.4,447.2399,24.26,2.193E5,2,6851,EAM0039_S0F3T_V8NaPho_2-E7_01_4521.d,1,1,|#CONTAM#47132620|ref|NP_000414.2|,,,PEAKS DB
LPGVLWLSKGPIHQEIVTE,16.55,2115.1729,19,1.7,706.0629,29.27,3.5267E5,2,8544,EAM0039_S0F3T_V8NaPho_2-E7_01_4521.d,1,1,,,,PEAKS DB
VLQLSDLRIAMQLE,16.53,1627.8967,14,0.7,543.6375,46.21,3.5128E4,2,15236,EAM0039_S0F3T_V8NaPho_2-E7_01_4521.d,1,1,,,,PEAKS DB
RIQNRLLYHRSSKHPISTPTNKVATVHLKHD,16.48,3646.0081,31,3.9,730.2085,15.06,0,2,2908,EAM0039_S0F3T_V8NaPho_2-E7_01_4521.d,0,0,,,,PEAKS DB
AK(+43.01)SKTKQAKE,16.47,1160.6512,10,-7.3,581.3260,42.99,0,2,13996,EAM0039_S0F3T_V8NaPho_2-E7_01_4521.d,0,0,,Carbamylation,K2:Carbamylation:0.00,PEAKS PTM
K(+226.08)VRKSAR(+18.04)YGRE,16.47,1592.8842,11,-6.0,399.2242,37.57,8.8105E4,2,11853,EAM0039_S0F3T_V8NaPho_2-E7_01_4521.d,1,1,,Biotinylation; monomethylation,K1:Biotinylation:7.77;R7:monomethylation:0.00,PEAKS PTM
EMQVQLD,16.46,861.3902,7,-5.3,431.6982,34.77,3.487E5,2,10879,EAM0039_S0F3T_V8NaPho_2-E7_01_4521.d,1,1,|#CONTAM#34577047|ref|NP_899236.1|,,,PEAKS DB
QLRLGLKTVEEVQKTLNKFLTKATSIAGLYLE,16.44,3604.0603,32,-9.4,721.8093,14.42,0,2,2720,EAM0039_S0F3T_V8NaPho_2-E7_01_4521.d,0,0,,,,PEAKS DB
RLAGVWRE,16.39,985.5457,8,-9.2,493.7734,21.17,9.2795E4,2,5400,EAM0039_S0F3T_V8NaPho_2-E7_01_4521.d,1,1,,,,PEAKS DB
LRCTVNALE,16.38,1017.5277,9,1.6,509.7697,48.29,7.4205E4,2,16096,EAM0039_S0F3T_V8NaPho_2-E7_01_4521.d,1,1,,,,PEAKS DB
QILK(+71.01)VVTASKE,16.33,1285.7367,11,6.6,429.5871,33.33,8.8563E4,2,10118,EAM0039_S0F3T_V8NaPho_2-E7_01_4521.d,1,1,XP_003459589.1,Lactylation,K4:Lactylation:5.17,PEAKS PTM
LEGKLEALRE,16.22,1156.6451,10,-6.3,579.3236,50.84,3.7639E5,2,17382,EAM0039_S0F3T_V8NaPho_2-E7_01_4521.d,1,1,,,,PEAKS DB
ASRLAHY(-18.01)NKRS(+44.01)TITSRE,16.22,2015.0482,17,4.0,404.0167,17.92,0,2,4067,EAM0039_S0F3T_V8NaPho_2-E7_01_4521.d,0,0,XP_003451196.1,Dehydration; S-Ethylcystine from Serine,Y7:Dehydration:2.87;S11:S-Ethylcystine from Serine:25.70,PEAKS PTM
AQLSSNPKEDINSALVSQRLKE,16.19,2426.2764,22,-2.9,486.2590,17.42,0,2,3825,EAM0039_S0F3T_V8NaPho_2-E7_01_4521.d,0,0,,,,PEAKS DB
ALYSRPLLQPE,16.15,1285.7030,11,-1.6,643.8549,51.89,0,2,17440,EAM0039_S0F3T_V8NaPho_2-E7_01_4521.d,0,0,,,,PEAKS DB
KIATTAEPAD,16.14,1015.5186,10,-8.5,508.7600,26.41,7.0235E4,2,7503,EAM0039_S0F3T_V8NaPho_2-E7_01_4521.d,1,1,|#CONTAM#34577047|ref|NP_899236.1|,,,PEAKS DB
G(+43.01)TK(+57.02)AVTKYTSSK,16.12,1369.7201,12,-4.8,457.5764,18.08,0,2,4128,EAM0039_S0F3T_V8NaPho_2-E7_01_4521.d,0,0,XP_003451196.1:XP_003438147.1,Carbamylation; Carbamidomethylation (DHKE  X@N-term),G1:Carbamylation:0.00;K3:Carbamidomethylation (DHKE  X@N-term):0.00,PEAKS PTM
K(+43.01)KSKMRTMTAD(+57.02)LALGISTKAVTALD,16.12,2749.4829,25,3.4,688.3773,24.72,1.0719E6,2,6762,EAM0039_S0F3T_V8NaPho_2-E7_01_4521.d,1,1,,Carbamylation; Carbamidomethylation (DHKE  X@N-term),K1:Carbamylation:0.00;D11:Carbamidomethylation (DHKE  X@N-term):6.04,PEAKS PTM
SAADFVLGAD,16.09,964.4501,10,-7.2,483.2267,36.44,5.6331E4,2,11406,EAM0039_S0F3T_V8NaPho_2-E7_01_4521.d,1,1,,,,PEAKS DB
ASLMKKD,16.09,791.4211,7,7.4,396.7190,20.71,3.7131E4,2,5233,EAM0039_S0F3T_V8NaPho_2-E7_01_4521.d,1,1,,,,PEAKS DB
I(+43.01)AQDFK(+14.02)TD,16.07,993.4767,8,-9.4,497.7387,45.97,6.1107E4,2,15105,EAM0039_S0F3T_V8NaPho_2-E7_01_4521.d,1,1,XP_005463512.2,Carbamylation; Methylation(KR),I1:Carbamylation:1000.00;K6:Methylation(KR):1000.00,PEAKS PTM
GLAGDPRVDRFLD,16.03,1429.7313,13,4.5,477.5844,10.43,0,2,1894,EAM0039_S0F3T_V8NaPho_2-E7_01_4521.d,0,0,,,,PEAKS DB
LLRCGNLE,16.02,916.4800,8,-1.7,459.2445,46.31,1.1087E5,2,15270,EAM0039_S0F3T_V8NaPho_2-E7_01_4521.d,1,1,,,,PEAKS DB
VVLYYITTCDRGCNLLE,15.98,1973.9591,17,8.3,658.9962,59.69,0,2,20363,EAM0039_S0F3T_V8NaPho_2-E7_01_4521.d,0,0,,,,PEAKS DB
ANAINLAATPTETE,15.95,1414.6940,14,4.8,708.3545,51.95,3.2147E4,2,17470,EAM0039_S0F3T_V8NaPho_2-E7_01_4521.d,1,1,,,,PEAKS DB
TGERMQAQKFHKKGTRHWE,15.94,2354.1814,19,-7.6,785.7249,42.92,1.9965E5,2,13912,EAM0039_S0F3T_V8NaPho_2-E7_01_4521.d,1,1,,,,PEAKS DB
NQYETQITQIE,15.93,1365.6412,11,3.8,456.2207,21.97,2.499E5,2,5813,EAM0039_S0F3T_V8NaPho_2-E7_01_4521.d,2,2,,,,PEAKS DB
YLTAEILE(+21.98)LAGNAARD(+37.95),15.93,1778.8127,16,9.5,593.9478,23.04,1.7244E4,2,6122,EAM0039_S0F3T_V8NaPho_2-E7_01_4521.d,1,1,XP_003448939.1:XP_013121737.2:XP_003459572.1:XP_003451211.1,Sodium adduct; Replacement of 2 protons by calcium,E8:Sodium adduct:0.00;D16:Replacement of 2 protons by calcium:0.00,PEAKS PTM
TKWELLQQLDLNNCKKNLEPILE,15.92,2781.4734,23,-0.4,557.2993,34.97,0,2,10846,EAM0039_S0F3T_V8NaPho_2-E7_01_4521.d,0,0,|#CONTAM#148612803|ref|NP_778223.2|,,,PEAKS DB
LHQKHVVNSWE,15.91,1375.6997,11,1.4,459.5724,10.10,0,2,1779,EAM0039_S0F3T_V8NaPho_2-E7_01_4521.d,0,0,,,,PEAKS DB
L(+43.01)R(+.98)FQSSAVMALQE,15.90,1522.7450,13,-3.0,762.3741,71.46,0,2,24718,EAM0039_S0F3T_V8NaPho_2-E7_01_4521.d,0,0,XP_005463512.2,Carbamylation; Citrullination,L1:Carbamylation:1000.00;R2:Citrullination:1000.00,PEAKS PTM
R(+43.01)K(+31.99)GVS(-18.01)LAALKKALAAGGYDVE,15.90,2173.1855,21,3.7,544.3032,44.62,2.206E5,2,14620,EAM0039_S0F3T_V8NaPho_2-E7_01_4521.d,1,1,XP_003459589.1,Carbamylation; Dihydroxy; Dehydration,R1:Carbamylation:8.14;K2:Dihydroxy:8.14;S5:Dehydration:30.24,PEAKS PTM
IQ(+.98)TAVR(+31.99)LLLPGE,15.88,1341.7504,12,9.5,671.8859,28.96,1.1619E5,2,8929,EAM0039_S0F3T_V8NaPho_2-E7_01_4521.d,1,1,XP_003451196.1,Deamidation (NQ); Dihydroxy,Q2:Deamidation (NQ):1000.00;R6:Dihydroxy:42.68,PEAKS PTM
L(+57.02)ALGISTKAVTALD,15.86,1428.8187,14,-6.2,477.2751,27.24,7.7769E5,2,7718,EAM0039_S0F3T_V8NaPho_2-E7_01_4521.d,2,2,,Carbamidomethylation (DHKE  X@N-term),L1:Carbamidomethylation (DHKE  X@N-term):30.24,PEAKS PTM
NINLQMKKSE,15.85,1203.6282,10,-7.6,602.8141,32.00,7.8457E5,2,9609,EAM0039_S0F3T_V8NaPho_2-E7_01_4521.d,1,1,,,,PEAKS DB
NVSKATLSLLE,15.81,1173.6605,11,5.6,587.8382,56.38,2.6989E4,2,19125,EAM0039_S0F3T_V8NaPho_2-E7_01_4521.d,1,1,,,,PEAKS DB
EEQKLTVE,15.78,974.4920,8,-6.9,488.2477,39.14,1.0947E5,2,12417,EAM0039_S0F3T_V8NaPho_2-E7_01_4521.d,1,1,,,,PEAKS DB
IAQDFKTDLR(+.98)FQ(+.98)SSAVMALQE,15.77,2399.1677,21,-1.5,800.7251,73.78,0,2,25479,EAM0039_S0F3T_V8NaPho_2-E7_01_4521.d,0,0,XP_005463512.2,Citrullination; Deamidation (NQ),R10:Citrullination:1000.00;Q12:Deamidation (NQ):0.00,PEAKS PTM
L(+27.99)IVK(+72.02)AVAASKE,15.76,1227.7074,11,-4.1,614.8557,32.74,4.3598E4,2,9928,EAM0039_S0F3T_V8NaPho_2-E7_01_4521.d,1,1,XP_013130399.2:XP_019210165.1:XP_019210164.1:XP_019209840.1:XP_019209843.1:XP_019209837.1:XP_019209844.1,Formylation; Carboxyethyl,L1:Formylation:42.99;K4:Carboxyethyl:45.03,PEAKS PTM
DNDSTNKLTSINGGSQLTFRNLE,15.74,2523.2202,23,5.1,631.8127,20.79,0,2,5261,EAM0039_S0F3T_V8NaPho_2-E7_01_4521.d,0,0,,,,PEAKS DB
T(+57.02)LVRRSKE(+61.92)SYSTAPLTRKE,15.72,2340.1611,19,8.6,586.0500,18.74,1.2551E5,2,4361,EAM0039_S0F3T_V8NaPho_2-E7_01_4521.d,1,1,,Carbamidomethylation (DHKE  X@N-term); Replacement of proton by copper,T1:Carbamidomethylation (DHKE  X@N-term):41.57;E8:Replacement of proton by copper:3.11,PEAKS PTM
RQQPLKE,15.72,897.5032,7,-8.1,449.7532,40.68,8.9868E4,2,13101,EAM0039_S0F3T_V8NaPho_2-E7_01_4521.d,1,1,,,,PEAKS DB
IGDYSHKNIKVKLSLQDE,15.72,2086.1057,18,10.1,522.5366,41.85,0,2,13560,EAM0039_S0F3T_V8NaPho_2-E7_01_4521.d,0,0,,,,PEAKS DB
AAQAVSPVAPKKNSPKE,15.70,1720.9471,17,1.1,431.2426,24.77,0,2,6808,EAM0039_S0F3T_V8NaPho_2-E7_01_4521.d,0,0,,,,PEAKS DB
LKGRGSATAIGGIHDASRGNVAIIKRGD,15.68,2789.5371,28,6.2,558.9156,33.02,1.0757E5,2,10126,EAM0039_S0F3T_V8NaPho_2-E7_01_4521.d,1,1,,,,PEAKS DB
WQLSTARKQGTSTAGLRE,15.68,1989.0392,18,-7.3,664.0125,9.67,1.4441E6,2,1574,EAM0039_S0F3T_V8NaPho_2-E7_01_4521.d,1,1,,,,PEAKS DB
CALQQAKQD,15.66,1003.4756,9,4.1,502.7449,53.75,1.9501E4,2,18196,EAM0039_S0F3T_V8NaPho_2-E7_01_4521.d,1,1,,,,PEAKS DB
ASKKKGK(+28.03)SSTE,15.65,1177.6666,11,-4.8,589.8351,40.11,1.5174E5,2,12982,EAM0039_S0F3T_V8NaPho_2-E7_01_4521.d,1,1,XP_003438147.1,Dimethylation(KR),K7:Dimethylation(KR):11.12,PEAKS PTM
LKKLAQSPQSMQLILVALQQLKLE,15.65,2719.6033,24,5.7,544.9286,33.00,0,2,10064,EAM0039_S0F3T_V8NaPho_2-E7_01_4521.d,0,0,,,,PEAKS DB
LNRVLGE,15.64,799.4552,7,8.9,400.7366,29.03,6.0299E5,2,8300,EAM0039_S0F3T_V8NaPho_2-E7_01_4521.d,1,1,,,,PEAKS DB
DR(+31.99)VVALGPR(+31.99)E,15.63,1174.5941,10,0.3,392.5370,27.76,6.6531E4,2,7918,EAM0039_S0F3T_V8NaPho_2-E7_01_4521.d,1,1,,Dihydroxy,R2:Dihydroxy:9.45;R9:Dihydroxy:17.01,PEAKS PTM
TQVPVSQQNLHSFYDRIKFLVGRD,15.61,2846.4827,24,9.5,712.6315,34.29,9.1636E4,2,10564,EAM0039_S0F3T_V8NaPho_2-E7_01_4521.d,1,1,,,,PEAKS DB
G(+43.01)TITGVK(+18.04)PYTCSAYLGGKE,15.61,2005.0099,19,-9.5,402.0037,10.04,0,2,1759,EAM0039_S0F3T_V8NaPho_2-E7_01_4521.d,0,0,,Carbamylation; monomethylation,G1:Carbamylation:0.00;K7:monomethylation:0.00,PEAKS PTM
GTITGVK(+43.01)PYTCSAYLGGK(+28.03)E,15.60,2015.0033,19,7.1,1008.5116,46.90,1.314E6,2,15663,EAM0039_S0F3T_V8NaPho_2-E7_01_4521.d,1,1,,Carbamylation; Dimethylation(KR),K7:Carbamylation:0.00;K18:Dimethylation(KR):41.98,PEAKS PTM
R(+.98)AAKVLAGAKAAK(+114.04)TAPD,15.56,1752.9845,17,4.2,439.2533,28.05,9.2312E4,2,8055,EAM0039_S0F3T_V8NaPho_2-E7_01_4521.d,1,1,#DECOY#XP_013130399.2,Citrullination; Ubiquitin,R1:Citrullination:1000.00;K13:Ubiquitin:0.00,PEAKS PTM
AAQR(+15.99)LVNRLP(+31.99),15.55,1184.6625,10,5.0,593.3388,50.04,1.6434E5,2,16652,EAM0039_S0F3T_V8NaPho_2-E7_01_4521.d,1,1,,Oxidation or Hydroxylation; Dihydroxy,R4:Oxidation or Hydroxylation:6.63;P10:Dihydroxy:27.16,PEAKS PTM
AKRK(+226.08)APKSAKGKAE(+21.98),15.55,1716.9432,14,6.7,573.3229,9.26,0,2,1409,EAM0039_S0F3T_V8NaPho_2-E7_01_4521.d,0,0,,Biotinylation; Sodium adduct,K4:Biotinylation:5.77;E14:Sodium adduct:1000.00,PEAKS PTM
R(+43.01)VGAGAPVYLAAVLE,15.54,1527.8408,15,-2.7,764.9222,75.86,0,2,26068,EAM0039_S0F3T_V8NaPho_2-E7_01_4521.d,0,0,XP_003448939.1:XP_013121737.2:XP_003459572.1:XP_003451211.1,Carbamylation,R1:Carbamylation:1000.00,PEAKS PTM
EVLASAVRAED,15.52,1158.5880,11,-0.4,580.2985,48.46,0,2,16113,EAM0039_S0F3T_V8NaPho_2-E7_01_4521.d,0,0,,,,PEAKS DB
LRGSSAGLSE,15.50,975.4985,10,-3.9,488.7524,26.31,1.5851E5,2,7517,EAM0039_S0F3T_V8NaPho_2-E7_01_4521.d,1,1,,,,PEAKS DB
I(+43.01)AQDF(+31.99)KT(-18.01)DLRFQSSAVMALQE,15.49,2454.1848,21,3.2,819.0678,58.49,6.0356E5,2,19093,EAM0039_S0F3T_V8NaPho_2-E7_01_4521.d,1,1,XP_005463512.2,Carbamylation; Dihydroxy; Dehydration,I1:Carbamylation:12.67;F5:Dihydroxy:0.00;T7:Dehydration:0.00,PEAKS PTM
VQT(-18.01)AVR(+31.99)LLLPGE,15.46,1308.7401,12,0.1,655.3745,55.45,0,2,18789,EAM0039_S0F3T_V8NaPho_2-E7_01_4521.d,0,0,XP_003438147.1,Dehydration; Dihydroxy,T3:Dehydration:1000.00;R6:Dihydroxy:61.69,PEAKS PTM
TLTNASPVLNVQT(+114.04)K(+71.01)KE,15.44,1927.0137,16,-5.7,482.7558,18.97,0,2,4495,EAM0039_S0F3T_V8NaPho_2-E7_01_4521.d,0,0,,Ubiquitin; Lactylation,T13:Ubiquitin:0.00;K14:Lactylation:14.02,PEAKS PTM
AYAKAAPS(+44.01)PAEPE,15.44,1344.6383,13,9.1,673.3295,20.37,6.4099E4,2,5102,EAM0039_S0F3T_V8NaPho_2-E7_01_4521.d,1,1,,S-Ethylcystine from Serine,S8:S-Ethylcystine from Serine:1000.00,PEAKS PTM
SVLRHK(+42.01)D(-18.01)PE,15.43,1103.5723,9,-8.5,552.7863,22.24,3.0097E5,2,6443,EAM0039_S0F3T_V8NaPho_2-E7_01_4521.d,1,1,,Acetylation (K); Dehydration,K6:Acetylation (K):1000.00;D7:Dehydration:17.21,PEAKS PTM
TTQHKSRKLTLSDE,15.40,1642.8638,14,4.1,411.7231,16.16,0,2,3255,EAM0039_S0F3T_V8NaPho_2-E7_01_4521.d,0,0,,,,PEAKS DB
Q(+226.08)ILK(+72.02)VVTASKE,15.38,1512.8221,11,-7.5,505.2753,25.45,3.8434E5,2,7989,EAM0039_S0F3T_V8NaPho_2-E7_01_4521.d,1,1,XP_003459589.1,Biotinylation; Carboxyethyl,Q1:Biotinylation:38.24;K4:Carboxyethyl:47.92,PEAKS PTM
EQKSVMLKCGEE,15.34,1379.6425,12,5.1,690.8289,17.94,4.5645E4,2,4064,EAM0039_S0F3T_V8NaPho_2-E7_01_4521.d,1,1,,,,PEAKS DB
LGHGARAISRE,15.34,1165.6316,11,8.4,583.8254,18.01,8.6484E4,2,4615,EAM0039_S0F3T_V8NaPho_2-E7_01_4521.d,1,1,,,,PEAKS DB
NPTSLLHGWTE,15.33,1253.6040,11,6.1,627.8103,36.02,1.6372E5,2,11234,EAM0039_S0F3T_V8NaPho_2-E7_01_4521.d,1,1,,,,PEAKS DB
ADGVNIKRD,15.32,986.5145,9,0.7,494.2627,23.24,0,2,6240,EAM0039_S0F3T_V8NaPho_2-E7_01_4521.d,0,0,XP_013121737.2,,,PEAKS DB
R(+27.99)KGVSLAALKKALAAGGYDVE,15.28,2144.1953,21,-1.5,715.7348,51.11,0,2,17137,EAM0039_S0F3T_V8NaPho_2-E7_01_4521.d,0,0,XP_003459589.1,Formylation,R1:Formylation:0.00,PEAKS PTM
KAKPIASVLLPMKAAASSTKPP,15.27,2205.2917,22,0.0,442.0637,30.61,7.9053E4,2,9067,EAM0039_S0F3T_V8NaPho_2-E7_01_4521.d,1,1,,,,PEAKS DB
AKKAAKPAPKAS(+86.00)AAKKE,15.26,1780.0206,17,-8.0,446.0069,9.38,4.6475E4,2,1424,EAM0039_S0F3T_V8NaPho_2-E7_01_4521.d,1,1,,Malonylation,S12:Malonylation:1000.00,PEAKS PTM
GRGALIE,15.25,714.4024,7,6.1,358.2091,27.43,0,2,7832,EAM0039_S0F3T_V8NaPho_2-E7_01_4521.d,0,0,,,,PEAKS DB
RVGAGAPVYLAAVLE(-.98)(+61.92),15.24,1545.7728,15,0.0,516.2626,59.09,0,2,20147,EAM0039_S0F3T_V8NaPho_2-E7_01_4521.d,0,0,XP_003448939.1:XP_013121737.2:XP_003459572.1:XP_003451211.1,Amidation; Replacement of proton by copper,E15:Amidation:1000.00;E15:Replacement of proton by copper:1000.00,PEAKS PTM
GTKAVTK(+71.01)YTSSK(+42.01),15.24,1382.7167,12,4.6,692.3657,29.16,0,2,8526,EAM0039_S0F3T_V8NaPho_2-E7_01_4521.d,0,0,XP_003451196.1:XP_003438147.1,Lactylation; Acetylation (K),K7:Lactylation:0.00;K12:Acetylation (K):9.30,PEAKS PTM
RSLSLLFLARNE,15.21,1417.8041,12,-9.7,355.4533,30.92,1.7317E5,2,9173,EAM0039_S0F3T_V8NaPho_2-E7_01_4521.d,1,1,,,,PEAKS DB
IAQDFK(+14.02)TDLRFQSSAVMALQ(+.98)E,15.17,2412.1995,21,-9.0,805.0629,73.61,0,2,25426,EAM0039_S0F3T_V8NaPho_2-E7_01_4521.d,0,0,XP_005463512.2,Methylation(KR); Deamidation (NQ),K6:Methylation(KR):0.00;Q20:Deamidation (NQ):39.54,PEAKS PTM
V(+43.01)AT(+79.97)AQERGPKKLE,15.16,1548.7661,13,-3.7,775.3840,38.04,1.9665E5,2,12069,EAM0039_S0F3T_V8NaPho_2-E7_01_4521.d,1,1,,Carbamylation; Phosphorylation (STY),V1:Carbamylation:20.00;T3:Phosphorylation (STY):1000.00,PEAKS PTM
AYAK(+18.04)AAPSPAE(+21.98)PE,15.14,1340.6497,13,2.4,447.8896,19.92,1.4665E5,2,4890,EAM0039_S0F3T_V8NaPho_2-E7_01_4521.d,1,1,,monomethylation; Sodium adduct,K4:monomethylation:12.33;E11:Sodium adduct:0.00,PEAKS PTM
ELQQKILCAKAE,15.09,1372.7384,12,3.4,687.3757,18.40,0,2,4258,EAM0039_S0F3T_V8NaPho_2-E7_01_4521.d,0,0,,,,PEAKS DB
LAGNAARDNK(+43.01)KTRIIP(+15.99)RHLQLAVRNDE,15.09,3127.7075,27,3.2,626.5480,28.50,1.4725E6,2,8229,EAM0039_S0F3T_V8NaPho_2-E7_01_4521.d,1,1,XP_003448939.1:XP_013121737.2:XP_003459572.1:XP_003451211.1,Carbamylation; Oxidation or Hydroxylation,K10:Carbamylation:0.00;P16:Oxidation or Hydroxylation:0.00,PEAKS PTM
TQALKPFSND,15.08,1119.5560,10,5.9,560.7861,39.51,0,2,12631,EAM0039_S0F3T_V8NaPho_2-E7_01_4521.d,0,0,,,,PEAKS DB
YIQLLASGPLSLGME,15.06,1590.8326,15,-0.9,531.2820,49.57,0,2,16545,EAM0039_S0F3T_V8NaPho_2-E7_01_4521.d,0,0,,,,PEAKS DB
