Peptide,Protein,Protein Description,Peptide Modified Sequence,Begin Pos,End Pos,Average Measured Retention Time,Peptide Note,29_G1F2T_Tryp-R_1-A4_01_4301 Normalized Area,30_G1F3T_Tryp-R_1-B5_01_4307 Normalized Area,31_G1F4T_Tryp-R_1-C6_01_4313 Normalized Area,29_G2F1T_Tryp-R_1-A5_01_4303 Normalized Area,30_G2F2T_Tryp-R_1-B6_01_4309 Normalized Area,31_G2F6T_Tryp-R_1-C7_01_4315 Normalized Area,29_CnF1T_Tryp-R_1-A6_01_4305 Normalized Area,30_CnF2T_Tryp-R_1-B7_01_4311 Normalized Area,31_CnF6T_Tryp-R_1-C8_01_4317 Normalized Area
GKTGGKAR,XP_003448939.1,NA,G[+56]K[+56]TGGK[+56]AR,#N/A,#N/A,21.52,NA,8.2519E+6,5.5459E+6,3.7845E+6,3.4350E+6,5.3075E+6,3.1252E+6,4.3335E+6,2.9016E+6,1.6282E+6
GKTGGKAR,XP_003448939.1,NA,G[+43]K[+56]TGGK[+56]AR,#N/A,#N/A,25.24,NA,1.6452E+8,1.2506E+8,8.5525E+7,7.5575E+7,9.9460E+7,8.3754E+7,1.0266E+8,7.7553E+7,5.4193E+7
SSRAGLQFPVGR,XP_003448939.1,NA,S[+56]S[+114]RAGLQFPVGR,#N/A,#N/A,38.33,NA,4.7891E+5,4.6086E+5,2.1384E+5,9.3720E+4,3.8543E+5,3.9493E+5,1.3832E+5,3.1857E+5,6.6523E+4
SSRAGLQFPVGR,XP_003448939.1,NA,S[+114]S[+56]RAGLQFPVGR,#N/A,#N/A,38.23,NA,4.8112E+6,4.5274E+6,2.5004E+6,1.3236E+6,4.2294E+6,4.5832E+6,1.9747E+6,3.3481E+6,1.2055E+6
SSRAGLQFPVGR,XP_003448939.1,NA,S[-18]S[+114]RAGLQFPVGR,#N/A,#N/A,38.22,NA,6.3295E+6,5.6040E+6,2.0635E+6,1.3007E+6,4.7857E+6,4.7172E+6,1.9705E+6,3.4816E+6,1.1024E+6
SSRAGLQFPVGR,XP_003448939.1,NA,S[+226.1]SR[+1]AGLQFPVGR,#N/A,#N/A,38.28,NA,5.8539E+6,3.1955E+7,6.0087E+6,3.7571E+6,3.2697E+7,9.9078E+6,3.3800E+6,1.8185E+7,3.7790E+6
SSRAGLQFPVGR,XP_003448939.1,NA,S[+42]S[+56]RAGLQFPVGR,#N/A,#N/A,57.4,NA,1.5968E+7,1.0511E+7,1.5195E+7,5.3909E+6,1.3816E+7,1.3342E+7,2.7174E+6,9.8456E+6,1.8958E+6
SSRAGLQFPVGR,XP_003448939.1,NA,S[+57]S[+56]RAGLQFPVGR,#N/A,#N/A,38.22,NA,5.0998E+6,4.7829E+6,1.7785E+6,1.1516E+6,3.9580E+6,3.9098E+6,1.7455E+6,2.9206E+6,9.7204E+5
SSRAGLQFPVGR,XP_003448939.1,NA,SS[+114]R[+14]AGLQFPVGR,#N/A,#N/A,38.15,NA,2.6804E+8,3.2102E+8,1.6548E+8,8.0935E+7,3.5941E+8,4.2776E+8,1.4440E+8,3.1226E+8,1.3677E+8
SSRAGLQFPVGR,XP_003448939.1,NA,S[+56]S[+114]R[+1]AGLQFPVGR,#N/A,#N/A,38.23,NA,6.6714E+6,6.1469E+6,3.3209E+6,1.7268E+6,5.6395E+6,6.1064E+6,2.5982E+6,4.4935E+6,1.6046E+6
SSRAGLQFPVGR,XP_003448939.1,NA,S[+226.1]S[-18]RAGLQ[+1]FPVGR,#N/A,#N/A,50.17,NA,4.5079E+6,6.5679E+6,3.7613E+6,1.1893E+6,8.3372E+6,4.5326E+6,1.3564E+6,3.6958E+6,2.0410E+6
SSRAGLQFPVGR,XP_003448939.1,NA,S[+57]S[+114]R[+42]AGLQFPVGR,#N/A,#N/A,38.39,NA,3.2958E+6,3.0248E+6,1.8105E+6,9.1008E+5,3.0109E+6,3.0045E+6,1.5782E+6,2.0303E+6,1.3673E+6
AGLQFPVGR,XP_003448939.1,NA,AGLQFPVGR,#N/A,#N/A,38.15,NA,2.9446E+8,3.5469E+8,1.8915E+8,8.9932E+7,3.9776E+8,4.6920E+8,1.6015E+8,3.4671E+8,1.5190E+8
AGLQFPVGR,XP_003448939.1,NA,A[+56]GLQFPVGR,#N/A,#N/A,57.2,NA,1.2988E+8,1.8947E+8,1.3718E+8,9.0111E+7,1.6619E+8,1.3263E+8,1.0109E+8,1.1419E+8,1.2276E+8
AGLQFPVGR,XP_003448939.1,NA,A[+43]GLQFPVGR,#N/A,#N/A,50.19,NA,1.0258E+7,1.3887E+7,7.6141E+6,2.6060E+6,1.7575E+7,8.4721E+6,2.8203E+6,7.1016E+6,4.0461E+6
AGLQFPVGR,XP_003448939.1,NA,A[+57]GLQFPVGR,#N/A,#N/A,38.29,NA,6.5518E+6,3.6876E+7,6.3525E+6,4.1592E+6,3.7686E+7,1.0767E+7,3.7560E+6,2.0693E+7,3.9664E+6
AGLQFPVGR,XP_003448939.1,NA,AGLQ[+1]FPVGR,#N/A,#N/A,40.12,NA,6.6649E+6,1.1179E+7,4.8501E+6,1.5790E+6,9.4564E+6,1.3063E+7,2.6780E+6,7.1782E+6,3.6148E+6
AGLQFPVGR,XP_003448939.1,NA,AGLQFPVGR[-1],#N/A,#N/A,33.76,NA,6.7543E+5,1.3293E+6,5.5089E+5,1.3707E+5,1.6197E+6,1.0196E+6,1.8810E+5,7.8320E+5,2.8224E+5
AGLQFPVGR,XP_003448939.1,NA,A[+56]GLQ[+1]FPVGR,#N/A,#N/A,59.41,NA,2.5654E+6,4.0185E+6,3.5891E+6,1.3024E+6,3.2047E+6,2.7475E+6,1.1914E+6,1.7462E+6,2.0013E+6
AGLQFPVGR,XP_003448939.1,NA,A[+56]GLQFPVGR[-1],#N/A,#N/A,53.4,NA,2.4301E+5,5.2689E+5,3.9463E+5,1.5678E+5,5.3361E+5,1.9721E+5,1.0033E+5,2.2010E+5,2.4707E+5
AGLQFPVGR,XP_003448939.1,NA,A[+43]GLQ[+1]FPVGR,#N/A,#N/A,52.88,NA,4.7111E+5,7.2018E+5,4.6816E+5,2.3822E+5,7.2288E+5,4.8322E+5,2.8980E+5,4.0169E+5,3.8242E+5
AGLQFPVGR,XP_003448939.1,NA,A[+57]GLQ[+1]FPVGR,#N/A,#N/A,38.28,NA,3.3151E+6,1.6966E+7,3.4568E+6,1.9678E+6,1.6566E+7,5.8223E+6,1.9004E+6,9.8067E+6,2.3203E+6
LLRKGNYAER,XP_003448939.1,NA,L[+56]LR[+28]K[+28]GNYAER,#N/A,#N/A,16.74,NA,8.5862E+5,1.3856E+6,1.0273E+5,3.9554E+5,2.1915E+6,5.7173E+5,2.1087E+6,6.2511E+5,5.1759E+5
KGNYAER,XP_003448939.1,NA,K[+56]GNYAER,#N/A,#N/A,16.74,NA,9.0089E+6,1.2964E+7,1.5348E+6,4.4180E+6,1.9353E+7,6.7817E+6,2.1020E+7,6.4405E+6,6.4780E+6
KGNYAER,XP_003448939.1,NA,K[+112.1]GNYAER,#N/A,#N/A,30.65,NA,7.7162E+7,7.2066E+7,5.6527E+7,3.9502E+7,5.8891E+7,3.3737E+7,4.2086E+7,3.5677E+7,2.4800E+7
IIPRHLQLAVR,XP_003448939.1,NA,IIP[+16]RHLQLAVR,#N/A,#N/A,35.69,NA,5.5271E+7,6.6027E+7,4.4590E+7,2.6429E+7,4.5910E+7,3.3836E+7,3.2148E+7,2.8256E+7,3.9265E+7
IIPRHLQLAVR,XP_003448939.1,NA,IIP[+16]R[+1]HLQLAVR,#N/A,#N/A,35.69,NA,5.4060E+7,6.4475E+7,4.3760E+7,2.5746E+7,4.5215E+7,3.3161E+7,3.1790E+7,2.7647E+7,3.8422E+7
HLQLAVR,XP_003448939.1,NA,HLQLAVR,#N/A,#N/A,18.88,NA,1.9525E+8,2.3009E+8,1.0069E+8,4.6586E+7,2.3555E+8,2.5102E+8,7.8886E+7,2.0482E+8,6.8543E+7
HLQLAVR,XP_003448939.1,NA,H[+56]LQLAVR,#N/A,#N/A,35.68,NA,1.7462E+8,2.1413E+8,1.5975E+8,8.4401E+7,1.5815E+8,1.3392E+8,1.0602E+8,1.0973E+8,1.3157E+8
HLQLAVR,XP_003448939.1,NA,H[+43]LQLAVR,#N/A,#N/A,29.62,NA,1.8744E+7,1.9941E+7,1.0258E+7,4.3926E+6,2.2641E+7,1.7424E+7,5.4505E+6,1.2284E+7,7.3059E+6
HLQLAVR,XP_003448939.1,NA,HLQLAVR[+14],#N/A,#N/A,22.2,NA,3.9650E+7,6.4362E+7,1.9405E+7,6.7836E+6,7.2067E+7,9.2351E+7,1.2848E+7,6.0239E+7,9.4976E+6
IAAEASR,XP_003451196.1,NA,I[+56]AAEASR,#N/A,#N/A,30.06,NA,1.7058E+7,3.0297E+7,4.5521E+7,1.0469E+7,3.5308E+7,2.5239E+7,1.6533E+7,2.2902E+7,2.6295E+7
LAHYNKR,XP_003451196.1,NA,L[+56]AHYNK[+56]R,#N/A,#N/A,32.11,NA,3.9316E+7,4.5573E+7,3.1388E+7,2.2428E+7,3.8288E+7,1.8139E+7,2.1074E+7,2.3154E+7,5.7117E+6
EIQTAVR,XP_003451196.1,NA,E[+56]IQTAVR,#N/A,#N/A,34.43,NA,4.2070E+7,4.9189E+7,4.8248E+7,2.5009E+7,4.9566E+7,3.7918E+7,2.5275E+7,3.1776E+7,4.2663E+7
LLLPGELAKHAVSEGTKAVTKYTSSK,XP_003451196.1,NA,LLLPGELAK[+56]HAVSEGTK[+56]AVTK[+56]YTSSK,#N/A,#N/A,68.8,NA,6.1416E+5,9.0516E+5,5.7155E+4,1.0699E+5,1.1072E+6,6.1702E+5,2.7093E+5,1.3757E+6,2.4098E+4
SQRAGLQFPVGR,XP_005464230.1,NA,S[+114]QRAGLQFPVGR,#N/A,#N/A,38.23,NA,6.5020E+6,6.0360E+6,3.2441E+6,1.6989E+6,5.5710E+6,5.9250E+6,2.5467E+6,4.4263E+6,1.5535E+6
SQRAGLQFPVGR,XP_005464230.1,NA,S[+56]QR[+42]AGLQFPVGR,#N/A,#N/A,38.15,NA,2.5263E+8,3.0447E+8,1.5648E+8,7.5372E+7,3.4478E+8,4.1334E+8,1.3586E+8,2.9752E+8,1.2854E+8
SQRAGLQFPVGR,XP_005464230.1,NA,S[+114]QR[+14]AGLQFPVGR,#N/A,#N/A,38.23,NA,7.1724E+6,6.6695E+6,3.5558E+6,1.8322E+6,6.1024E+6,6.5055E+6,2.8012E+6,4.8624E+6,1.6834E+6
SQRAGLQFPVGR,XP_005464230.1,NA,S[+114]QR[+42]AGLQFPVGR,#N/A,#N/A,41.98,NA,1.1197E+6,3.9230E+6,1.8576E+6,6.0835E+5,3.5423E+6,3.3868E+6,8.2616E+5,2.7173E+6,1.1760E+6
SQRAGLQFPVGR,XP_005464230.1,NA,S[-18]QR[+32]AGLQFPVGR,#N/A,#N/A,38.16,NA,4.3259E+6,3.5447E+6,1.3268E+6,9.9133E+5,3.3383E+6,3.2746E+6,1.5617E+6,2.5470E+6,8.1765E+5
SQRAGLQFPVGR,XP_005464230.1,NA,S[+42]QR[+28]AGLQFPVGR,#N/A,#N/A,38.22,NA,6.1756E+6,5.4226E+6,2.0026E+6,1.3061E+6,4.6941E+6,4.5886E+6,1.9271E+6,3.4115E+6,1.0683E+6
IHRHLKSR,XP_005464230.1,NA,I[+43]HRHLK[+14]S[+56]R,#N/A,#N/A,16.48,NA,5.6315E+4,4.0809E+5,4.1229E+4,1.1514E+4,2.1549E+5,6.6208E+5,1.3749E+5,4.0465E+5,4.4738E+3
ITPRHLQLAIR,XP_005464230.1,NA,ITPR[+32]HLQLAIR,#N/A,#N/A,41.09,NA,2.7681E+7,3.9099E+7,3.0240E+7,1.9302E+7,3.9203E+7,3.0745E+7,1.9845E+7,2.2180E+7,1.6396E+7
ITPRHLQLAIR,XP_005464230.1,NA,ITP[+16]R[+16]HLQLAIR,#N/A,#N/A,41.09,NA,2.7365E+7,3.9148E+7,3.0086E+7,1.9323E+7,3.9317E+7,3.1298E+7,1.9845E+7,2.2347E+7,1.6349E+7
HLQLAIR,XP_005464230.1,NA,HLQLAIR,#N/A,#N/A,22.2,NA,3.9533E+7,6.4362E+7,1.9372E+7,6.7631E+6,7.1614E+7,9.2442E+7,1.2848E+7,6.0062E+7,9.4976E+6
HLQLAIR,XP_005464230.1,NA,H[+56]LQLAIR,#N/A,#N/A,41.09,NA,3.5629E+7,5.0381E+7,3.8660E+7,2.5058E+7,5.0675E+7,3.9426E+7,2.5883E+7,2.8352E+7,2.1044E+7
SGVSAAALKKALAAGGYDVDKNKAR,XP_019209842.1,NA,SGVSAAALK[+114]KALAAGGYDVDK[+56]NKAR,#N/A,#N/A,61.41,NA,6.3180E+5,8.2427E+5,1.6921E+5,1.1831E+5,6.3269E+5,4.6201E+5,8.6044E+4,1.6127E+6,3.3010E+4
NA,NA,NA,NA,NA,NA,NA,NA,NA,NA,NA,NA,NA,NA,NA,NA,NA
NA,NA,NA,NA,NA,NA,NA,NA,NA,NA,NA,NA,NA,NA,NA,NA,NA
AMSIMNSFVNDLFER,XP_003438147.1,NA,AMSIMNSFVNDLFER,#N/A,#N/A,68.91,NA,4.1304E+5,1.3309E+6,6.0816E+5,1.2280E+5,2.9232E+6,2.5996E+6,2.7431E+5,8.1206E+5,1.5029E+5
AMSIMNSFVNDLFER,XP_003438147.1,NA,AM[+16]SIMNSFVNDLFER,#N/A,#N/A,68.8,NA,1.8854E+5,3.6317E+5,2.9700E+5,5.2065E+4,4.3333E+5,3.6580E+5,1.2891E+5,1.9095E+5,6.8851E+4
NA,NA,NA,NA,NA,NA,NA,NA,NA,NA,NA,NA,NA,NA,NA,NA,NA
AMSIMNSFVNDLFER,XP_003438147.1,NA,AMSIM[+16]NSFVNDLFER,#N/A,#N/A,59.76,NA,4.2410E+5,2.5768E+5,3.4270E+5,6.0520E+4,2.6770E+5,2.3982E+5,9.1828E+4,1.7262E+5,1.0083E+5
AMSIMNSFVNDLFER,XP_003438147.1,NA,AMSIMN[+1]SFVNDLFER,#N/A,#N/A,68.91,NA,1.6598E+5,5.8625E+5,2.4290E+5,4.6919E+4,1.3658E+6,1.1429E+6,1.1532E+5,3.6250E+5,5.4775E+4
AMSIMNSFVNDLFER,XP_003438147.1,NA,AMSIMNS[+56]FVNDLFER,#N/A,#N/A,53.22,NA,3.7081E+3,4.5039E+4,2.8068E+4,2.4261E+3,8.8484E+4,8.1729E+4,4.2907E+3,5.5951E+4,1.5028E+4
AMSIMNSFVNDLFER,XP_003438147.1,NA,AMSIMNSFVN[+1]DLFER,#N/A,#N/A,68.91,NA,7.6671E+4,3.9266E+5,1.3093E+5,3.6908E+4,8.5827E+5,6.8635E+5,5.2453E+4,2.2576E+5,4.5779E+4
AMSIMNSFVNDLFER,XP_003438147.1,NA,A[+56]M[+16]SIMNSFVNDLFER,#N/A,#N/A,70.06,NA,1.1184E+5,7.1777E+4,1.7464E+4,4.0954E+4,1.5991E+5,8.5665E+4,3.8788E+4,6.6315E+3,2.6266E+3
AMSIMNSFVNDLFER,XP_003438147.1,NA,A[+56]MSIMN[+1]SFVNDLFER,#N/A,#N/A,69.92,NA,2.0317E+5,1.8153E+5,1.0302E+5,8.5373E+4,4.2853E+5,2.7875E+5,5.5695E+4,2.5412E+4,4.7561E+4
AMSIMNSFVNDLFER,XP_003438147.1,NA,A[+57]MSIMN[+1]SFVNDLFER,#N/A,#N/A,53.16,NA,1.0189E+5,2.8877E+6,1.2009E+6,9.3758E+4,5.4243E+6,4.6283E+6,1.5721E+5,3.3825E+6,6.2233E+5
AMSIMNSFVNDLFER,XP_003438147.1,NA,AM[+16]S[+56]IMNSFVNDLFER,#N/A,#N/A,69.99,NA,5.3919E+4,3.1918E+4,1.3478E+4,2.2061E+4,7.1322E+4,5.4167E+4,1.5696E+4,6.3578E+3,1.0075E+4
AMSIMNSFVNDLFER,XP_003438147.1,NA,AM[+16]SIM[+16]NSFVNDLFER,#N/A,#N/A,68.8,NA,2.4457E+5,4.6726E+5,3.9572E+5,6.6060E+4,6.0755E+5,5.1243E+5,1.6152E+5,2.7642E+5,9.3704E+4
AMSIMNSFVNDLFER,XP_003438147.1,NA,AM[+16]SIMN[+1]SFVNDLFER,#N/A,#N/A,68.8,NA,1.6690E+5,3.0212E+5,2.5689E+5,4.3424E+4,3.7925E+5,3.0935E+5,1.0970E+5,1.6588E+5,6.1547E+4
NA,NA,NA,NA,NA,NA,NA,NA,NA,NA,NA,NA,NA,NA,NA,NA,NA
AMSIMNSFVNDLFER,XP_003438147.1,NA,AMSIM[+16]NSFVN[+1]DLFER,#N/A,#N/A,64.53,NA,9.7480E+4,2.8917E+5,1.7619E+5,2.8859E+4,4.2739E+5,5.1379E+5,4.3323E+4,1.3526E+5,3.9353E+4
AMSIMNSFVNDLFER,XP_003438147.1,NA,A[+56]M[+16]SIM[+16]NSFVNDLFER,#N/A,#N/A,58.37,NA,1.8769E+4,2.6112E+4,1.4030E+4,1.0682E+4,2.2458E+4,2.0093E+4,1.2938E+4,3.6209E+4,4.5938E+3
NA,NA,NA,NA,NA,NA,NA,NA,NA,NA,NA,NA,NA,NA,NA,NA,NA
AMSIMNSFVNDLFER,XP_003438147.1,NA,AM[+16]S[+56]IMNS[+42]FVNDLFER,#N/A,#N/A,67.9,NA,3.0145E+4,2.1919E+5,9.3052E+4,1.6248E+4,4.5014E+5,1.7884E+5,2.5826E+4,9.6127E+4,5.3617E+4
NA,NA,NA,NA,NA,NA,NA,NA,NA,NA,NA,NA,NA,NA,NA,NA,NA
AMSIMNSFVNDLFER,XP_003438147.1,NA,AMS[+56]IM[+16]NS[-18]FVNDLFER,#N/A,#N/A,53.16,NA,5.6199E+4,1.6506E+6,6.5083E+5,4.8710E+4,3.4010E+6,2.7055E+6,9.9592E+4,1.9901E+6,3.2466E+5
AMSIMNSFVNDLFER,XP_003438147.1,NA,AMS[-18]IM[+16]NS[-18]FVNDLFER,#N/A,#N/A,69.29,NA,9.1278E+4,1.9655E+5,6.3394E+5,6.9827E+4,4.4720E+5,2.2802E+5,9.0139E+4,2.6902E+5,1.0600E+6
AMSIMNSFVNDLFER,XP_003438147.1,NA,AMS[+42]IM[+16]NS[+56]FVNDLFER,#N/A,#N/A,67.9,NA,6.6414E+4,6.4620E+5,2.1203E+5,4.7326E+4,1.2078E+6,5.1949E+5,5.4047E+4,2.6600E+5,9.9407E+4
AGVIFPVGR,XP_003455046.1,NA,AGVIFPVGR,#N/A,#N/A,38.7,NA,4.6063E+5,9.7494E+5,4.9141E+5,2.0215E+5,1.4419E+6,1.6835E+6,2.9924E+5,1.3387E+6,4.5008E+5
AGVIFPVGR,XP_003455046.1,NA,A[+57]GVIFPVGR,#N/A,#N/A,41.24,NA,1.1349E+6,4.0617E+6,2.1673E+6,8.2012E+5,3.9965E+6,3.5022E+6,9.3378E+5,2.9707E+6,1.3847E+6
VKVDSQASVTDKQEER,XP_003455046.1,NA,V[+56]KVDSQASVTDK[+56]QEER,#N/A,#N/A,31.03,NA,2.9172E+4,5.6892E+4,1.0704E+4,1.0227E+4,5.4437E+4,9.9019E+4,1.6960E+4,8.1267E+4,6.7325E+3
NA,NA,NA,NA,NA,NA,NA,NA,NA,NA,NA,NA,NA,NA,NA,NA,NA
VTVFPRDIQLAR,XP_003439548.1,NA,VTVFPR[+28]DIQLAR,#N/A,#N/A,50.29,NA,2.2541E+5,6.7274E+5,4.4010E+5,1.0450E+5,7.8263E+5,9.2687E+5,1.7895E+5,8.0860E+5,3.4262E+5
VTVFPRDIQLAR,XP_003439548.1,NA,VTVFPR[+14]DIQLAR,#N/A,#N/A,51.76,NA,1.1616E+7,2.2945E+7,1.0853E+7,3.2359E+6,2.3788E+7,3.2562E+7,1.0790E+7,2.6273E+7,7.4650E+6
VTVFPRDIQLAR,XP_003439548.1,NA,VT[+114]VFPR[+14]DIQLAR,#N/A,#N/A,42.78,NA,1.1639E+7,2.0260E+7,2.5298E+7,6.0730E+6,2.2653E+7,1.3083E+7,5.6454E+6,1.3577E+7,1.5069E+7
VTVFPRDIQLAR,XP_003439548.1,NA,VT[-18]VFPR[+28]DIQLAR,#N/A,#N/A,51.76,NA,1.7070E+7,3.4870E+7,1.6002E+7,4.2966E+6,3.6082E+7,4.9603E+7,1.5791E+7,4.0152E+7,1.0931E+7
VTVFPRDIQLAR,XP_003439548.1,NA,VT[+80]VFPR[+28]DIQLAR,#N/A,#N/A,69.13,NA,4.0941E+5,6.4066E+5,9.6958E+5,4.3542E+5,7.6895E+5,3.5814E+5,8.4746E+5,7.5146E+5,9.4374E+5
VTVFPRDIQLAR,XP_003439548.1,NA,VT[+80]VFPR[+42]DIQLAR,#N/A,#N/A,#N/A,NA,#N/A,#N/A,#N/A,#N/A,#N/A,#N/A,#N/A,#N/A,#N/A
VTVFPRDIQLAR,XP_003439548.1,NA,VT[+42]VFP[+32]RDIQLAR,#N/A,#N/A,37.16,NA,1.4983E+7,3.7970E+7,8.7756E+6,4.7829E+6,4.0084E+7,3.4278E+7,9.5405E+6,3.9790E+7,6.9083E+6
VTVFPRDIQLAR,XP_003439548.1,NA,VT[+42]VFPR[+28]DIQLAR,#N/A,#N/A,66.33,NA,1.8194E+6,2.9942E+6,1.0755E+6,3.6908E+5,3.6551E+6,2.1378E+6,6.7251E+5,1.5439E+6,4.1602E+5
VTVFPRDIQLAR,XP_003439548.1,NA,VT[+42]VFPR[+42]DIQLAR,#N/A,#N/A,37.16,NA,1.4742E+7,3.7097E+7,8.6377E+6,4.7498E+6,3.8881E+7,3.3612E+7,9.3632E+6,3.8763E+7,6.9038E+6
VTVFPRDIQLAR,XP_003439548.1,NA,VT[+56]VFPR[+28]DIQLAR,#N/A,#N/A,69.13,NA,1.5975E+7,2.0461E+7,1.7961E+7,1.4062E+7,1.8418E+7,1.3819E+7,2.0167E+7,1.4285E+7,1.5117E+7
VTVFPRDIQLAR,XP_003439548.1,NA,VTVFP[+32]R[+42]DIQLAR,#N/A,#N/A,37.16,NA,1.4729E+7,3.7292E+7,9.2032E+6,4.9829E+6,3.9346E+7,3.3473E+7,9.3436E+6,3.8762E+7,7.1263E+6
VTVFPRDIQLAR,XP_003439548.1,NA,VTVFP[+16]R[+28]DIQLAR,#N/A,#N/A,45.51,NA,1.6309E+7,7.5445E+6,4.4021E+6,2.3527E+6,5.2829E+6,1.0913E+7,8.1090E+6,5.6100E+6,2.8058E+6
VTVFPRDIQLAR,XP_003439548.1,NA,VTVFP[+16]R[+14]DIQLAR,#N/A,#N/A,51.72,NA,1.5363E+7,2.5228E+7,1.2612E+7,4.4356E+6,2.6098E+7,3.4485E+7,1.3064E+7,2.7812E+7,8.8744E+6
VTVFPRDIQLAR,XP_003439548.1,NA,VT[-18]VFP[+32]R[+28]DIQLAR,#N/A,#N/A,59.48,NA,8.2400E+3,4.0650E+3,1.2433E+3,4.9909E+3,3.6909E+3,2.8350E+3,2.7572E+3,1.8373E+3,2.4395E+3
VTVFPRDIQLAR,XP_003439548.1,NA,VT[-18]VFP[+32]R[+14]DIQLAR,#N/A,#N/A,51.76,NA,1.1445E+7,2.2902E+7,1.0632E+7,3.0600E+6,2.3392E+7,3.2416E+7,1.0365E+7,2.6191E+7,7.4078E+6
VTVFPRDIQLAR,XP_003439548.1,NA,VT[+56]VFP[+32]R[+28]DIQLAR,#N/A,#N/A,64.14,NA,7.9727E+5,5.4028E+5,4.9034E+5,3.1471E+5,3.2346E+5,3.3647E+5,6.2088E+5,2.9451E+5,2.7625E+5
VTVFPRDIQLAR,XP_003439548.1,NA,VT[+56]VFP[+32]R[+14]DIQLAR,#N/A,#N/A,69.13,NA,2.8805E+5,4.0517E+5,6.2660E+5,3.2431E+5,4.4645E+5,2.2219E+5,5.4874E+5,4.7285E+5,6.0454E+5
VTVFPRDIQLAR,XP_003439548.1,NA,VT[+56]VFP[+32]R[+32]DIQLAR,#N/A,#N/A,48.94,NA,2.1032E+5,3.1166E+5,1.3105E+5,5.8952E+4,3.8307E+5,1.5184E+5,9.0696E+4,1.7170E+5,6.5615E+4
VTVFPRDIQLAR,XP_003439548.1,NA,VT[+56]VFP[+32]R[+16]DIQLAR,#N/A,#N/A,69.13,NA,4.2349E+4,3.6250E+4,6.0282E+4,4.5274E+4,4.7694E+4,2.1746E+4,4.5251E+4,4.7133E+4,4.9459E+4
VTVFPRDIQLAR,XP_003439548.1,NA,VT[+56]VFP[+16]R[+28]DIQLAR,#N/A,#N/A,64.13,NA,1.4821E+7,8.3409E+6,7.8773E+6,5.8282E+6,4.5743E+6,5.7110E+6,9.7869E+6,3.9620E+6,4.7035E+6
VTVFPRDIQLAR,XP_003439548.1,NA,VT[+56]VFP[+16]R[+14]DIQLAR,#N/A,#N/A,37.16,NA,1.3535E+7,3.4245E+7,8.1809E+6,4.4497E+6,3.6008E+7,3.0897E+7,8.6896E+6,3.5557E+7,6.3999E+6
VTVFPRDIQLAR,XP_003439548.1,NA,VT[+56]VFP[+16]R[+32]DIQLAR,#N/A,#N/A,69.13,NA,2.7549E+4,4.4738E+4,7.3202E+4,3.2808E+4,5.1109E+4,2.4010E+4,6.0313E+4,4.6228E+4,5.6292E+4
KVVLDNIQGITKPAIR,XP_025766521.1,NA,KVVLDNIQGITKPAIR,#N/A,#N/A,27.41,NA,2.5389E+7,4.3985E+7,2.8863E+7,4.8094E+6,6.0396E+7,5.2829E+7,6.2307E+6,4.1377E+7,5.5143E+6
KVVLDNIQGITKPAIR,XP_025766521.1,NA,K[+56]VVLDNIQGITK[+56]PAIR,#N/A,#N/A,43.29,NA,3.2564E+6,3.4812E+6,1.4370E+6,7.1725E+5,3.3880E+6,3.5210E+6,1.2104E+6,2.9638E+6,5.0960E+5
KVVLDNIQGITKPAIR,XP_025766521.1,NA,KVVLDN[+1]IQGITK[+56]PAIR,#N/A,#N/A,43.33,NA,3.2615E+6,3.2748E+6,1.2609E+6,7.5713E+5,3.0926E+6,3.3107E+6,1.3873E+6,2.6289E+6,6.3194E+5
KVVLDNIQGITKPAIR,XP_025766521.1,NA,K[+14]VVLD[-18]NIQGITK[+56]PAIR,#N/A,#N/A,43.33,NA,3.3137E+6,3.2995E+6,1.2759E+6,7.7111E+5,3.0879E+6,3.3909E+6,1.4022E+6,2.6377E+6,6.2169E+5
RGGVKRISGLIYEETR,XP_025766521.1,NA,R[+28]GGVKRISGLIYEETR,#N/A,#N/A,68.59,NA,1.5073E+7,2.2567E+7,2.5790E+7,1.3917E+7,2.8964E+7,1.5371E+7,1.4431E+7,1.4519E+7,2.3409E+7
RGGVKRISGLIYEETR,XP_025766521.1,NA,R[+71]GGVK[+71]RISGLIYEETR,#N/A,#N/A,36.07,NA,3.1932E+5,9.2314E+5,3.3484E+5,7.4414E+4,1.4171E+6,1.4723E+6,1.2591E+5,8.1564E+5,7.4976E+4
GGVKRISGLIYEETR,XP_025766521.1,NA,GGVK[+32]RISGLIYEETR,#N/A,#N/A,36.06,NA,1.0450E+6,1.6629E+6,6.6287E+5,1.9006E+5,2.0845E+6,2.3007E+6,3.5347E+5,1.1527E+6,1.8624E+5
GGVKRISGLIYEETR,XP_025766521.1,NA,G[+43]GVK[+42]RISGLIYEETR,#N/A,#N/A,36.11,NA,3.9468E+7,6.3953E+7,3.8934E+7,7.8688E+6,6.4062E+7,8.7907E+7,2.5491E+7,5.2059E+7,3.5015E+7
GGVKRISGLIYEETR,XP_025766521.1,NA,G[+57]GVK[+28]RISGLIYEETR,#N/A,#N/A,36.11,NA,4.3960E+7,7.1208E+7,4.3216E+7,8.6071E+6,7.1675E+7,1.0069E+8,2.8353E+7,5.8626E+7,3.8925E+7
GGVKRISGLIYEETR,XP_025766521.1,NA,GGVK[+71]R[+14]ISGLIYEETR,#N/A,#N/A,36.11,NA,1.8375E+7,2.9821E+7,1.8136E+7,3.4493E+6,2.9738E+7,4.1741E+7,1.1884E+7,2.4416E+7,1.6266E+7
GGVKRISGLIYEETR,XP_025766521.1,NA,G[+56]GVK[+32]R[+28]ISGLIYEETR,#N/A,#N/A,36.11,NA,2.3488E+5,3.9290E+5,1.3518E+5,6.9207E+4,6.5030E+5,6.1462E+5,9.4809E+4,3.2068E+5,5.2790E+4
GGVKRISGLIYEETR,XP_025766521.1,NA,GGVK[+71]R[+32]IS[-18]GLIYEETR,#N/A,#N/A,36.11,NA,3.6309E+7,5.8786E+7,3.5637E+7,7.2280E+6,5.8925E+7,8.3169E+7,2.3440E+7,4.8379E+7,3.2075E+7
ISGLIYEETR,XP_025766521.1,NA,ISGLIYEETR,#N/A,#N/A,36.11,NA,5.3283E+7,8.4415E+7,5.2276E+7,1.0542E+7,8.6522E+7,1.1742E+8,3.4487E+7,7.0537E+7,4.7568E+7
ISGLIYEETR,XP_025766521.1,NA,I[+56]SGLIYEETR,#N/A,#N/A,68.59,NA,4.0643E+6,6.0686E+6,6.7559E+6,3.6054E+6,7.7683E+6,4.0238E+6,3.8567E+6,3.7929E+6,6.2685E+6
ISGLIYEETR,XP_025766521.1,NA,I[+43]SGLIYEETR,#N/A,#N/A,64.38,NA,1.5740E+6,2.5678E+6,1.3575E+6,3.3217E+5,4.1428E+6,2.1773E+6,4.1681E+5,7.8847E+5,7.6601E+5
ISGLIYEETR,XP_025766521.1,NA,I[+57]SGLIYEETR,#N/A,#N/A,68.59,NA,1.9811E+7,2.9641E+7,3.3966E+7,1.8115E+7,3.8019E+7,2.0196E+7,1.9183E+7,1.9038E+7,3.0594E+7
ISGLIYEETR,XP_025766521.1,NA,IS[+56]GLIYEETR,#N/A,#N/A,68.59,NA,3.3786E+5,5.2462E+5,5.9568E+5,3.2255E+5,6.7563E+5,3.5103E+5,3.2994E+5,3.4120E+5,5.1895E+5
ISGLIYEETR,XP_025766521.1,NA,IS[+42]GLIYEETR,#N/A,#N/A,64.38,NA,9.0141E+5,1.5947E+6,8.2333E+5,1.9417E+5,2.6582E+6,1.3765E+6,2.5391E+5,4.4793E+5,4.4457E+5
ISGLIYEETR,XP_025766521.1,NA,ISGLIYEETR[-1],#N/A,#N/A,33.87,NA,2.6442E+5,4.2155E+5,1.8464E+5,9.1078E+4,5.1681E+5,3.4299E+5,1.1596E+5,2.9025E+5,9.3685E+4
ISGLIYEETR,XP_025766521.1,NA,I[+57]S[-18]GLIYEETR,#N/A,#N/A,64.38,NA,9.8768E+5,1.6677E+6,9.1479E+5,2.0904E+5,2.7651E+6,1.4199E+6,2.7653E+5,5.3144E+5,4.7579E+5
NA,NA,NA,NA,NA,NA,NA,NA,NA,NA,NA,NA,NA,NA,NA,NA,NA
ISGLIYEETR,XP_025766521.1,NA,ISGLIYEET[-18]R[+14],#N/A,#N/A,36.1,NA,1.0881E+7,1.7136E+7,1.0458E+7,2.1991E+6,1.7157E+7,2.3715E+7,6.9913E+6,1.4100E+7,9.5084E+6
NA,NA,NA,NA,NA,NA,NA,NA,NA,NA,NA,NA,NA,NA,NA,NA,NA
GVLKVFLENVIR,XP_025766521.1,NA,G[+56]VLKVFLENVIR,#N/A,#N/A,69.24,NA,6.8426E+4,2.2010E+5,2.6097E+4,1.6430E+4,4.4743E+5,4.4332E+5,2.9380E+4,6.4334E+4,2.8841E+4
GVLKVFLENVIR,XP_025766521.1,NA,GVLK[+56]VFLENVIR,#N/A,#N/A,69.27,NA,4.4236E+5,1.2633E+6,7.0836E+4,5.4327E+4,2.7125E+6,3.7678E+6,7.5931E+4,3.5578E+5,5.1314E+4
GVLKVFLENVIR,XP_025766521.1,NA,GVLK[+114]VFLENVIR,#N/A,#N/A,71.59,NA,5.8898E+5,1.2844E+5,3.6428E+4,6.5028E+4,6.5515E+5,4.1907E+6,5.4292E+4,1.4328E+4,9.8456E+3
GVLKVFLENVIR,XP_025766521.1,NA,G[+56]VLK[+56]VFLENVIR,#N/A,#N/A,71.58,NA,9.3355E+5,2.0367E+5,6.1700E+4,1.0505E+5,1.0384E+6,6.7666E+6,1.2207E+5,2.8767E+4,2.8811E+4
GVLKVFLENVIR,XP_025766521.1,NA,G[+43]VLK[+56]VFLENVIR,#N/A,#N/A,70.44,NA,8.9342E+4,1.2810E+5,7.9731E+4,1.0000E+5,1.4102E+5,1.8612E+5,1.0340E+5,1.0421E+5,4.4729E+4
GVLKVFLENVIR,XP_025766521.1,NA,G[+43]VLK[+43]VFLENVIR,#N/A,#N/A,70.93,NA,7.2831E+4,5.7864E+4,1.0556E+4,1.6378E+4,7.3548E+4,1.5834E+5,1.3313E+4,1.0433E+4,1.2408E+4
GVLKVFLENVIR,XP_025766521.1,NA,G[+57]VLK[+56]VFLENVIR,#N/A,#N/A,71.59,NA,7.3250E+5,1.6744E+5,4.8297E+4,8.2998E+4,8.2479E+5,5.4779E+6,7.1288E+4,2.2108E+4,1.4492E+4
DAVTYTEHAKR,XP_025766521.1,NA,DAVTYTEHAK[+56]R,#N/A,#N/A,22.46,NA,4.4476E+6,6.6455E+6,1.9550E+6,6.3115E+5,6.1036E+6,5.6123E+6,1.3142E+6,4.7694E+6,3.6065E+5
DAVTYTEHAKR,XP_025766521.1,NA,DAVTYTEHAK[+43]R,#N/A,#N/A,20.16,NA,3.9812E+4,5.4850E+4,4.5882E+4,1.0530E+4,4.8068E+4,6.0079E+4,1.3796E+4,5.9574E+4,1.5654E+4
DAVTYTEHAKR,XP_025766521.1,NA,D[+56]AVTYTEHAK[+56]R,#N/A,#N/A,35.82,NA,9.4572E+6,1.4803E+7,8.6322E+6,6.7584E+6,1.0787E+7,4.6260E+6,5.8147E+6,6.3613E+6,2.4509E+6
DAVTYTEHAKR,XP_025766521.1,NA,D[+43]AVTYTEHAK[+56]R,#N/A,#N/A,31.2,NA,2.6917E+5,5.0062E+5,2.5769E+5,6.8164E+4,3.6183E+5,1.3007E+5,8.2593E+4,2.5111E+5,1.9733E+4
DAVTYTEHAKR,XP_025766521.1,NA,D[+43]AVTYTEHAK[+43]R,#N/A,#N/A,25.66,NA,5.9269E+3,1.3286E+4,5.3500E+3,1.5123E+3,9.2040E+3,1.1501E+4,3.2328E+3,1.0027E+4,2.2806E+3
DAVTYTEHAKR,XP_025766521.1,NA,D[+57]AVTYTEHAK[+56]R,#N/A,#N/A,35.82,NA,5.9820E+6,9.3439E+6,5.5427E+6,4.2754E+6,6.9652E+6,2.8600E+6,3.6939E+6,4.0799E+6,1.4613E+6
DAVTYTEHAKR,XP_025766521.1,NA,D[-18]AVTYTEHAK[+56]R,#N/A,#N/A,22.16,NA,4.8824E+3,9.9669E+3,5.5764E+3,8.3785E+2,6.4558E+3,1.1203E+4,1.5004E+3,1.2849E+4,2.0804E+3
DAVTYTEHAKR,XP_025766521.1,NA,DAVT[-18]YTEHAK[+56]R,#N/A,#N/A,22.27,NA,1.3238E+4,2.2695E+4,2.6109E+4,6.1586E+3,2.4578E+4,2.6605E+4,2.0617E+3,2.8407E+4,4.6447E+3
DAVTYTEHAKR,XP_025766521.1,NA,DAVTYTE[+57]HAK[+56]R,#N/A,#N/A,22.39,NA,3.4916E+4,1.6942E+5,2.7198E+4,6.6681E+3,1.5703E+5,4.2630E+4,1.0013E+4,8.8713E+4,8.6562E+3
DAVTYTEHAKR,XP_025766521.1,NA,D[+56]AVTYTE[+57]HAK[+56]R,#N/A,#N/A,35.46,NA,1.9385E+5,8.0812E+5,1.8648E+5,1.1821E+5,7.7197E+5,1.0721E+5,8.9431E+4,3.1601E+5,9.1442E+4
DAVTYTEHAKR,XP_025766521.1,NA,D[+43]AVT[-18]YTEHAK[+56]R,#N/A,#N/A,31.25,NA,2.1488E+5,3.4163E+5,2.2508E+5,7.2352E+4,2.6861E+5,1.3409E+5,4.7714E+4,3.1153E+5,8.4960E+3
DAVTYTEHAKR,XP_025766521.1,NA,D[+43]AVTYTE[+57]HAK[+56]R,#N/A,#N/A,32.19,NA,3.4656E+4,6.6110E+4,3.1366E+4,1.0992E+4,3.8851E+4,3.7122E+4,1.8270E+4,3.7610E+4,1.0275E+4
KGLSLAAIKKDLVAR,XP_003448795.2,NA,K[+42]GLS[+56]LAAIK[+56]KDLVAR,#N/A,#N/A,68.82,NA,8.9247E+5,1.7216E+6,5.2359E+5,2.2968E+5,1.1910E+6,9.9906E+5,4.2422E+5,1.2121E+6,1.6130E+5
GYDVEHNSAHVR,XP_003448795.2,NA,GYDVEHNSAHVR,#N/A,#N/A,16.69,NA,9.4052E+5,2.8991E+6,1.1486E+6,5.1953E+4,2.4995E+6,3.3683E+6,1.3473E+5,2.9359E+6,3.6514E+5
GYDVEHNSAHVR,XP_003448795.2,NA,G[+56]YDVEHNSAHVR,#N/A,#N/A,21.28,NA,1.1171E+7,2.0032E+7,1.5791E+7,4.2701E+6,1.2908E+7,1.2455E+7,4.6533E+6,1.2418E+7,7.7326E+6
GYDVEHNSAHVR,XP_003448795.2,NA,G[+43]YDVEHNSAHVR,#N/A,#N/A,21.28,NA,1.1280E+7,1.9918E+7,1.5669E+7,4.2709E+6,1.3151E+7,1.2089E+7,4.7497E+6,1.2501E+7,7.9194E+6
GYDVEHNSAHVR,XP_003448795.2,NA,G[+57]YDVEHNSAHVR,#N/A,#N/A,16.74,NA,1.8712E+4,3.6440E+5,3.2462E+4,5.7322E+3,3.1494E+5,6.8300E+4,6.0611E+3,2.1988E+5,5.1890E+3
GYDVEHNSAHVR,XP_003448795.2,NA,GYD[+57]VEHNSAHVR,#N/A,#N/A,21.32,NA,6.1102E+5,1.5518E+6,1.0481E+6,1.4100E+5,1.0077E+6,1.1290E+6,1.7512E+5,1.0463E+6,3.2249E+5
GYDVEHNSAHVR,XP_003448795.2,NA,GYDVE[+57]HNSAHVR,#N/A,#N/A,16.73,NA,1.8090E+3,2.3569E+4,6.4279E+3,4.8333E+2,2.0286E+4,9.3299E+3,4.1598E+2,1.6154E+4,1.4712E+3
GYDVEHNSAHVR,XP_003448795.2,NA,GYDVEHN[+1]SAHVR,#N/A,#N/A,16.7,NA,2.6616E+4,1.5189E+5,3.0465E+4,1.6018E+3,1.3410E+5,1.5044E+5,3.1858E+3,1.6320E+5,9.1717E+3
GYDVEHNSAHVR,XP_003448795.2,NA,GYDVEHNS[+56]AHVR,#N/A,#N/A,19.69,NA,2.1439E+4,6.2445E+4,1.2884E+4,7.8380E+2,5.7299E+4,7.3076E+4,2.8443E+3,5.0954E+4,5.7587E+3
GYDVEHNSAHVR,XP_003448795.2,NA,GYDVEHNSAHVR[+1],#N/A,#N/A,16.69,NA,2.3770E+5,8.5626E+5,2.9447E+5,9.6937E+3,7.4280E+5,1.1073E+6,3.4228E+4,8.8744E+5,6.3206E+4
GYDVEHNSAHVR,XP_003448795.2,NA,G[+56]YDVEHN[+1]SAHVR,#N/A,#N/A,21.3,NA,5.5222E+6,1.0568E+7,8.0115E+6,1.8392E+6,6.6316E+6,5.9831E+6,2.2410E+6,6.0506E+6,3.5607E+6
GYDVEHNSAHVR,XP_003448795.2,NA,G[+56]YDVEHNS[+56]AHVR,#N/A,#N/A,29.91,NA,4.1630E+6,5.7735E+6,3.4029E+6,2.2963E+6,3.9582E+6,2.4779E+6,1.8262E+6,2.8137E+6,1.2965E+6
GYDVEHNSAHVR,XP_003448795.2,NA,G[+56]YDVEHNS[+80]AHVR,#N/A,#N/A,25.3,NA,9.6477E+4,3.1095E+5,2.1142E+5,1.1284E+4,9.7292E+4,1.5106E+5,3.4809E+4,8.8594E+4,6.8289E+4
GYDVEHNSAHVR,XP_003448795.2,NA,G[+56]YDVEHNSAHVR[+1],#N/A,#N/A,21.29,NA,2.8599E+5,7.0376E+5,4.8644E+5,6.5773E+4,4.3701E+5,5.0054E+5,9.1035E+4,4.1641E+5,1.4981E+5
GYDVEHNSAHVR,XP_003448795.2,NA,G[+43]YDVEHNS[+56]AHVR,#N/A,#N/A,30.68,NA,8.0696E+4,8.0693E+4,2.2984E+4,2.6542E+4,8.4290E+4,9.2183E+4,2.8176E+4,9.5709E+4,2.0831E+4
GYDVEHNSAHVR,XP_003448795.2,NA,G[+57]YDVEHNS[+56]AHVR,#N/A,#N/A,29.91,NA,4.5686E+6,6.3772E+6,3.7180E+6,2.5072E+6,4.5082E+6,2.7703E+6,2.0294E+6,3.0547E+6,1.4324E+6
QSIQKYVR,XP_003438501.2,NA,Q[-17]SIQK[+56]YVR,#N/A,#N/A,44.58,NA,1.9900E+5,2.6794E+5,1.8544E+5,8.1737E+4,2.4269E+5,2.3729E+5,1.1262E+5,1.0168E+6,4.5046E+4
LVAAGTLR,XP_003438501.2,NA,LVAAGTLR,#N/A,#N/A,20.75,NA,1.2342E+7,1.5753E+7,1.2782E+7,4.2489E+6,2.1158E+7,2.3692E+7,4.6589E+6,2.5850E+7,5.9872E+6
LVAAGTLR,XP_003438501.2,NA,L[+56]VAAGTLR,#N/A,#N/A,52.56,NA,5.7770E+6,1.1311E+7,1.5070E+7,7.0556E+6,1.2686E+7,8.8136E+6,3.8981E+6,1.1895E+7,8.2468E+6
LVAAGTLR,XP_003438501.2,NA,L[+43]VAAGTLR,#N/A,#N/A,44.75,NA,3.6447E+5,5.7642E+5,5.5730E+5,1.9532E+5,7.4455E+5,2.8250E+5,1.2909E+5,4.6367E+5,2.7803E+5
HTKGIGASGSFR,XP_003438501.2,NA,H[+56]TKGIGASGSFR,#N/A,#N/A,21.96,NA,6.2044E+4,1.3197E+5,5.3987E+4,2.4549E+4,1.4239E+5,1.8876E+5,1.8607E+4,2.5968E+5,1.9791E+4
HTKGIGASGSFR,XP_003438501.2,NA,HTK[+56]GIGASGSFR,#N/A,#N/A,21.97,NA,4.6709E+4,9.6990E+4,5.4555E+4,1.7794E+4,1.1501E+5,1.5062E+5,2.0249E+4,2.0235E+5,2.1581E+4
HTKGIGASGSFR,XP_003438501.2,NA,H[+56]TK[+56]GIGASGSFR,#N/A,#N/A,33.05,NA,4.5002E+6,7.2724E+6,7.7747E+6,4.8964E+6,7.9571E+6,5.5321E+6,2.4259E+6,8.5946E+6,3.3226E+6
HTKGIGASGSFR,XP_003438501.2,NA,H[+56]TK[+43]GIGASGSFR,#N/A,#N/A,31.09,NA,1.5240E+4,4.3771E+4,1.6825E+4,1.0306E+4,3.6223E+4,4.1442E+4,1.3661E+4,5.4144E+4,6.4837E+3
HTKGIGASGSFR,XP_003438501.2,NA,H[+43]TK[+56]GIGASGSFR,#N/A,#N/A,30.66,NA,1.4242E+5,1.7377E+5,1.1917E+5,4.9460E+4,2.5195E+5,1.5810E+5,2.8205E+4,2.5368E+5,3.0995E+4
HTKGIGASGSFR,XP_003438501.2,NA,H[+57]TK[+56]GIGASGSFR,#N/A,#N/A,33.05,NA,3.8243E+6,6.0838E+6,6.4596E+6,3.9107E+6,6.7452E+6,4.6946E+6,2.0221E+6,7.4796E+6,2.7530E+6
HTKGIGASGSFR,XP_003438501.2,NA,H[+57]TK[+43]GIGASGSFR,#N/A,#N/A,30.66,NA,1.3000E+5,1.6312E+5,1.3552E+5,3.8417E+4,2.3780E+5,1.6387E+5,3.5054E+4,2.1817E+5,3.6570E+4
NA,NA,NA,NA,NA,NA,NA,NA,NA,NA,NA,NA,NA,NA,NA,NA,NA
HTKGIGASGSFR,XP_003438501.2,NA,H[+56]TK[+56]GIGASGS[+56]FR,#N/A,#N/A,41.97,NA,7.0242E+4,4.7608E+4,2.6315E+4,4.3960E+4,5.5887E+4,2.5459E+4,3.1602E+4,4.0880E+4,3.3480E+4
HTKGIGASGSFR,XP_003438501.2,NA,H[+57]T[-18]K[+56]GIGASGSFR,#N/A,#N/A,33.04,NA,2.7309E+6,4.1493E+6,4.4729E+6,2.7922E+6,4.6375E+6,3.0753E+6,1.4393E+6,5.1574E+6,1.8804E+6
HTKGIGASGSFR,XP_003438501.2,NA,HTK[+56]GIGASGS[-18]FR[+14],#N/A,#N/A,21.94,NA,1.1217E+6,2.1526E+6,9.2651E+5,4.3945E+5,2.5232E+6,3.4525E+6,4.9152E+5,4.3372E+6,4.4116E+5
KSTGGKAPR,XP_005463512.2,NA,K[+56]STGGK[+56]APR,#N/A,#N/A,17.37,NA,6.3040E+7,5.0657E+7,2.7466E+7,1.5317E+7,4.9634E+7,4.1940E+7,3.5651E+7,4.4031E+7,1.2547E+7
KSTGGKAPR,XP_005463512.2,NA,K[+56]STGGK[+42]APR,#N/A,#N/A,16.76,NA,1.0992E+7,8.6869E+6,4.9750E+6,2.8723E+6,6.9804E+6,1.2501E+7,7.9443E+6,8.7571E+6,2.6460E+6
KSTGGKAPR,XP_005463512.2,NA,K[+112.1]STGGK[+56]APR,#N/A,#N/A,29.73,NA,8.8607E+7,7.9575E+7,4.6252E+7,4.2448E+7,5.4298E+7,3.9961E+7,5.0934E+7,4.3593E+7,3.1515E+7
KSTGGKAPR,XP_005463512.2,NA,K[+112.1]STGGK[+42]APR,#N/A,#N/A,26.68,NA,3.6507E+7,2.8854E+7,2.3533E+7,1.8330E+7,1.4585E+7,1.8367E+7,2.0241E+7,1.6161E+7,1.2893E+7
KSTGGKAPR,XP_005463512.2,NA,K[+57]STGGK[+56]APR,#N/A,#N/A,17.37,NA,5.7807E+7,4.5895E+7,2.4638E+7,1.3724E+7,4.4776E+7,3.7837E+7,3.0845E+7,3.8986E+7,1.2134E+7
KSTGGKAPR,XP_005463512.2,NA,K[+57]STGGK[+42]APR,#N/A,#N/A,16.76,NA,1.1287E+7,8.8878E+6,5.0695E+6,2.8779E+6,7.2110E+6,1.2874E+7,8.0937E+6,8.9495E+6,2.6462E+6
KSTGGKAPR,XP_005463512.2,NA,K[+99]STGGK[+56]APR,#N/A,#N/A,24.24,NA,3.7264E+6,2.2025E+6,9.5032E+5,4.8289E+5,2.1981E+6,9.6869E+5,6.7807E+5,1.1415E+6,4.4831E+5
KQLATKAAR,XP_005463512.2,NA,K[+56]QLATK[+56]AAR,#N/A,#N/A,24.49,NA,2.5993E+8,2.4553E+8,9.8792E+7,4.9826E+7,2.0706E+8,2.3865E+8,1.0954E+8,2.0497E+8,4.8968E+7
KQLATKAAR,XP_005463512.2,NA,K[+56]QLATK[+42]AAR,#N/A,#N/A,21.74,NA,4.5080E+7,3.9738E+7,1.6907E+7,7.4681E+6,2.3237E+7,3.6981E+7,1.5671E+7,3.2012E+7,5.9324E+6
KQLATKAAR,XP_005463512.2,NA,K[+114]QLATK[+56]AAR,#N/A,#N/A,24.88,NA,5.3189E+6,2.0553E+7,2.5280E+6,1.8625E+6,1.5405E+7,2.8575E+6,1.7930E+6,8.7877E+6,6.7614E+5
KQLATKAAR,XP_005463512.2,NA,K[+114]QLATK[+42]AAR,#N/A,#N/A,48.15,NA,3.7260E+7,4.0586E+7,3.0580E+7,2.2547E+7,2.1918E+7,1.9628E+7,2.1993E+7,2.1502E+7,1.3670E+7
KQLATKAAR,XP_005463512.2,NA,K[+112.1]QLATK[+56]AAR,#N/A,#N/A,51.21,NA,2.6276E+8,2.7638E+8,1.8912E+8,1.5590E+8,2.0385E+8,1.3404E+8,1.7870E+8,1.5577E+8,1.1285E+8
KQLATKAAR,XP_005463512.2,NA,K[+112.1]QLATK[+42]AAR,#N/A,#N/A,48.15,NA,5.0063E+7,5.4580E+7,4.0431E+7,3.0433E+7,2.8905E+7,2.6366E+7,2.9903E+7,2.8515E+7,1.8302E+7
KQLATKAAR,XP_005463512.2,NA,K[+112.1]QLATK[+43]AAR,#N/A,#N/A,45.15,NA,1.7206E+6,2.5793E+6,6.1053E+6,2.0803E+6,1.7496E+6,1.2473E+6,1.0593E+6,1.5698E+6,2.4225E+6
KQLATKAAR,XP_005463512.2,NA,K[+57]QLATK[+56]AAR,#N/A,#N/A,24.49,NA,2.0512E+8,1.9395E+8,7.6015E+7,3.8551E+7,1.6288E+8,1.8895E+8,8.5485E+7,1.6154E+8,3.8526E+7
KQLATKAAR,XP_005463512.2,NA,K[+99]QLATK[+56]AAR,#N/A,#N/A,39.35,NA,1.6194E+7,1.2215E+7,4.9185E+6,3.0885E+6,1.1810E+7,4.3301E+6,3.4669E+6,5.9792E+6,1.9267E+6
KQLATKAAR,XP_005463512.2,NA,K[+99]QLATK[+42]AAR,#N/A,#N/A,36.29,NA,2.1286E+6,1.8031E+6,8.3877E+5,3.5255E+5,1.1687E+6,8.4222E+5,3.8111E+5,9.3583E+5,2.4218E+5
KQLATKAAR,XP_005463512.2,NA,K[+99]QLATK[+43]AAR,#N/A,#N/A,36.34,NA,1.2041E+6,1.0384E+6,4.6353E+5,2.0523E+5,6.5611E+5,4.6657E+5,2.2205E+5,6.4298E+5,1.3017E+5
KQLATKAAR,XP_005463512.2,NA,K[+56]Q[+1]LATK[+56]AAR,#N/A,#N/A,26.76,NA,6.6825E+6,6.2238E+6,2.0168E+6,1.0390E+6,5.0239E+6,6.0048E+6,1.9848E+6,4.1341E+6,1.0870E+6
KQLATKAAR,XP_005463512.2,NA,K[+43]QLAT[+80]K[+56]AAR,#N/A,#N/A,51.2,NA,3.3514E+7,3.5177E+7,2.5922E+7,2.2209E+7,2.8398E+7,1.9388E+7,2.4842E+7,2.1454E+7,1.6457E+7
KSAPATGGVKKPHR,XP_005463512.2,NA,KSAPAT[+114]GGVKKPHR,#N/A,#N/A,17.62,NA,5.7897E+6,1.0031E+7,3.6853E+6,1.5320E+6,1.0870E+7,1.8241E+7,3.0484E+6,1.0748E+7,1.5635E+6
KSAPATGGVKKPHR,XP_005463512.2,NA,K[+56]SAPATGGVK[+56]KPHR,#N/A,#N/A,16.98,NA,2.2415E+5,4.4585E+5,5.1756E+5,1.5006E+5,7.3678E+5,6.2168E+5,1.3898E+5,4.0573E+5,1.8662E+5
NA,NA,NA,NA,NA,NA,NA,NA,NA,NA,NA,NA,NA,NA,NA,NA,NA
KSAPATGGVKKPHR,XP_005463512.2,NA,K[+56]SAPATGGVKK[+28]PHR,#N/A,#N/A,9.62,NA,1.2652E+2,2.5273E+4,6.2698E+3,4.8490E+2,3.7199E+4,3.3069E+4,1.4990E+2,2.7415E+4,5.5514E+2
KSAPATGGVKKPHR,XP_005463512.2,NA,K[+56]SAPATGGVKKPHR[+28],#N/A,#N/A,9.61,NA,5.5449E+2,6.9551E+2,3.4118E+2,3.1683E+2,6.1530E+3,3.5346E+3,1.7519E+2,4.4706E+3,0.0000E+0
KSAPATGGVKKPHR,XP_005463512.2,NA,K[+28]SAPAT[+114]GGVKKPHR,#N/A,#N/A,17.61,NA,1.9349E+5,3.9798E+5,1.3760E+5,4.8779E+4,3.9990E+5,6.7795E+5,9.9103E+4,4.3793E+5,4.2297E+4
KSAPATGGVKKPHR,XP_005463512.2,NA,K[+28]SAPATGGVK[+114]KPHR,#N/A,#N/A,17.61,NA,6.7712E+5,1.1639E+6,3.1074E+5,7.2595E+4,1.2614E+6,1.9084E+6,2.8224E+5,1.1331E+6,4.5079E+4
KSAPATGGVKKPHR,XP_005463512.2,NA,K[+28]SAPATGGVKK[+114]PHR,#N/A,#N/A,17.61,NA,9.5822E+6,1.6537E+7,4.5352E+6,2.4918E+6,1.7602E+7,3.1045E+7,5.5053E+6,1.7186E+7,2.9157E+6
KSAPATGGVKKPHR,XP_005463512.2,NA,K[+14]SAPAT[+114]GGVKKPHR,#N/A,#N/A,17.62,NA,6.4448E+6,1.0584E+7,3.9247E+6,1.5942E+6,1.2098E+7,2.0154E+7,3.2504E+6,1.1924E+7,1.6197E+6
KSAPATGGVKKPHR,XP_005463512.2,NA,K[+71]SAPATGGVK[+56]KPHR,#N/A,#N/A,16.98,NA,1.1894E+5,3.1705E+5,3.2380E+5,7.1389E+4,4.7485E+5,3.8324E+5,3.4032E+4,2.7559E+5,1.0400E+5
NA,NA,NA,NA,NA,NA,NA,NA,NA,NA,NA,NA,NA,NA,NA,NA,NA
KSAPATGGVKKPHR,XP_005463512.2,NA,K[+57]SAPATGGVK[+56]KPHR,#N/A,#N/A,16.98,NA,8.5877E+5,1.9694E+6,2.2145E+6,5.3345E+5,3.0299E+6,2.7805E+6,3.6504E+5,1.7836E+6,7.4144E+5
KSAPATGGVKKPHR,XP_005463512.2,NA,K[+57]SAPATGGVKK[+28]PHR,#N/A,#N/A,16.55,NA,1.4612E+4,4.1186E+5,5.7174E+4,2.4493E+3,4.4332E+5,9.3657E+5,3.5150E+3,3.8976E+5,8.5807E+3
KSAPATGGVKKPHR,XP_005463512.2,NA,K[+70]SAPATGGVK[+56]KPHR,#N/A,#N/A,17,NA,3.1526E+4,7.5725E+4,8.3487E+4,1.9232E+4,1.1511E+5,1.1229E+5,1.2813E+4,5.9627E+4,2.7571E+4
KSAPATGGVKKPHR,XP_005463512.2,NA,K[+70]SAPATGGVK[+114]KPHR,#N/A,#N/A,21.91,NA,3.1084E+4,4.2807E+4,9.9603E+3,5.1283E+3,4.5926E+4,4.4612E+4,3.5012E+3,5.4310E+4,8.8805E+3
KSAPATGGVKKPHR,XP_005463512.2,NA,K[+70]SAPATGGVK[+28]KPHR,#N/A,#N/A,16.55,NA,1.5537E+4,3.6299E+5,4.4955E+4,2.3247E+3,3.7355E+5,8.9243E+5,3.9713E+3,3.4013E+5,6.8577E+3
KSAPATGGVKKPHR,XP_005463512.2,NA,KS[+56]APATGGVK[+56]KPHR,#N/A,#N/A,16.99,NA,3.8811E+4,9.2285E+4,1.0667E+5,2.0673E+4,1.5033E+5,1.2277E+5,1.1914E+4,7.7749E+4,2.6262E+4
KSAPATGGVKKPHR,XP_005463512.2,NA,KS[+56]APATGGVK[+28]KPHR,#N/A,#N/A,9.63,NA,1.1976E+3,1.4204E+4,5.6964E+3,1.7669E+2,1.8572E+4,2.2749E+4,0.0000E+0,1.8335E+4,5.6569E+2
KSAPATGGVKKPHR,XP_005463512.2,NA,KS[+114]APATGGVKK[+56]PHR,#N/A,#N/A,17.6,NA,6.6178E+6,1.2092E+7,2.8849E+6,1.7805E+6,1.3259E+7,2.1972E+7,4.1727E+6,1.2715E+7,2.1871E+6
KSAPATGGVKKPHR,XP_005463512.2,NA,KSAPATGGVK[+56]K[+56]PHR,#N/A,#N/A,17.62,NA,1.2512E+7,2.0675E+7,6.9314E+6,2.7687E+6,2.2618E+7,3.6980E+7,6.4310E+6,2.2217E+7,2.7833E+6
KSAPATGGVKKPHR,XP_005463512.2,NA,KSAPATGGVK[+28]K[+56]PHR,#N/A,#N/A,9.8,NA,0.0000E+0,1.3907E+4,3.0994E+4,7.5154E+2,6.8659E+5,2.5258E+4,3.3323E+2,3.6612E+5,0.0000E+0
KSAPATGGVKKPHR,XP_005463512.2,NA,K[+56]SAPAT[+114]GGVK[+14]KPHR,#N/A,#N/A,26.12,NA,6.2644E+4,9.2793E+4,3.5921E+4,1.4249E+4,1.3320E+5,2.0761E+5,2.4061E+4,1.4996E+5,2.3478E+4
NA,NA,NA,NA,NA,NA,NA,NA,NA,NA,NA,NA,NA,NA,NA,NA,NA
KSAPATGGVKKPHR,XP_005463512.2,NA,K[+112.1]S[+56]APATGGVKK[+56]PHR,#N/A,#N/A,23.66,NA,2.2917E+6,3.2641E+6,1.5650E+6,1.4286E+6,2.9807E+6,2.9810E+6,1.6448E+6,2.0710E+6,1.4858E+6
KSAPATGGVKKPHR,XP_005463512.2,NA,K[+112.1]SAPATGGVK[+56]K[+56]PHR,#N/A,#N/A,36.27,NA,7.2930E+6,1.0115E+7,4.8209E+6,5.1634E+6,8.0654E+6,5.0011E+6,5.0982E+6,5.6343E+6,3.5813E+6
KSAPATGGVKKPHR,XP_005463512.2,NA,K[+28]S[+56]APATGGVK[+56]KPHR,#N/A,#N/A,16.99,NA,1.5622E+6,3.3615E+6,3.8260E+6,9.8192E+5,5.1189E+6,4.9485E+6,6.4776E+5,3.2022E+6,1.3063E+6
KSAPATGGVKKPHR,XP_005463512.2,NA,K[+28]S[+56]APATGGVK[+114]KPHR,#N/A,#N/A,23.69,NA,3.7575E+7,4.7952E+7,2.6176E+7,2.3971E+7,4.4035E+7,4.7111E+7,2.7633E+7,3.0292E+7,2.4905E+7
KSAPATGGVKKPHR,XP_005463512.2,NA,K[+28]S[+56]APATGGVK[+28]KPHR,#N/A,#N/A,16.98,NA,4.3809E+5,8.8775E+5,8.6379E+5,3.0166E+5,1.3589E+6,1.1449E+6,3.9360E+5,7.0866E+5,3.6727E+5
KSAPATGGVKKPHR,XP_005463512.2,NA,K[+28]S[+80]APATGGVK[+56]KPHR,#N/A,#N/A,16.98,NA,2.4501E+5,7.3945E+5,7.6612E+5,1.2665E+5,1.2343E+6,1.1834E+6,8.3570E+4,7.6295E+5,3.5698E+5
KSAPATGGVKKPHR,XP_005463512.2,NA,K[+28]SAPAT[+114]GGVK[+42]KPHR,#N/A,#N/A,17.62,NA,2.6976E+5,4.7734E+5,1.0656E+5,8.5154E+4,5.3691E+5,6.8524E+5,1.5195E+5,4.4398E+5,7.5087E+4
KSAPATGGVKKPHR,XP_005463512.2,NA,K[+28]SAPAT[-18]GGVK[+114]KPHR,#N/A,#N/A,17.62,NA,1.2256E+7,2.0243E+7,6.4408E+6,2.9779E+6,2.1238E+7,3.6409E+7,6.6998E+6,2.0428E+7,2.8916E+6
KSAPATGGVKKPHR,XP_005463512.2,NA,K[+28]SAPAT[+80]GGVK[+56]KPHR,#N/A,#N/A,17.6,NA,8.1600E+6,1.4696E+7,3.6124E+6,2.3765E+6,1.5997E+7,2.7406E+7,5.3032E+6,1.5669E+7,3.0378E+6
KSAPATGGVKKPHR,XP_005463512.2,NA,K[+72]S[-18]APATGGVK[+56]KPHR,#N/A,#N/A,16.99,NA,1.2412E+6,2.7074E+6,3.1574E+6,8.0562E+5,4.3310E+6,3.9013E+6,5.5470E+5,2.5531E+6,1.0325E+6
KSAPATGGVKKPHR,XP_005463512.2,NA,K[+42]S[+56]APATGGVK[+114]KPHR,#N/A,#N/A,23.66,NA,3.7459E+6,5.3251E+6,2.5647E+6,2.4547E+6,5.7380E+6,4.6917E+6,2.9183E+6,3.5132E+6,2.5886E+6
KSAPATGGVKKPHR,XP_005463512.2,NA,K[+14]S[+56]APATGGVK[+56]KPHR,#N/A,#N/A,16.99,NA,5.2380E+5,1.0888E+6,1.2990E+6,3.3583E+5,1.7437E+6,1.5593E+6,2.1757E+5,1.0391E+6,4.2957E+5
KSAPATGGVKKPHR,XP_005463512.2,NA,K[+16]SAP[+32]ATGGVK[+56]KPHR,#N/A,#N/A,16.99,NA,1.3521E+6,2.9883E+6,3.3623E+6,8.3714E+5,4.4419E+6,4.1902E+6,5.7422E+5,2.7129E+6,1.1373E+6
KSAPATGGVKKPHR,XP_005463512.2,NA,K[+32]S[-18]APAT[+114]GGVKKPHR,#N/A,#N/A,16.98,NA,2.4131E+5,4.9152E+5,5.5691E+5,1.6312E+5,7.7663E+5,7.0380E+5,1.4152E+5,4.5005E+5,1.9977E+5
KSAPATGGVKKPHR,XP_005463512.2,NA,K[+32]S[-18]APATGGVK[+114]KPHR,#N/A,#N/A,17.62,NA,6.4261E+6,1.0976E+7,3.7172E+6,1.5385E+6,1.1785E+7,2.0071E+7,3.3449E+6,1.1685E+7,1.5111E+6
KSAPATGGVKKPHR,XP_005463512.2,NA,K[+32]SAP[+32]ATGGVK[+56]KPHR,#N/A,#N/A,16.98,NA,8.5801E+5,1.9398E+6,2.2112E+6,5.3274E+5,3.0481E+6,2.7809E+6,3.7192E+5,1.7593E+6,7.4291E+5
NA,NA,NA,NA,NA,NA,NA,NA,NA,NA,NA,NA,NA,NA,NA,NA,NA
KSAPATGGVKKPHR,XP_005463512.2,NA,KS[+114]APAT[-18]GGVK[+56]KPHR,#N/A,#N/A,16.98,NA,9.3921E+5,2.6577E+6,2.6054E+6,6.2768E+5,4.0572E+6,3.6897E+6,3.8833E+5,2.5061E+6,1.2461E+6
YRPGTVALR,XP_005463512.2,NA,YRPGTVALR,#N/A,#N/A,19.26,NA,3.1387E+7,5.5447E+7,2.0565E+7,2.8172E+6,7.0174E+7,1.0241E+8,1.2470E+7,5.8066E+7,1.3836E+7
YRPGTVALR,XP_005463512.2,NA,Y[+56]RPGTVALR,#N/A,#N/A,34.43,NA,3.3921E+7,4.9129E+7,4.2601E+7,2.3302E+7,5.2681E+7,4.6115E+7,2.8882E+7,3.6813E+7,4.0899E+7
YRPGTVALR,XP_005463512.2,NA,Y[+43]RPGTVALR,#N/A,#N/A,30.16,NA,9.0729E+6,1.2485E+7,6.6333E+6,1.5017E+6,1.7631E+7,9.1252E+6,1.9926E+6,6.7559E+6,3.3320E+6
YRPGTVALR,XP_005463512.2,NA,Y[+57]RPGTVALR,#N/A,#N/A,34.43,NA,8.7990E+7,1.3264E+8,1.1008E+8,5.7779E+7,1.3834E+8,1.1843E+8,7.3758E+7,9.1578E+7,1.0551E+8
YRPGTVALR,XP_005463512.2,NA,Y[+43]R[+16]PGTVALR,#N/A,#N/A,29.46,NA,2.5830E+5,2.5357E+5,1.1495E+5,9.9293E+4,2.4936E+5,4.6462E+5,1.3143E+5,3.2170E+5,1.1200E+5
YRPGTVALR,XP_005463512.2,NA,Y[-18]R[+42]P[+32]GTVALR,#N/A,#N/A,34.43,NA,1.3269E+7,1.8591E+7,1.6189E+7,9.0390E+6,1.9973E+7,1.7349E+7,1.1173E+7,1.4041E+7,1.5469E+7
YRPGTVALREIR,XP_005463512.2,NA,Y[+43]RPGTVALREIR,#N/A,#N/A,33.85,NA,4.5556E+4,5.8357E+4,3.6699E+4,2.7173E+4,3.7643E+4,4.5666E+4,3.2916E+4,5.9206E+4,3.4479E+4
RYQKSTELLIR,XP_005463512.2,NA,R[+56]YQKSTELLIR,#N/A,#N/A,34.81,NA,8.4123E+4,1.4107E+6,2.5698E+5,1.3023E+5,1.0157E+6,9.8890E+5,1.7665E+5,1.1128E+6,4.0157E+4
RYQKSTELLIR,XP_005463512.2,NA,R[+57]YQKSTELLIR,#N/A,#N/A,34.78,NA,6.8188E+5,1.1739E+7,2.2410E+6,1.1500E+6,8.4980E+6,8.7513E+6,1.7098E+6,9.0740E+6,2.4009E+5
RYQKSTELLIR,XP_005463512.2,NA,RYQK[+56]STELLIR,#N/A,#N/A,34.8,NA,1.3553E+5,2.2187E+6,4.2489E+5,2.3105E+5,1.6323E+6,1.7466E+6,3.2272E+5,1.8091E+6,4.9315E+4
RYQKSTELLIR,XP_005463512.2,NA,RYQK[+43]STELLIR,#N/A,#N/A,29.49,NA,6.4229E+4,6.6970E+4,7.2339E+4,1.9742E+4,1.8532E+5,2.0784E+5,1.6621E+4,1.0769E+5,5.0680E+4
RYQKSTELLIR,XP_005463512.2,NA,RYQKS[+56]TELLIR,#N/A,#N/A,34.82,NA,1.5652E+6,7.5084E+6,1.3008E+6,6.6947E+5,5.0393E+6,5.9716E+6,6.6829E+5,5.8893E+6,4.0698E+4
RYQKSTELLIR,XP_005463512.2,NA,R[+56]YQK[+56]STELLIR,#N/A,#N/A,48.14,NA,1.3373E+5,5.0698E+5,2.1271E+5,2.9759E+5,3.5088E+5,2.2235E+5,1.3412E+5,1.7541E+5,1.8262E+4
RYQKSTELLIR,XP_005463512.2,NA,R[+56]YQKS[+56]TELLIR,#N/A,#N/A,48.13,NA,4.9497E+4,2.0640E+5,8.3690E+4,1.3598E+5,1.4480E+5,7.3407E+4,5.6956E+4,5.4292E+4,4.7661E+3
RYQKSTELLIR,XP_005463512.2,NA,R[+43]YQK[+56]STELLIR,#N/A,#N/A,45.59,NA,1.5525E+5,3.6129E+5,1.6222E+5,9.3813E+4,3.4003E+5,1.4579E+5,4.0310E+4,1.5025E+5,4.6005E+4
RYQKSTELLIR,XP_005463512.2,NA,R[+56]YQ[+1]K[+42]STELLIR,#N/A,#N/A,45.73,NA,1.3763E+5,3.4817E+5,1.5970E+5,1.1014E+5,3.6242E+5,1.7549E+5,7.4244E+4,2.3396E+5,7.0030E+4
RYQKSTELLIR,XP_005463512.2,NA,R[+56]YQK[+72]S[-18]TELLIR,#N/A,#N/A,48.12,NA,5.7626E+5,3.0694E+6,1.2701E+6,1.7382E+6,1.7993E+6,1.0715E+6,8.5053E+5,1.0827E+6,1.1069E+5
YQKSTELLIR,XP_005463512.2,NA,Y[+56]QKSTELLIR,#N/A,#N/A,43.1,NA,6.3365E+5,5.0515E+5,1.6099E+5,5.6980E+4,2.9890E+5,3.5426E+5,1.9117E+5,5.3112E+5,1.0144E+5
YQKSTELLIR,XP_005463512.2,NA,Y[+57]QKSTELLIR,#N/A,#N/A,23.85,NA,2.9990E+4,7.0472E+5,1.1987E+5,1.0674E+4,1.3526E+6,3.3756E+5,4.3693E+3,5.6751E+5,5.4122E+4
YQKSTELLIR,XP_005463512.2,NA,YQK[+56]STELLIR,#N/A,#N/A,43.1,NA,3.5911E+7,6.1344E+7,2.3420E+7,8.6039E+6,6.8238E+7,8.5626E+7,2.6510E+7,5.6278E+7,2.0677E+7
YQKSTELLIR,XP_005463512.2,NA,YQKS[+56]TELLIR,#N/A,#N/A,43.04,NA,9.5510E+4,8.5070E+4,2.7658E+4,8.2699E+3,3.9637E+4,5.7694E+4,2.8214E+4,8.5768E+4,1.5330E+4
YQKSTELLIR,XP_005463512.2,NA,Y[+56]QK[+56]STELLIR,#N/A,#N/A,63.55,NA,3.9318E+7,5.1065E+7,2.7921E+7,2.6409E+7,5.8927E+7,4.7045E+7,3.2000E+7,1.7816E+7,2.5554E+7
YQKSTELLIR,XP_005463512.2,NA,Y[+43]QK[+56]STELLIR,#N/A,#N/A,59.31,NA,1.3598E+6,1.3850E+6,4.1792E+5,2.6686E+5,2.3961E+6,1.2863E+6,3.5586E+5,3.7232E+5,2.7698E+5
YQKSTELLIR,XP_005463512.2,NA,Y[+57]QK[+56]STELLIR,#N/A,#N/A,59.31,NA,1.4122E+6,1.3921E+6,4.1827E+5,3.0424E+5,2.4445E+6,1.2630E+6,3.5287E+5,3.6343E+5,2.7816E+5
YQKSTELLIR,XP_005463512.2,NA,Y[-18]QK[+56]STELLIR,#N/A,#N/A,37.42,NA,1.3960E+4,1.9199E+4,1.7636E+4,9.8447E+3,2.0195E+4,2.3002E+4,8.4090E+3,1.5685E+4,8.9463E+3
YQKSTELLIR,XP_005463512.2,NA,YQ[+1]K[+56]STELLIR,#N/A,#N/A,43.1,NA,3.1538E+7,5.3613E+7,2.1087E+7,7.4078E+6,5.9480E+7,7.5797E+7,2.2844E+7,4.9287E+7,1.8018E+7
NA,NA,NA,NA,NA,NA,NA,NA,NA,NA,NA,NA,NA,NA,NA,NA,NA
NA,NA,NA,NA,NA,NA,NA,NA,NA,NA,NA,NA,NA,NA,NA,NA,NA
YQKSTELLIR,XP_005463512.2,NA,Y[+56]QK[+14]S[+80]TELLIR,#N/A,#N/A,63.55,NA,1.4480E+4,4.3420E+4,3.2047E+4,1.3759E+4,5.7009E+4,3.1082E+4,1.6484E+4,1.1670E+4,2.5779E+4
YQKSTELLIR,XP_005463512.2,NA,Y[+56]QK[+14]ST[+80]ELLIR,#N/A,#N/A,63.59,NA,7.5425E+3,4.0469E+4,2.0915E+4,2.1832E+3,5.3972E+4,2.3521E+4,1.4170E+4,7.9530E+3,2.0783E+4
YQKSTELLIR,XP_005463512.2,NA,Y[+43]QK[+42]S[+80]TELLIR,#N/A,#N/A,63.56,NA,5.6608E+5,1.3097E+6,9.4668E+5,4.5720E+5,1.6596E+6,1.0674E+6,7.6203E+5,4.5933E+5,7.5480E+5
EIAQDFKTDLR,XP_005463512.2,NA,E[+43]IAQDFKTDLR,#N/A,#N/A,47.93,NA,1.0814E+5,1.8524E+5,6.7479E+4,4.5779E+4,1.7925E+5,1.8249E+5,6.5518E+4,1.5593E+5,6.1684E+4
EIAQDFKTDLR,XP_005463512.2,NA,EIAQD[+57]FKTDLR,#N/A,#N/A,47.92,NA,1.6878E+7,2.5541E+7,1.1235E+7,5.4172E+6,2.6349E+7,3.0447E+7,9.9657E+6,1.8679E+7,1.0593E+7
EIAQDFKTDLR,XP_005463512.2,NA,EIAQDFK[+56]TDLR,#N/A,#N/A,47.93,NA,5.9886E+6,8.9317E+6,3.9204E+6,2.0226E+6,9.0589E+6,1.0634E+7,3.7441E+6,6.6890E+6,3.8719E+6
EIAQDFKTDLR,XP_005463512.2,NA,EIAQDFK[+28]TDLR,#N/A,#N/A,32.68,NA,1.2353E+6,1.9498E+6,9.3477E+5,2.8221E+5,2.3647E+6,2.5773E+6,5.4470E+5,1.9110E+6,5.8629E+5
EIAQDFKTDLR,XP_005463512.2,NA,EIAQDFK[+14]TDLR,#N/A,#N/A,32.56,NA,2.2005E+6,3.9602E+6,2.1589E+6,4.0266E+5,6.6559E+6,6.8466E+6,4.5249E+5,4.4355E+6,8.2598E+5
NA,NA,NA,NA,NA,NA,NA,NA,NA,NA,NA,NA,NA,NA,NA,NA,NA
EIAQDFKTDLR,XP_005463512.2,NA,EIAQDFKTD[+57]LR,#N/A,#N/A,47.92,NA,6.6592E+6,1.0079E+7,4.4736E+6,2.0627E+6,1.0276E+7,1.1642E+7,4.0147E+6,7.5222E+6,4.1715E+6
EIAQDFKTDLR,XP_005463512.2,NA,E[+56]IAQDFK[+56]TDLR,#N/A,#N/A,68.95,NA,1.3546E+7,1.5446E+7,1.6276E+7,1.3436E+7,1.3207E+7,7.6205E+6,1.2316E+7,7.8398E+6,1.5348E+7
EIAQDFKTDLR,XP_005463512.2,NA,E[+56]IAQDFK[+28]TDLR,#N/A,#N/A,52.87,NA,3.9480E+6,6.4067E+6,5.1059E+6,2.5019E+6,6.2975E+6,4.4044E+6,2.1116E+6,3.3387E+6,2.5006E+6
EIAQDFKTDLR,XP_005463512.2,NA,E[+56]IAQDFK[+14]TDLR,#N/A,#N/A,52.77,NA,3.9403E+6,6.2818E+6,7.5376E+6,2.5696E+6,8.6664E+6,4.2337E+6,1.1838E+6,3.2038E+6,2.7602E+6
EIAQDFKTDLR,XP_005463512.2,NA,E[+56]IAQDFKTD[+57]LR,#N/A,#N/A,52.05,NA,4.3680E+4,8.8498E+5,4.9949E+5,6.6053E+4,1.3621E+6,1.0773E+5,3.6978E+4,2.8143E+5,1.2271E+5
EIAQDFKTDLR,XP_005463512.2,NA,E[+43]IAQDFK[+56]TDLR,#N/A,#N/A,65.09,NA,1.9996E+6,3.4237E+6,1.3152E+6,5.8325E+5,3.9597E+6,1.8712E+6,5.1808E+5,1.0114E+6,6.6335E+5
EIAQDFKTDLR,XP_005463512.2,NA,E[+43]IAQDFK[+28]TDLR,#N/A,#N/A,47.83,NA,3.3928E+4,3.5456E+4,2.6422E+4,2.9298E+4,5.1462E+4,1.5793E+4,1.6046E+4,2.6800E+4,1.8649E+4
EIAQDFKTDLR,XP_005463512.2,NA,E[+43]IAQDFK[+14]TDLR,#N/A,#N/A,47.94,NA,2.2186E+5,3.1620E+5,1.6605E+5,6.6499E+4,4.7432E+5,2.7585E+5,7.9102E+4,2.1878E+5,1.0340E+5
EIAQDFKTDLR,XP_005463512.2,NA,E[+43]IAQDFKTD[+57]LR,#N/A,#N/A,65.09,NA,1.4749E+6,2.4160E+6,8.1211E+5,4.2360E+5,2.8210E+6,1.2722E+6,4.0121E+5,6.4206E+5,4.7859E+5
EIAQDFKTDLR,XP_005463512.2,NA,E[+57]IAQDFK[+56]TDLR,#N/A,#N/A,68.95,NA,9.7699E+6,1.1157E+7,1.1668E+7,9.6435E+6,9.5926E+6,5.4578E+6,8.8599E+6,5.6819E+6,1.0997E+7
EIAQDFKTDLR,XP_005463512.2,NA,E[+57]IAQDFK[+28]TDLR,#N/A,#N/A,52.87,NA,3.7566E+6,6.0657E+6,4.8992E+6,2.3302E+6,6.0850E+6,4.3720E+6,2.0528E+6,3.2208E+6,2.4964E+6
EIAQDFKTDLR,XP_005463512.2,NA,E[+57]IAQDFK[+14]TDLR,#N/A,#N/A,52.77,NA,3.1230E+6,4.9807E+6,5.8589E+6,2.0301E+6,6.7165E+6,3.3291E+6,9.8343E+5,2.5914E+6,2.1498E+6
EIAQDFKTDLR,XP_005463512.2,NA,EIAQ[+1]DFK[+56]TDLR,#N/A,#N/A,47.92,NA,4.9897E+7,7.4390E+7,3.2749E+7,1.5810E+7,7.5767E+7,8.8154E+7,2.9874E+7,5.5442E+7,3.0541E+7
EIAQDFKTDLR,XP_005463512.2,NA,EIAQD[-18]FK[+56]TDLR,#N/A,#N/A,63.57,NA,3.2562E+5,5.0372E+5,2.8246E+5,2.3197E+5,6.4023E+5,4.2732E+5,3.2860E+5,2.3241E+5,2.4964E+5
EIAQDFKTDLR,XP_005463512.2,NA,EIAQDFK[+56]TDLR[+14],#N/A,#N/A,52.52,NA,8.6052E+4,1.9563E+5,7.4964E+4,3.8007E+4,1.7016E+5,2.0917E+5,6.1772E+4,1.0889E+5,6.3658E+4
NA,NA,NA,NA,NA,NA,NA,NA,NA,NA,NA,NA,NA,NA,NA,NA,NA
EIAQDFKTDLR,XP_005463512.2,NA,EIAQDFK[+42]TDLR[+28],#N/A,#N/A,52.58,NA,6.4054E+4,1.3906E+5,3.7053E+4,1.3017E+4,1.2766E+5,1.7926E+5,3.4737E+4,8.3781E+4,3.7165E+4
EIAQDFKTDLR,XP_005463512.2,NA,EIAQDFK[+14]T[+80]DLR,#N/A,#N/A,47.92,NA,6.1438E+5,1.1233E+6,5.6689E+5,2.0867E+5,1.2876E+6,1.2220E+6,4.4670E+5,8.5906E+5,5.6676E+5
EIAQDFKTDLR,XP_005463512.2,NA,EIAQDFK[+14]T[+42]DLR,#N/A,#N/A,47.94,NA,1.5161E+6,2.2167E+6,1.0059E+6,4.9017E+5,2.3706E+6,2.5842E+6,9.1399E+5,1.6157E+6,9.5915E+5
EIAQDFKTDLR,XP_005463512.2,NA,EIAQDFK[+14]T[+56]DLR,#N/A,#N/A,52.57,NA,1.3545E+5,2.4398E+5,7.0439E+4,4.4029E+4,2.2167E+5,2.7421E+5,7.1121E+4,1.5276E+5,7.6162E+4
EIAQDFKTDLR,XP_005463512.2,NA,EIAQDFK[+71]TDLR[-1],#N/A,#N/A,52.58,NA,8.3850E+6,1.5673E+7,5.1855E+6,1.9368E+6,1.4907E+7,1.8094E+7,4.8218E+6,1.0824E+7,4.9107E+6
EIAQDFKTDLR,XP_005463512.2,NA,EIAQDFK[+16]T[+42]DLR,#N/A,#N/A,47.93,NA,7.5965E+6,1.4638E+7,5.2540E+6,2.3809E+6,1.1911E+7,1.3962E+7,4.4538E+6,1.0366E+7,4.4989E+6
EIAQDFKTDLR,XP_005463512.2,NA,EIAQDFK[+42]TDLR[+16],#N/A,#N/A,47.93,NA,1.5323E+7,2.2766E+7,9.7731E+6,4.4366E+6,2.3662E+7,2.6372E+7,8.9282E+6,1.6755E+7,8.8640E+6
EIAQDFKTDLR,XP_005463512.2,NA,E[+56]IAQ[+1]DFK[+56]TDLR,#N/A,#N/A,68.95,NA,1.2070E+7,1.3737E+7,1.4485E+7,1.2005E+7,1.1811E+7,6.7963E+6,1.1024E+7,7.0112E+6,1.3597E+7
EIAQDFKTDLR,XP_005463512.2,NA,E[+56]IAQD[+57]FK[+14]TDLR,#N/A,#N/A,52.09,NA,1.9569E+4,1.4833E+5,5.7987E+4,1.4081E+4,2.2187E+5,3.8704E+4,6.7009E+3,6.4588E+4,1.9739E+4
NA,NA,NA,NA,NA,NA,NA,NA,NA,NA,NA,NA,NA,NA,NA,NA,NA
EIAQDFKTDLR,XP_005463512.2,NA,E[+56]IAQDFK[+42]TDLR[+28],#N/A,#N/A,69.28,NA,2.8502E+5,4.6217E+5,3.0603E+5,2.5416E+5,3.5126E+5,1.7144E+5,2.4470E+5,1.7338E+5,2.7882E+5
EIAQDFKTDLR,XP_005463512.2,NA,E[+56]IAQDFK[+14]TD[+57]LR,#N/A,#N/A,52.04,NA,6.4969E+3,1.6774E+5,6.1456E+4,1.3871E+4,2.1837E+5,3.1666E+4,7.3201E+3,7.3700E+4,2.0806E+4
EIAQDFKTDLR,XP_005463512.2,NA,E[+56]IAQDFK[+71]TDLR[-1],#N/A,#N/A,69.29,NA,1.6094E+6,2.5241E+6,1.5532E+6,1.4481E+6,2.0480E+6,9.2347E+5,1.3883E+6,9.7485E+5,1.4555E+6
EIAQDFKTDLR,XP_005463512.2,NA,E[+56]IAQDFKTD[+57]LR[-1],#N/A,#N/A,68.95,NA,1.0977E+7,1.2450E+7,1.3028E+7,1.0804E+7,1.0636E+7,6.0439E+6,9.8863E+6,6.2869E+6,1.2391E+7
EIAQDFKTDLR,XP_005463512.2,NA,E[+43]IAQ[+1]DFK[+56]TDLR,#N/A,#N/A,65.09,NA,1.9673E+6,3.1399E+6,1.1619E+6,5.4204E+5,3.6915E+6,1.6885E+6,4.9912E+5,9.0463E+5,6.0424E+5
VTIMPKDIQLAR,XP_005463512.2,NA,VT[+114]IMPKDIQLAR,#N/A,#N/A,37.16,NA,1.4558E+7,3.6755E+7,8.5658E+6,4.6628E+6,3.8547E+7,3.3240E+7,9.2430E+6,3.8407E+7,6.7588E+6
VTIMPKDIQLAR,XP_005463512.2,NA,VTIMPK[+56]DIQLAR,#N/A,#N/A,50.29,NA,2.4388E+5,4.6009E+5,2.8993E+5,9.5759E+4,5.4760E+5,7.7178E+5,1.7791E+5,5.6548E+5,3.3140E+5
VTIMPKDIQLAR,XP_005463512.2,NA,VTIMPK[+72]DIQLAR,#N/A,#N/A,45.58,NA,5.3822E+6,3.8659E+6,1.4837E+6,6.1663E+5,1.6981E+6,3.2027E+6,2.5439E+6,2.0489E+6,1.0280E+6
VTIMPKDIQLAR,XP_005463512.2,NA,VTIMPK[+43]DIQLAR,#N/A,#N/A,50.1,NA,1.7330E+5,3.2455E+5,1.0339E+5,8.7217E+4,1.8666E+5,2.2494E+5,1.6559E+5,4.2895E+5,1.2204E+5
VTIMPKDIQLAR,XP_005463512.2,NA,VTIMPKD[+57]IQLAR,#N/A,#N/A,51.72,NA,4.6259E+7,7.6864E+7,3.7706E+7,1.3264E+7,8.1170E+7,1.0746E+8,3.9716E+7,8.7342E+7,2.6236E+7
VTIMPKDIQLAR,XP_005463512.2,NA,V[+56]TIMPK[+56]DIQLAR,#N/A,#N/A,69.13,NA,1.9906E+7,2.5548E+7,2.2308E+7,1.7737E+7,2.3022E+7,1.7378E+7,2.5048E+7,1.7895E+7,1.9132E+7
VTIMPKDIQLAR,XP_005463512.2,NA,V[+56]TIMPK[+72]DIQLAR,#N/A,#N/A,64.14,NA,2.7030E+7,1.5287E+7,1.4769E+7,1.0712E+7,8.5314E+6,1.0311E+7,1.7868E+7,7.1838E+6,8.7345E+6
VTIMPKDIQLAR,XP_005463512.2,NA,V[+56]TIMPKD[+57]IQLAR,#N/A,#N/A,69.12,NA,7.3199E+6,9.3733E+6,8.0767E+6,6.5432E+6,8.3728E+6,6.4330E+6,9.0785E+6,6.5423E+6,6.9544E+6
VTIMPKDIQLAR,XP_005463512.2,NA,V[+43]TIMPK[+56]DIQLAR,#N/A,#N/A,66.33,NA,2.6960E+6,4.5409E+6,1.6061E+6,5.6190E+5,5.6155E+6,3.3230E+6,1.0661E+6,2.2156E+6,6.2994E+5
VTIMPKDIQLAR,XP_005463512.2,NA,V[+43]TIMPK[+42]DIQLAR,#N/A,#N/A,60.82,NA,4.6150E+4,5.9308E+4,3.3935E+4,1.6951E+4,3.7743E+4,3.8141E+4,1.3989E+4,6.8234E+4,1.1879E+4
VTIMPKDIQLAR,XP_005463512.2,NA,V[+43]TIMPK[+43]DIQLAR,#N/A,#N/A,64.55,NA,1.4476E+5,1.4565E+5,2.7137E+5,9.5827E+4,1.0637E+5,9.7721E+4,7.2909E+4,1.3225E+5,7.0699E+4
VTIMPKDIQLAR,XP_005463512.2,NA,V[+43]TIMPKD[+57]IQLAR,#N/A,#N/A,66.32,NA,1.8486E+6,2.9630E+6,1.0681E+6,3.7667E+5,3.8623E+6,2.2492E+6,7.1877E+5,1.4373E+6,4.1242E+5
VTIMPKDIQLAR,XP_005463512.2,NA,V[+226.1]TIMPK[+56]DIQLAR,#N/A,#N/A,51.73,NA,9.3086E+6,6.2818E+6,1.9057E+6,1.6395E+6,5.5802E+6,7.0609E+6,4.5947E+6,5.4222E+6,9.0227E+5
VTIMPKDIQLAR,XP_005463512.2,NA,V[+57]TIMPK[+56]DIQLAR,#N/A,#N/A,52.5,NA,1.0474E+6,9.8701E+6,1.2638E+6,6.3789E+5,9.5756E+6,2.5654E+6,1.0130E+6,7.0225E+6,4.7273E+5
VTIMPKDIQLAR,XP_005463512.2,NA,VT[-18]IMPK[+56]DIQLAR,#N/A,#N/A,51.95,NA,1.0896E+5,2.1411E+5,1.8164E+5,6.5489E+4,1.9356E+5,2.1120E+5,1.0816E+5,1.5257E+5,1.6179E+5
VTIMPKDIQLAR,XP_005463512.2,NA,VTIM[+16]PK[+56]DIQLAR,#N/A,#N/A,45.51,NA,5.8431E+7,2.7816E+7,1.5764E+7,8.5785E+6,1.8993E+7,3.9113E+7,2.8948E+7,2.0027E+7,1.0194E+7
VTIMPKDIQLAR,XP_005463512.2,NA,VTIM[+16]PKD[+57]IQLAR,#N/A,#N/A,45.51,NA,3.7540E+7,1.8108E+7,1.0185E+7,5.6345E+6,1.2240E+7,2.5163E+7,1.8958E+7,1.3207E+7,6.6454E+6
VTIMPKDIQLAR,XP_005463512.2,NA,VTIMP[+32]K[+56]DIQLAR,#N/A,#N/A,50.75,NA,4.3226E+5,5.1942E+5,4.7750E+5,4.4628E+5,5.5196E+5,3.2051E+5,2.1467E+5,3.0100E+5,3.2340E+5
VTIMPKDIQLAR,XP_005463512.2,NA,VTIMPK[+56]DIQ[+1]LAR,#N/A,#N/A,53.48,NA,2.9600E+4,8.3517E+4,4.2470E+4,5.9442E+3,1.0362E+5,1.1628E+5,2.6794E+4,7.9191E+4,1.7582E+4
VTIMPKDIQLAR,XP_005463512.2,NA,VTIMPK[+56]DIQLAR[+1],#N/A,#N/A,51.72,NA,8.5523E+5,1.4736E+6,6.8656E+5,2.4041E+5,1.5851E+6,1.9334E+6,7.3489E+5,1.5930E+6,4.3345E+5
VTIMPKDIQLAR,XP_005463512.2,NA,V[+56]TIM[+16]PK[+56]DIQLAR,#N/A,#N/A,64.14,NA,4.8185E+7,2.7307E+7,2.5781E+7,1.9065E+7,1.4905E+7,1.8348E+7,3.1444E+7,1.2879E+7,1.5562E+7
VTIMPKDIQLAR,XP_005463512.2,NA,V[+56]TIMPK[+56]DIQ[+1]LAR,#N/A,#N/A,69.13,NA,1.3042E+7,1.1207E+7,9.3731E+6,8.1678E+6,1.0705E+7,8.4966E+6,1.1222E+7,1.1773E+7,8.8750E+6
VTIMPKDIQLAR,XP_005463512.2,NA,V[+43]TIM[+16]PK[+56]DIQLAR,#N/A,#N/A,58.7,NA,1.6626E+6,6.2069E+5,4.2370E+5,1.8365E+5,4.2470E+5,3.6947E+5,3.5940E+5,2.5579E+5,1.7282E+5
VTIMPKDIQLAR,XP_005463512.2,NA,V[+43]TIMP[+32]K[+28]DIQLAR,#N/A,#N/A,66.34,NA,8.0720E+5,1.2843E+6,4.6240E+5,2.0303E+5,1.5750E+6,9.5345E+5,3.4399E+5,5.6516E+5,2.1874E+5
VTIMPKDIQLAR,XP_005463512.2,NA,V[+57]TIM[+16]PK[+56]DIQLAR,#N/A,#N/A,64.14,NA,4.1080E+7,2.3287E+7,2.1976E+7,1.6025E+7,1.2598E+7,1.5716E+7,2.6851E+7,1.0902E+7,1.3133E+7
VTIMPKDIQLAR,XP_005463512.2,NA,V[+57]TIMP[+32]K[+42]DIQLAR,#N/A,#N/A,64.14,NA,9.6451E+6,5.6090E+6,4.5532E+6,3.8460E+6,2.9450E+6,3.5263E+6,5.9459E+6,2.6641E+6,2.6738E+6
VTIMPKDIQLAR,XP_005463512.2,NA,V[+57]TIMP[+32]K[+32]DIQLAR,#N/A,#N/A,66.33,NA,2.6291E+5,6.8334E+5,2.0583E+5,5.1225E+4,8.2927E+5,4.7303E+5,1.3695E+5,4.0345E+5,8.7072E+4
VTIMPKDIQLAR,XP_005463512.2,NA,VT[+80]IMP[+32]K[+71]DIQLAR,#N/A,#N/A,64.14,NA,6.5619E+5,6.5220E+5,8.2640E+5,3.0322E+5,3.7273E+5,4.3879E+5,7.4193E+5,3.3617E+5,4.4353E+5
VTIMPKDIQLAR,XP_005463512.2,NA,VTIM[+16]PK[+56]DIQ[+1]LAR,#N/A,#N/A,45.51,NA,3.3879E+7,1.7197E+7,8.7737E+6,4.1300E+6,1.1161E+7,2.1686E+7,1.6517E+7,1.2539E+7,4.4306E+6
VTIMPKDIQLAR,XP_005463512.2,NA,VTIMP[+32]K[+43]D[-18]IQLAR,#N/A,#N/A,51.76,NA,1.0355E+7,2.0294E+7,9.5872E+6,2.9256E+6,2.1095E+7,2.8634E+7,9.6015E+6,2.3441E+7,6.5232E+6
KGVSLAALKKALAAGGYDVEKNNAR,XP_003459589.1,NA,K[+112.1]GVS[+56]LAALKKALAAGGYDVEK[+56]NNAR,#N/A,#N/A,58.32,NA,1.4143E+5,2.6035E+5,2.7193E+5,1.1106E+5,2.1203E+5,8.3592E+4,3.6206E+4,9.1540E+4,1.3571E+5
KGVSLAALKKALAAGGYDVEKNNAR,XP_003459589.1,NA,K[+112.1]GVSLAALKK[+56]ALAAGGYDVEK[+56]NNAR,#N/A,#N/A,58.37,NA,1.5631E+5,2.1825E+5,2.5960E+5,1.0841E+5,2.2502E+5,8.1387E+4,3.1756E+4,9.9144E+4,1.4170E+5
KGVSLAALKKALAAGGYDVEKNNAR,XP_003459589.1,NA,KGVSLAALK[+56]K[+56]ALAAGGYDVEK[+56]NNAR,#N/A,#N/A,68.5,NA,4.5312E+4,3.4377E+5,2.2182E+4,2.0577E+4,4.4363E+5,1.5694E+5,1.2740E+4,2.7160E+5,7.5379E+3
KAAAKSHKQR,XP_003450682.1,NA,K[+56]AAAK[+56]SHK[+56]QR,#N/A,#N/A,16.75,NA,4.9982E+5,8.6011E+5,3.7058E+5,7.3782E+4,6.9782E+5,7.5525E+5,2.0033E+5,7.8296E+5,1.1107E+5
KAAAKSHKQR,XP_003450682.1,NA,K[+112.1]AAAK[+56]SHK[+56]QR,#N/A,#N/A,30.56,NA,1.0365E+5,2.5787E+5,1.4781E+5,6.5813E+4,1.4360E+5,1.0282E+5,6.0413E+4,1.3496E+5,5.3288E+4
KAAAKSHKQR,XP_003450682.1,NA,K[+112.1]AAAKS[+56]HK[+56]QR,#N/A,#N/A,30.57,NA,6.2130E+4,1.4093E+5,7.8876E+4,2.5096E+4,7.6144E+4,6.5447E+4,3.0195E+4,7.5224E+4,2.7192E+4
KKTGPTVSDLILKALSTSTQR,XP_003446112.1,NA,K[+112.1]KTGPTVSDLILK[+56]ALSTSTQR,#N/A,#N/A,69.53,NA,2.4296E+4,2.6939E+4,1.7364E+3,1.5463E+4,1.3351E+4,9.8635E+3,2.0270E+4,1.3037E+4,5.3718E+2
KKTGPTVSDLILKALSTSTQR,XP_003446112.1,NA,KK[+56]TGPTVSDLILK[+56]ALSTSTQR,#N/A,#N/A,68.89,NA,6.0662E+4,9.1504E+4,3.8680E+4,4.6386E+4,4.8290E+4,4.5675E+4,5.9031E+4,7.1006E+4,1.9517E+4
KKTGPTVSDLILKALSTSTQR,XP_003446112.1,NA,K[+56]K[+56]TGPTVSDLILK[+56]ALSTSTQR,#N/A,#N/A,69.41,NA,5.0226E+3,8.8282E+3,1.6609E+3,2.3502E+3,3.8680E+3,1.6901E+3,2.5705E+3,2.4761E+3,1.1281E+2
NA,NA,NA,NA,NA,NA,NA,NA,NA,NA,NA,NA,NA,NA,NA,NA,NA
KKTGPTVSDLILKALSTSTQR,XP_003446112.1,NA,K[+112.1]K[+56]TGPTVSDLILKALS[+56]TSTQR,#N/A,#N/A,70.2,NA,4.6912E+3,3.2265E+3,1.6527E+2,2.0107E+3,1.8340E+3,8.1887E+2,3.5639E+2,2.4461E+2,0.0000E+0
NA,NA,NA,NA,NA,NA,NA,NA,NA,NA,NA,NA,NA,NA,NA,NA,NA
ILIAVKR,XP_003446112.1,NA,I[+56]LIAVKR,#N/A,#N/A,48.28,NA,3.0598E+4,8.6493E+4,8.3662E+4,3.2612E+4,6.5256E+4,4.8497E+4,3.0162E+4,2.7981E+4,5.4013E+4
ILIAVKR,XP_003446112.1,NA,ILIAVK[+56]R,#N/A,#N/A,36.47,NA,8.7881E+5,3.5753E+6,3.0166E+6,6.7424E+5,1.4675E+6,2.4779E+6,2.8479E+5,2.0198E+6,9.4776E+5
ILIAVKR,XP_003446112.1,NA,I[+56]LIAVK[+56]R,#N/A,#N/A,69.49,NA,1.4681E+5,5.0795E+5,1.8772E+6,8.1890E+5,1.7273E+5,1.6311E+5,1.3462E+5,2.4283E+5,6.0508E+5
ILIAVKR,XP_003446112.1,NA,I[+43]LIAVK[+56]R,#N/A,#N/A,69.49,NA,1.4406E+5,4.5120E+5,1.6680E+6,7.2764E+5,1.6565E+5,1.4728E+5,1.1371E+5,2.0971E+5,5.3416E+5
