Original Order,Peptide,Protein,Protein Description,Peptide Modified Sequence,Begin Pos,End Pos,Average Measured Retention Time,Peptide Note,29_G1F2T_Tryp-R_1-A4_01_4301 Normalized Area,30_G1F3T_Tryp-R_1-B5_01_4307 Normalized Area,31_G1F4T_Tryp-R_1-C6_01_4313 Normalized Area,29_G2F1T_Tryp-R_1-A5_01_4303 Normalized Area,30_G2F2T_Tryp-R_1-B6_01_4309 Normalized Area,31_G2F6T_Tryp-R_1-C7_01_4315 Normalized Area,29_CnF1T_Tryp-R_1-A6_01_4305 Normalized Area,30_CnF2T_Tryp-R_1-B7_01_4311 Normalized Area,31_CnF6T_Tryp-R_1-C8_01_4317 Normalized Area
1,GKTGGKAR,XP_003448939.1,histone H2A [Oreochromis niloticus],G[+43]K[+56]TGGK[+56]AR,4,11,25.24,,1.65E+08,1.25E+08,8.55E+07,7.56E+07,9.95E+07,8.38E+07,1.03E+08,7.76E+07,5.42E+07
2,GKTGGKAR,XP_003448939.1,histone H2A [Oreochromis niloticus],G[+56]K[+56]TGGK[+56]AR,4,11,21.52,,8.25E+06,5.55E+06,3.78E+06,3.44E+06,5.31E+06,3.13E+06,4.33E+06,2.90E+06,1.63E+06
3,SSRAGLQFPVGR,XP_003448939.1,histone H2A [Oreochromis niloticus],S[+114]S[+56]RAGLQFPVGR,18,29,38.23,,6.03E+06,5.66E+06,3.07E+06,1.64E+06,5.23E+06,5.64E+06,2.45E+06,4.17E+06,1.47E+06
4,SSRAGLQFPVGR,XP_003448939.1,histone H2A [Oreochromis niloticus],S[+56]S[+114]RAGLQFPVGR,18,29,38.23,,1.70E+06,1.59E+06,7.81E+05,4.02E+05,1.38E+06,1.45E+06,6.09E+05,1.10E+06,3.30E+05
5,SSRAGLQFPVGR,XP_003448939.1,histone H2A [Oreochromis niloticus],S[+57]S[+114]R[+42]AGLQFPVGR,18,29,38.39,,3.30E+06,3.02E+06,1.81E+06,9.10E+05,3.01E+06,3.00E+06,1.58E+06,2.03E+06,1.37E+06
6,SSRAGLQFPVGR,XP_003448939.1,histone H2A [Oreochromis niloticus],S[+57]S[+56]RAGLQFPVGR,18,29,38.22,,5.10E+06,4.78E+06,1.78E+06,1.15E+06,3.96E+06,3.91E+06,1.75E+06,2.92E+06,9.72E+05
7,SSRAGLQFPVGR,XP_003448939.1,histone H2A [Oreochromis niloticus],SS[+114]R[+14]AGLQFPVGR,18,29,38.15,,2.68E+08,3.21E+08,1.65E+08,8.09E+07,3.59E+08,4.28E+08,1.44E+08,3.12E+08,1.37E+08
8,SSRAGLQFPVGR,XP_003448939.1,histone H2A [Oreochromis niloticus],S[-18]S[+114]RAGLQFPVGR,18,29,38.22,,6.33E+06,5.60E+06,2.06E+06,1.30E+06,4.79E+06,4.72E+06,1.97E+06,3.48E+06,1.10E+06
9,SSRAGLQFPVGR,XP_003448939.1,histone H2A [Oreochromis niloticus],S[+56]S[+114]R[+1]AGLQFPVGR,18,29,38.23,,6.67E+06,6.15E+06,3.32E+06,1.73E+06,5.64E+06,6.11E+06,2.60E+06,4.49E+06,1.60E+06
10,SSRAGLQFPVGR,XP_003448939.1,histone H2A [Oreochromis niloticus],S[+42]S[+56]RAGLQFPVGR,18,29,57.4,,1.60E+07,1.05E+07,1.52E+07,5.39E+06,1.38E+07,1.33E+07,2.72E+06,9.85E+06,1.90E+06
11,SSRAGLQFPVGR,XP_003448939.1,histone H2A [Oreochromis niloticus],S[+226.1]SR[+1]AGLQFPVGR,18,29,38.28,,5.85E+06,3.20E+07,6.01E+06,3.76E+06,3.27E+07,9.91E+06,3.38E+06,1.82E+07,3.78E+06
12,SSRAGLQFPVGR,XP_003448939.1,histone H2A [Oreochromis niloticus],S[+226.1]S[-18]RAGLQ[+1]FPVGR,18,29,50.17,,4.51E+06,6.57E+06,3.76E+06,1.19E+06,8.34E+06,4.53E+06,1.36E+06,3.70E+06,2.04E+06
13,AGLQFPVGR,XP_003448939.1,histone H2A [Oreochromis niloticus],AGLQFPVGR,21,29,38.15,,2.94E+08,3.55E+08,1.89E+08,8.99E+07,3.98E+08,4.69E+08,1.60E+08,3.47E+08,1.52E+08
14,AGLQFPVGR,XP_003448939.1,histone H2A [Oreochromis niloticus],A[+43]GLQ[+1]FPVGR,21,29,52.88,,4.71E+05,7.20E+05,4.68E+05,2.38E+05,7.23E+05,4.83E+05,2.90E+05,4.02E+05,3.82E+05
15,AGLQFPVGR,XP_003448939.1,histone H2A [Oreochromis niloticus],AGLQFPVGR[-1],21,29,33.76,,6.75E+05,1.33E+06,5.51E+05,1.37E+05,1.62E+06,1.02E+06,1.88E+05,7.83E+05,2.82E+05
16,AGLQFPVGR,XP_003448939.1,histone H2A [Oreochromis niloticus],A[+56]GLQFPVGR[-1],21,29,53.4,,2.43E+05,5.27E+05,3.95E+05,1.57E+05,5.34E+05,1.97E+05,1.00E+05,2.20E+05,2.47E+05
17,AGLQFPVGR,XP_003448939.1,histone H2A [Oreochromis niloticus],A[+43]GLQFPVGR,21,29,50.19,,1.03E+07,1.39E+07,7.61E+06,2.61E+06,1.76E+07,8.47E+06,2.82E+06,7.10E+06,4.05E+06
18,AGLQFPVGR,XP_003448939.1,histone H2A [Oreochromis niloticus],AGLQ[+1]FPVGR,21,29,40.12,,6.66E+06,1.12E+07,4.85E+06,1.58E+06,9.46E+06,1.31E+07,2.68E+06,7.18E+06,3.61E+06
19,AGLQFPVGR,XP_003448939.1,histone H2A [Oreochromis niloticus],A[+57]GLQ[+1]FPVGR,21,29,38.28,,3.32E+06,1.70E+07,3.46E+06,1.97E+06,1.66E+07,5.82E+06,1.90E+06,9.81E+06,2.32E+06
20,AGLQFPVGR,XP_003448939.1,histone H2A [Oreochromis niloticus],A[+56]GLQ[+1]FPVGR,21,29,59.41,,2.57E+06,4.02E+06,3.59E+06,1.30E+06,3.20E+06,2.75E+06,1.19E+06,1.75E+06,2.00E+06
21,AGLQFPVGR,XP_003448939.1,histone H2A [Oreochromis niloticus],A[+56]GLQFPVGR,21,29,57.2,,1.30E+08,1.89E+08,1.37E+08,9.01E+07,1.66E+08,1.33E+08,1.01E+08,1.14E+08,1.23E+08
22,AGLQFPVGR,XP_003448939.1,histone H2A [Oreochromis niloticus],A[+57]GLQFPVGR,21,29,38.29,,6.55E+06,3.69E+07,6.35E+06,4.16E+06,3.77E+07,1.08E+07,3.76E+06,2.07E+07,3.97E+06
23,LLRKGNYAER,XP_003448939.1,histone H2A [Oreochromis niloticus],L[+56]LR[+28]K[+28]GNYAER,33,42,16.74,,8.59E+05,1.39E+06,1.03E+05,3.96E+05,2.19E+06,5.72E+05,2.11E+06,6.25E+05,5.18E+05
24,KGNYAER,XP_003448939.1,histone H2A [Oreochromis niloticus],K[+112.1]GNYAER,36,42,30.65,,7.72E+07,7.21E+07,5.65E+07,3.95E+07,5.89E+07,3.37E+07,4.21E+07,3.57E+07,2.48E+07
25,KGNYAER,XP_003448939.1,histone H2A [Oreochromis niloticus],K[+56]GNYAER,36,42,16.74,,9.01E+06,1.30E+07,1.53E+06,4.42E+06,1.94E+07,6.78E+06,2.10E+07,6.44E+06,6.48E+06
26,IIPRHLQLAVR,XP_003448939.1,histone H2A [Oreochromis niloticus],IIP[+16]RHLQLAVR,78,88,35.69,,5.53E+07,6.60E+07,4.46E+07,2.64E+07,4.59E+07,3.38E+07,3.21E+07,2.83E+07,3.93E+07
27,IIPRHLQLAVR,XP_003448939.1,histone H2A [Oreochromis niloticus],IIP[+16]R[+1]HLQLAVR,78,88,35.69,,5.41E+07,6.45E+07,4.38E+07,2.57E+07,4.52E+07,3.32E+07,3.18E+07,2.76E+07,3.84E+07
28,HLQLAVR,XP_003448939.1,histone H2A [Oreochromis niloticus],H[+56]LQLAVR,82,88,35.68,,1.75E+08,2.14E+08,1.60E+08,8.44E+07,1.58E+08,1.34E+08,1.06E+08,1.10E+08,1.32E+08
29,HLQLAVR,XP_003448939.1,histone H2A [Oreochromis niloticus],HLQLAVR,82,88,18.88,,1.95E+08,2.30E+08,1.01E+08,4.66E+07,2.36E+08,2.51E+08,7.89E+07,2.05E+08,6.85E+07
30,HLQLAVR,XP_003448939.1,histone H2A [Oreochromis niloticus],HLQLAVR[+14],82,88,22.2,,3.97E+07,6.44E+07,1.94E+07,6.78E+06,7.21E+07,9.24E+07,1.28E+07,6.02E+07,9.50E+06
31,HLQLAVR,XP_003448939.1,histone H2A [Oreochromis niloticus],H[+43]LQLAVR,82,88,29.62,,1.87E+07,1.99E+07,1.03E+07,4.39E+06,2.26E+07,1.74E+07,5.45E+06,1.23E+07,7.31E+06
32,IAAEASR,XP_003451196.1,histone H2B 1/2 [Oreochromis niloticus],I[+56]AAEASR,71,77,30.06,,1.71E+07,3.03E+07,4.55E+07,1.05E+07,3.53E+07,2.52E+07,1.65E+07,2.29E+07,2.63E+07
33,LAHYNKR,XP_003451196.1,histone H2B 1/2 [Oreochromis niloticus],L[+56]AHYNK[+56]R,78,84,32.11,,3.93E+07,4.56E+07,3.14E+07,2.24E+07,3.83E+07,1.81E+07,2.11E+07,2.32E+07,5.71E+06
34,EIQTAVR,XP_003451196.1,histone H2B 1/2 [Oreochromis niloticus],E[+56]IQTAVR,91,97,34.43,,4.21E+07,4.92E+07,4.82E+07,2.50E+07,4.96E+07,3.79E+07,2.53E+07,3.18E+07,4.27E+07
35,LLLPGELAKHAVSEGTKAVTKYTSSK,XP_003451196.1,histone H2B 1/2 [Oreochromis niloticus],LLLPGELAK[+56]HAVSEGTK[+56]AVTK[+56]YTSSK,98,123,68.8,,6.14E+05,9.05E+05,5.72E+04,1.07E+05,1.11E+06,6.17E+05,2.71E+05,1.38E+06,2.41E+04
36,SQRAGLQFPVGR,XP_005464230.1,histone H2A.Z isoform X1 [Oreochromis niloticus],S[+56]QR[+42]AGLQFPVGR,56,67,38.15,,2.53E+08,3.04E+08,1.56E+08,7.54E+07,3.45E+08,4.13E+08,1.36E+08,2.98E+08,1.29E+08
37,SQRAGLQFPVGR,XP_005464230.1,histone H2A.Z isoform X1 [Oreochromis niloticus],S[+114]QR[+14]AGLQFPVGR,56,67,38.23,,7.17E+06,6.67E+06,3.56E+06,1.83E+06,6.10E+06,6.51E+06,2.80E+06,4.86E+06,1.68E+06
38,SQRAGLQFPVGR,XP_005464230.1,histone H2A.Z isoform X1 [Oreochromis niloticus],S[-18]QR[+32]AGLQFPVGR,56,67,38.16,,4.33E+06,3.54E+06,1.33E+06,9.91E+05,3.34E+06,3.27E+06,1.56E+06,2.55E+06,8.18E+05
39,SQRAGLQFPVGR,XP_005464230.1,histone H2A.Z isoform X1 [Oreochromis niloticus],S[+114]QRAGLQFPVGR,56,67,38.23,,6.50E+06,6.04E+06,3.24E+06,1.70E+06,5.57E+06,5.93E+06,2.55E+06,4.43E+06,1.55E+06
40,SQRAGLQFPVGR,XP_005464230.1,histone H2A.Z isoform X1 [Oreochromis niloticus],S[+42]QR[+28]AGLQFPVGR,56,67,38.22,,6.18E+06,5.42E+06,2.00E+06,1.31E+06,4.69E+06,4.59E+06,1.93E+06,3.41E+06,1.07E+06
41,SQRAGLQFPVGR,XP_005464230.1,histone H2A.Z isoform X1 [Oreochromis niloticus],S[+114]QR[+42]AGLQFPVGR,56,67,41.98,,1.12E+06,3.92E+06,1.86E+06,6.08E+05,3.54E+06,3.39E+06,8.26E+05,2.72E+06,1.18E+06
42,IHRHLKSR,XP_005464230.1,histone H2A.Z isoform X1 [Oreochromis niloticus],I[+43]HRHLK[+14]S[+56]R,68,75,16.48,,5.63E+04,4.08E+05,4.12E+04,1.15E+04,2.15E+05,6.62E+05,1.37E+05,4.05E+05,4.47E+03
43,ITPRHLQLAIR,XP_005464230.1,histone H2A.Z isoform X1 [Oreochromis niloticus],ITPR[+32]HLQLAIR,117,127,41.09,,2.77E+07,3.91E+07,3.02E+07,1.93E+07,3.92E+07,3.07E+07,1.98E+07,2.22E+07,1.64E+07
44,ITPRHLQLAIR,XP_005464230.1,histone H2A.Z isoform X1 [Oreochromis niloticus],ITP[+16]R[+16]HLQLAIR,117,127,41.09,,2.74E+07,3.91E+07,3.01E+07,1.93E+07,3.93E+07,3.13E+07,1.98E+07,2.23E+07,1.63E+07
45,HLQLAIR,XP_005464230.1,histone H2A.Z isoform X1 [Oreochromis niloticus],HLQLAIR,121,127,22.2,,3.95E+07,6.44E+07,1.94E+07,6.76E+06,7.16E+07,9.24E+07,1.28E+07,6.01E+07,9.50E+06
46,HLQLAIR,XP_005464230.1,histone H2A.Z isoform X1 [Oreochromis niloticus],H[+56]LQLAIR,121,127,41.09,,3.56E+07,5.04E+07,3.87E+07,2.51E+07,5.07E+07,3.94E+07,2.59E+07,2.84E+07,2.10E+07
47,SGVSAAALKKALAAGGYDVDKNKAR,XP_019209842.1,histone H1-like [Oreochromis niloticus],SGVSAAALK[+56]K[+56]ALAAGGYDVDKNK[+56]AR,47,71,61.4,,8.73E+05,1.08E+06,1.93E+05,1.59E+05,8.31E+05,6.43E+05,9.99E+04,2.20E+06,4.04E+04
48,SGVSAAALKKALAAGGYDVDKNKAR,XP_019209842.1,histone H1-like [Oreochromis niloticus],SGVSAAALK[+56]K[+56]ALAAGGYDVDK[+56]NKAR,47,71,61.4,,8.72E+05,1.07E+06,1.97E+05,1.38E+05,8.31E+05,6.26E+05,1.02E+05,2.18E+06,3.99E+04
49,SGVSAAALKKALAAGGYDVDKNKAR,XP_019209842.1,histone H1-like [Oreochromis niloticus],SGVSAAALK[+114]KALAAGGYDVDK[+56]NKAR,47,71,61.41,,6.32E+05,8.24E+05,1.69E+05,1.18E+05,6.33E+05,4.62E+05,8.60E+04,1.61E+06,3.30E+04
50,AMSIMNSFVNDLFER,XP_003438147.1,late histone H2B.L4 [Oreochromis niloticus],AMSIMNS[+56]FVNDLFER,48,62,53.16,,1.44E+05,4.54E+06,1.89E+06,1.43E+05,8.79E+06,7.33E+06,2.51E+05,5.37E+06,9.35E+05
51,AMSIMNSFVNDLFER,XP_003438147.1,late histone H2B.L4 [Oreochromis niloticus],AM[+16]S[-18]IMNS[-18]FVNDLFER,48,62,69.29,,2.67E+05,5.51E+05,1.68E+06,2.32E+05,1.13E+06,6.13E+05,2.76E+05,7.61E+05,2.75E+06
52,AMSIMNSFVNDLFER,XP_003438147.1,late histone H2B.L4 [Oreochromis niloticus],AMS[-18]IM[+16]NS[-18]FVNDLFER,48,62,69.29,,3.53E+05,7.25E+05,2.28E+06,2.99E+05,1.58E+06,8.41E+05,3.58E+05,1.02E+06,3.81E+06
53,AMSIMNSFVNDLFER,XP_003438147.1,late histone H2B.L4 [Oreochromis niloticus],A[+56]MSIMN[+1]SFVNDLFER,48,62,69.92,,2.03E+05,1.82E+05,1.03E+05,8.54E+04,4.29E+05,2.79E+05,5.57E+04,2.54E+04,4.76E+04
54,AMSIMNSFVNDLFER,XP_003438147.1,late histone H2B.L4 [Oreochromis niloticus],AMS[+42]IM[+16]NS[+56]FVNDLFER,48,62,67.9,,1.03E+05,1.01E+06,3.39E+05,7.68E+04,1.86E+06,7.88E+05,8.36E+04,3.90E+05,1.63E+05
55,AMSIMNSFVNDLFER,XP_003438147.1,late histone H2B.L4 [Oreochromis niloticus],AM[+16]SIM[+16]NSFVNDLFER,48,62,68.8,,2.45E+05,4.67E+05,3.96E+05,6.61E+04,6.08E+05,5.12E+05,1.62E+05,2.76E+05,9.37E+04
56,AMSIMNSFVNDLFER,XP_003438147.1,late histone H2B.L4 [Oreochromis niloticus],AM[+16]S[+56]IMNSFVNDLFER,48,62,69.97,,3.01E+05,1.75E+05,3.14E+04,1.02E+05,4.32E+05,2.33E+05,7.10E+04,1.78E+04,2.87E+04
57,AMSIMNSFVNDLFER,XP_003438147.1,late histone H2B.L4 [Oreochromis niloticus],A[+56]M[+16]SIMNSFVNDLFER,48,62,70.03,,3.59E+05,2.26E+05,3.74E+04,1.21E+05,5.20E+05,2.64E+05,1.05E+05,1.84E+04,7.65E+03
58,AMSIMNSFVNDLFER,XP_003438147.1,late histone H2B.L4 [Oreochromis niloticus],AMSIM[+16]NSFVNDLFER,48,62,59.44,,1.19E+06,6.33E+05,9.05E+05,1.31E+05,7.01E+05,6.04E+05,3.24E+05,4.25E+05,2.74E+05
59,AMSIMNSFVNDLFER,XP_003438147.1,late histone H2B.L4 [Oreochromis niloticus],AM[+16]SIMNSFVNDLFER,48,62,68.8,,4.04E+05,7.44E+05,6.23E+05,1.24E+05,9.67E+05,8.07E+05,2.80E+05,4.07E+05,1.47E+05
60,AMSIMNSFVNDLFER,XP_003438147.1,late histone H2B.L4 [Oreochromis niloticus],AM[+16]SIMN[+1]SFVNDLFER,48,62,68.8,,4.08E+05,7.27E+05,6.28E+05,1.12E+05,9.85E+05,8.19E+05,2.64E+05,4.23E+05,1.49E+05
61,AMSIMNSFVNDLFER,XP_003438147.1,late histone H2B.L4 [Oreochromis niloticus],AMSIMNSFVN[+1]DLFER,48,62,68.85,,1.90E+05,8.89E+05,3.31E+05,7.09E+04,1.98E+06,1.62E+06,1.21E+05,5.30E+05,1.06E+05
62,AMSIMNSFVNDLFER,XP_003438147.1,late histone H2B.L4 [Oreochromis niloticus],AMSIMN[+1]SFVNDLFER,48,62,68.9,,2.76E+05,1.05E+06,4.46E+05,7.26E+04,2.46E+06,2.05E+06,1.85E+05,6.31E+05,1.17E+05
63,AMSIMNSFVNDLFER,XP_003438147.1,late histone H2B.L4 [Oreochromis niloticus],AMSIM[+16]NSFVN[+1]DLFER,48,62,64.59,,3.92E+05,1.03E+06,7.41E+05,8.81E+04,1.63E+06,1.95E+06,1.89E+05,5.10E+05,2.13E+05
64,AMSIMNSFVNDLFER,XP_003438147.1,late histone H2B.L4 [Oreochromis niloticus],AMSIMNSFVNDLFER,48,62,68.91,,4.13E+05,1.33E+06,6.08E+05,1.23E+05,2.92E+06,2.60E+06,2.74E+05,8.12E+05,1.50E+05
65,AMSIMNSFVNDLFER,XP_003438147.1,late histone H2B.L4 [Oreochromis niloticus],AMSIM[+16]N[+1]SFVNDLFER,48,62,64.56,,5.66E+05,1.57E+06,1.11E+06,1.33E+05,2.44E+06,2.93E+06,3.06E+05,7.25E+05,3.36E+05
66,AMSIMNSFVNDLFER,XP_003438147.1,late histone H2B.L4 [Oreochromis niloticus],AM[+16]S[+56]IMNS[-18]FVNDLFER,48,62,53.16,,1.02E+05,2.89E+06,1.20E+06,9.63E+04,5.48E+06,4.60E+06,1.51E+05,3.36E+06,6.22E+05
67,AMSIMNSFVNDLFER,XP_003438147.1,late histone H2B.L4 [Oreochromis niloticus],A[+57]MSIMN[+1]SFVNDLFER,48,62,53.16,,1.02E+05,2.89E+06,1.20E+06,9.38E+04,5.42E+06,4.63E+06,1.57E+05,3.38E+06,6.22E+05
68,AMSIMNSFVNDLFER,XP_003438147.1,late histone H2B.L4 [Oreochromis niloticus],AMS[+56]IMNSFVNDLFER,48,62,53.16,,1.41E+05,4.47E+06,1.86E+06,1.40E+05,8.69E+06,7.25E+06,2.47E+05,5.30E+06,9.16E+05
69,AMSIMNSFVNDLFER,XP_003438147.1,late histone H2B.L4 [Oreochromis niloticus],AMS[+56]IM[+16]NS[-18]FVNDLFER,48,62,53.16,,1.43E+05,4.54E+06,1.84E+06,1.40E+05,8.83E+06,7.28E+06,2.55E+05,5.36E+06,9.44E+05
70,AMSIMNSFVNDLFER,XP_003438147.1,late histone H2B.L4 [Oreochromis niloticus],A[+56]M[+16]SIM[+16]NSFVNDLFER,48,62,58.37,,1.88E+04,2.61E+04,1.40E+04,1.07E+04,2.25E+04,2.01E+04,1.29E+04,3.62E+04,4.59E+03
71,AMSIMNSFVNDLFER,XP_003438147.1,late histone H2B.L4 [Oreochromis niloticus],AM[+16]S[+56]IMNS[+42]FVNDLFER,48,62,67.89,,6.47E+04,5.59E+05,2.24E+05,4.37E+04,1.07E+06,4.31E+05,5.15E+04,2.17E+05,1.18E+05
72,AGVIFPVGR,XP_003455046.1,core histone macro-H2A.2 [Oreochromis niloticus],A[+57]GVIFPVGR,18,26,41.24,,1.13E+06,4.06E+06,2.17E+06,8.20E+05,4.00E+06,3.50E+06,9.34E+05,2.97E+06,1.38E+06
73,AGVIFPVGR,XP_003455046.1,core histone macro-H2A.2 [Oreochromis niloticus],AGVIFPVGR,18,26,38.7,,4.61E+05,9.75E+05,4.91E+05,2.02E+05,1.44E+06,1.68E+06,2.99E+05,1.34E+06,4.50E+05
74,VKVDSQASVTDKQEER,XP_003455046.1,core histone macro-H2A.2 [Oreochromis niloticus],V[+56]KVDSQASVTDK[+56]QEER,121,136,31.03,,2.92E+04,5.69E+04,1.07E+04,1.02E+04,5.44E+04,9.90E+04,1.70E+04,8.13E+04,6.73E+03
75,VTVFPRDIQLAR,XP_003439548.1,histone H3.3 [Oreochromis niloticus],VTVFP[+32]R[+42]DIQLAR,126,137,37.16,,1.47E+07,3.73E+07,9.20E+06,4.98E+06,3.93E+07,3.35E+07,9.34E+06,3.88E+07,7.13E+06
76,VTVFPRDIQLAR,XP_003439548.1,histone H3.3 [Oreochromis niloticus],VT[+56]VFP[+32]R[+14]DIQLAR,126,137,69.13,,2.88E+05,4.05E+05,6.27E+05,3.24E+05,4.46E+05,2.22E+05,5.49E+05,4.73E+05,6.05E+05
77,VTVFPRDIQLAR,XP_003439548.1,histone H3.3 [Oreochromis niloticus],VT[+56]VFP[+32]R[+28]DIQLAR,126,137,64.14,,7.97E+05,5.40E+05,4.90E+05,3.15E+05,3.23E+05,3.36E+05,6.21E+05,2.95E+05,2.76E+05
78,VTVFPRDIQLAR,XP_003439548.1,histone H3.3 [Oreochromis niloticus],VT[+80]VFPR[+28]DIQLAR,126,137,69.13,,4.09E+05,6.41E+05,9.70E+05,4.35E+05,7.69E+05,3.58E+05,8.47E+05,7.51E+05,9.44E+05
79,VTVFPRDIQLAR,XP_003439548.1,histone H3.3 [Oreochromis niloticus],VTVFPR[+28]DIQLAR,126,137,50.29,,2.25E+05,6.73E+05,4.40E+05,1.05E+05,7.83E+05,9.27E+05,1.79E+05,8.09E+05,3.43E+05
80,VTVFPRDIQLAR,XP_003439548.1,histone H3.3 [Oreochromis niloticus],VT[+56]VFP[+16]R[+32]DIQLAR,126,137,69.11,,1.10E+06,1.68E+06,2.61E+06,1.39E+06,1.67E+06,8.03E+05,2.31E+06,1.66E+06,2.92E+06
81,VTVFPRDIQLAR,XP_003439548.1,histone H3.3 [Oreochromis niloticus],VT[+56]VFP[+32]R[+16]DIQLAR,126,137,69.11,,1.12E+06,1.67E+06,2.59E+06,1.40E+06,1.67E+06,8.00E+05,2.30E+06,1.67E+06,2.91E+06
82,VTVFPRDIQLAR,XP_003439548.1,histone H3.3 [Oreochromis niloticus],VT[+42]VFPR[+28]DIQLAR,126,137,66.33,,1.82E+06,2.99E+06,1.08E+06,3.69E+05,3.66E+06,2.14E+06,6.73E+05,1.54E+06,4.16E+05
83,VTVFPRDIQLAR,XP_003439548.1,histone H3.3 [Oreochromis niloticus],VT[+42]VFPRDIQLAR,126,137,45.51,,1.08E+07,5.17E+06,3.05E+06,1.63E+06,3.57E+06,7.35E+06,5.41E+06,3.72E+06,1.91E+06
84,VTVFPRDIQLAR,XP_003439548.1,histone H3.3 [Oreochromis niloticus],VT[+56]VFP[+16]R[+28]DIQLAR,126,137,64.13,,1.48E+07,8.34E+06,7.88E+06,5.83E+06,4.57E+06,5.71E+06,9.79E+06,3.96E+06,4.70E+06
85,VTVFPRDIQLAR,XP_003439548.1,histone H3.3 [Oreochromis niloticus],VT[+56]VFP[+32]R[+32]DIQLAR,126,137,48.94,,2.10E+05,3.12E+05,1.31E+05,5.90E+04,3.83E+05,1.52E+05,9.07E+04,1.72E+05,6.56E+04
86,VTVFPRDIQLAR,XP_003439548.1,histone H3.3 [Oreochromis niloticus],VTVFP[+16]R[+28]DIQLAR,126,137,45.51,,1.63E+07,7.54E+06,4.40E+06,2.35E+06,5.28E+06,1.09E+07,8.11E+06,5.61E+06,2.81E+06
87,VTVFPRDIQLAR,XP_003439548.1,histone H3.3 [Oreochromis niloticus],VT[-18]VFP[+32]R[+14]DIQLAR,126,137,51.76,,1.14E+07,2.29E+07,1.06E+07,3.06E+06,2.34E+07,3.24E+07,1.04E+07,2.62E+07,7.41E+06
88,VTVFPRDIQLAR,XP_003439548.1,histone H3.3 [Oreochromis niloticus],VT[+56]VFPR[+28]DIQLAR,126,137,69.13,,1.60E+07,2.05E+07,1.80E+07,1.41E+07,1.84E+07,1.38E+07,2.02E+07,1.43E+07,1.51E+07
89,VTVFPRDIQLAR,XP_003439548.1,histone H3.3 [Oreochromis niloticus],VT[-18]VFPR[+28]DIQLAR,126,137,51.76,,1.71E+07,3.49E+07,1.60E+07,4.30E+06,3.61E+07,4.96E+07,1.58E+07,4.02E+07,1.09E+07
90,VTVFPRDIQLAR,XP_003439548.1,histone H3.3 [Oreochromis niloticus],VT[+80]VFPR[+42]DIQLAR,126,137,#N/A,,#N/A,#N/A,#N/A,#N/A,#N/A,#N/A,#N/A,#N/A,#N/A
91,VTVFPRDIQLAR,XP_003439548.1,histone H3.3 [Oreochromis niloticus],VT[+114]VFPR[+14]DIQLAR,126,137,42.78,,1.16E+07,2.03E+07,2.53E+07,6.07E+06,2.27E+07,1.31E+07,5.65E+06,1.36E+07,1.51E+07
92,VTVFPRDIQLAR,XP_003439548.1,histone H3.3 [Oreochromis niloticus],VTVFP[+16]R[+14]DIQLAR,126,137,51.72,,1.54E+07,2.52E+07,1.26E+07,4.44E+06,2.61E+07,3.45E+07,1.31E+07,2.78E+07,8.87E+06
93,VTVFPRDIQLAR,XP_003439548.1,histone H3.3 [Oreochromis niloticus],VT[+56]VFP[+16]R[+14]DIQLAR,126,137,37.16,,1.35E+07,3.42E+07,8.18E+06,4.45E+06,3.60E+07,3.09E+07,8.69E+06,3.56E+07,6.40E+06
94,VTVFPRDIQLAR,XP_003439548.1,histone H3.3 [Oreochromis niloticus],VT[+42]VFPR[+42]DIQLAR,126,137,37.16,,1.47E+07,3.71E+07,8.64E+06,4.75E+06,3.89E+07,3.36E+07,9.36E+06,3.88E+07,6.90E+06
95,VTVFPRDIQLAR,XP_003439548.1,histone H3.3 [Oreochromis niloticus],VT[+42]VFP[+32]RDIQLAR,126,137,37.16,,1.50E+07,3.80E+07,8.78E+06,4.78E+06,4.01E+07,3.43E+07,9.54E+06,3.98E+07,6.91E+06
96,VTVFPRDIQLAR,XP_003439548.1,histone H3.3 [Oreochromis niloticus],VTVFPR[+14]DIQLAR,126,137,51.76,,1.16E+07,2.29E+07,1.09E+07,3.24E+06,2.38E+07,3.26E+07,1.08E+07,2.63E+07,7.47E+06
97,VTVFPRDIQLAR,XP_003439548.1,histone H3.3 [Oreochromis niloticus],VT[-18]VFP[+32]R[+28]DIQLAR,126,137,59.28,,3.45E+05,2.80E+05,1.62E+05,1.03E+05,2.21E+05,2.45E+05,1.71E+05,2.03E+05,1.52E+05
98,KVVLDNIQGITKPAIR,XP_025766521.1,histone H4-like [Oreochromis niloticus],KVVLDNIQGITKPAIR,22,37,27.41,,2.54E+07,4.40E+07,2.89E+07,4.81E+06,6.04E+07,5.28E+07,6.23E+06,4.14E+07,5.51E+06
99,KVVLDNIQGITKPAIR,XP_025766521.1,histone H4-like [Oreochromis niloticus],K[+56]VVLDNIQGITK[+56]PAIR,22,37,43.29,,3.26E+06,3.48E+06,1.44E+06,7.17E+05,3.39E+06,3.52E+06,1.21E+06,2.96E+06,5.10E+05
100,KVVLDNIQGITKPAIR,XP_025766521.1,histone H4-like [Oreochromis niloticus],K[+14]VVLD[-18]NIQGITK[+56]PAIR,22,37,43.33,,3.31E+06,3.30E+06,1.28E+06,7.71E+05,3.09E+06,3.39E+06,1.40E+06,2.64E+06,6.22E+05
101,KVVLDNIQGITKPAIR,XP_025766521.1,histone H4-like [Oreochromis niloticus],KVVLDN[+1]IQGITK[+56]PAIR,22,37,43.33,,3.26E+06,3.27E+06,1.26E+06,7.57E+05,3.09E+06,3.31E+06,1.39E+06,2.63E+06,6.32E+05
102,RGGVKRISGLIYEETR,XP_025766521.1,histone H4-like [Oreochromis niloticus],R[+28]GGVKRISGLIYEETR,42,57,68.59,,1.51E+07,2.26E+07,2.58E+07,1.39E+07,2.90E+07,1.54E+07,1.44E+07,1.45E+07,2.34E+07
103,RGGVKRISGLIYEETR,XP_025766521.1,histone H4-like [Oreochromis niloticus],R[+71]GGVK[+71]RISGLIYEETR,42,57,36.07,,3.19E+05,9.23E+05,3.35E+05,7.44E+04,1.42E+06,1.47E+06,1.26E+05,8.16E+05,7.50E+04
104,GGVKRISGLIYEETR,XP_025766521.1,histone H4-like [Oreochromis niloticus],G[+56]GVK[+32]R[+28]ISGLIYEETR,43,57,36.11,,2.35E+05,3.93E+05,1.35E+05,6.92E+04,6.50E+05,6.15E+05,9.48E+04,3.21E+05,5.28E+04
105,GGVKRISGLIYEETR,XP_025766521.1,histone H4-like [Oreochromis niloticus],G[+57]GVK[+28]RISGLIYEETR,43,57,36.11,,4.40E+07,7.12E+07,4.32E+07,8.61E+06,7.17E+07,1.01E+08,2.84E+07,5.86E+07,3.89E+07
106,GGVKRISGLIYEETR,XP_025766521.1,histone H4-like [Oreochromis niloticus],G[+43]GVK[+42]RISGLIYEETR,43,57,36.11,,3.95E+07,6.40E+07,3.89E+07,7.87E+06,6.41E+07,8.79E+07,2.55E+07,5.21E+07,3.50E+07
107,GGVKRISGLIYEETR,XP_025766521.1,histone H4-like [Oreochromis niloticus],GGVK[+71]R[+32]IS[-18]GLIYEETR,43,57,36.11,,3.63E+07,5.88E+07,3.56E+07,7.23E+06,5.89E+07,8.32E+07,2.34E+07,4.84E+07,3.21E+07
108,GGVKRISGLIYEETR,XP_025766521.1,histone H4-like [Oreochromis niloticus],GGVK[+71]R[+14]ISGLIYEETR,43,57,36.11,,1.84E+07,2.98E+07,1.81E+07,3.45E+06,2.97E+07,4.17E+07,1.19E+07,2.44E+07,1.63E+07
109,GGVKRISGLIYEETR,XP_025766521.1,histone H4-like [Oreochromis niloticus],GGVK[+32]RISGLIYEETR,43,57,36.06,,1.05E+06,1.66E+06,6.63E+05,1.90E+05,2.08E+06,2.30E+06,3.53E+05,1.15E+06,1.86E+05
110,ISGLIYEETR,XP_025766521.1,histone H4-like [Oreochromis niloticus],I[+57]S[-18]GLIYEETR,48,57,64.38,,9.88E+05,1.67E+06,9.15E+05,2.09E+05,2.77E+06,1.42E+06,2.77E+05,5.31E+05,4.76E+05
111,ISGLIYEETR,XP_025766521.1,histone H4-like [Oreochromis niloticus],IS[+42]GLIYEETR,48,57,64.38,,9.01E+05,1.59E+06,8.23E+05,1.94E+05,2.66E+06,1.38E+06,2.54E+05,4.48E+05,4.45E+05
112,ISGLIYEETR,XP_025766521.1,histone H4-like [Oreochromis niloticus],I[+43]SGLIYEETR,48,57,64.38,,1.57E+06,2.57E+06,1.36E+06,3.32E+05,4.14E+06,2.18E+06,4.17E+05,7.88E+05,7.66E+05
113,ISGLIYEETR,XP_025766521.1,histone H4-like [Oreochromis niloticus],ISGLIYEETR[-1],48,57,33.87,,2.64E+05,4.22E+05,1.85E+05,9.11E+04,5.17E+05,3.43E+05,1.16E+05,2.90E+05,9.37E+04
114,ISGLIYEETR,XP_025766521.1,histone H4-like [Oreochromis niloticus],ISGLIYEET[-18]R[+14],48,57,36.1,,1.09E+07,1.71E+07,1.05E+07,2.20E+06,1.72E+07,2.37E+07,6.99E+06,1.41E+07,9.51E+06
115,ISGLIYEETR,XP_025766521.1,histone H4-like [Oreochromis niloticus],ISGLIY[-18]EETR[+16],48,57,36.1,,1.19E+07,1.92E+07,1.16E+07,2.36E+06,1.89E+07,2.62E+07,7.65E+06,1.56E+07,1.04E+07
116,ISGLIYEETR,XP_025766521.1,histone H4-like [Oreochromis niloticus],ISGLIYEETR,48,57,36.11,,5.33E+07,8.44E+07,5.23E+07,1.05E+07,8.65E+07,1.17E+08,3.45E+07,7.05E+07,4.76E+07
117,ISGLIYEETR,XP_025766521.1,histone H4-like [Oreochromis niloticus],I[+56]SGLIYEETR,48,57,68.59,,2.14E+07,3.21E+07,3.64E+07,1.97E+07,4.11E+07,2.14E+07,2.06E+07,2.07E+07,3.34E+07
118,ISGLIYEETR,XP_025766521.1,histone H4-like [Oreochromis niloticus],I[+57]SGLIYEETR,48,57,68.59,,1.98E+07,2.96E+07,3.40E+07,1.81E+07,3.80E+07,2.02E+07,1.92E+07,1.90E+07,3.06E+07
119,ISGLIYEETR,XP_025766521.1,histone H4-like [Oreochromis niloticus],ISGLIYEET[-18]R[+16],48,57,36.1,,1.19E+07,1.91E+07,1.15E+07,2.35E+06,1.88E+07,2.70E+07,7.67E+06,1.55E+07,1.03E+07
120,ISGLIYEETR,XP_025766521.1,histone H4-like [Oreochromis niloticus],IS[+56]GLIYEETR,48,57,68.59,,1.77E+07,2.65E+07,3.06E+07,1.64E+07,3.39E+07,1.81E+07,1.72E+07,1.74E+07,2.74E+07
121,GVLKVFLENVIR,XP_025766521.1,histone H4-like [Oreochromis niloticus],GVLK[+114]VFLENVIR,58,69,71.59,,5.89E+05,1.28E+05,3.64E+04,6.50E+04,6.55E+05,4.19E+06,5.43E+04,1.43E+04,9.85E+03
122,GVLKVFLENVIR,XP_025766521.1,histone H4-like [Oreochromis niloticus],G[+57]VLK[+56]VFLENVIR,58,69,71.59,,7.33E+05,1.67E+05,4.83E+04,8.30E+04,8.25E+05,5.48E+06,7.13E+04,2.21E+04,1.45E+04
123,GVLKVFLENVIR,XP_025766521.1,histone H4-like [Oreochromis niloticus],GVLK[+56]VFLENVIR,58,69,69.27,,4.42E+05,1.26E+06,7.08E+04,5.43E+04,2.71E+06,3.77E+06,7.59E+04,3.56E+05,5.13E+04
124,GVLKVFLENVIR,XP_025766521.1,histone H4-like [Oreochromis niloticus],G[+56]VLK[+56]VFLENVIR,58,69,71.58,,9.34E+05,2.04E+05,6.17E+04,1.05E+05,1.04E+06,6.77E+06,1.22E+05,2.88E+04,2.88E+04
125,GVLKVFLENVIR,XP_025766521.1,histone H4-like [Oreochromis niloticus],G[+56]VLKVFLENVIR,58,69,69.24,,6.84E+04,2.20E+05,2.61E+04,1.64E+04,4.47E+05,4.43E+05,2.94E+04,6.43E+04,2.88E+04
126,GVLKVFLENVIR,XP_025766521.1,histone H4-like [Oreochromis niloticus],G[+43]VLK[+56]VFLENVIR,58,69,70.44,,8.93E+04,1.28E+05,7.97E+04,1.00E+05,1.41E+05,1.86E+05,1.03E+05,1.04E+05,4.47E+04
127,GVLKVFLENVIR,XP_025766521.1,histone H4-like [Oreochromis niloticus],G[+43]VLK[+43]VFLENVIR,58,69,70.93,,7.28E+04,5.79E+04,1.06E+04,1.64E+04,7.35E+04,1.58E+05,1.33E+04,1.04E+04,1.24E+04
128,DAVTYTEHAKR,XP_025766521.1,histone H4-like [Oreochromis niloticus],D[+56]AVTYTE[+57]HAK[+56]R,70,80,35.46,,1.94E+05,8.08E+05,1.86E+05,1.18E+05,7.72E+05,1.07E+05,8.94E+04,3.16E+05,9.14E+04
129,DAVTYTEHAKR,XP_025766521.1,histone H4-like [Oreochromis niloticus],DAVTYTE[+57]HAK[+56]R,70,80,22.41,,4.84E+04,2.05E+05,3.70E+04,7.81E+03,1.91E+05,7.91E+04,1.31E+04,1.12E+05,1.20E+04
130,DAVTYTEHAKR,XP_025766521.1,histone H4-like [Oreochromis niloticus],DAVTYTEHAK[+43]R,70,80,20.16,,3.98E+04,5.49E+04,4.59E+04,1.05E+04,4.81E+04,6.01E+04,1.38E+04,5.96E+04,1.57E+04
131,DAVTYTEHAKR,XP_025766521.1,histone H4-like [Oreochromis niloticus],DAVT[-18]YTEHAK[+56]R,70,80,22.32,,5.33E+04,8.10E+04,4.22E+04,1.92E+04,7.93E+04,8.71E+04,1.45E+04,9.05E+04,1.69E+04
132,DAVTYTEHAKR,XP_025766521.1,histone H4-like [Oreochromis niloticus],D[+43]AVTYTEHAK[+56]R,70,80,31.2,,2.69E+05,5.01E+05,2.58E+05,6.82E+04,3.62E+05,1.30E+05,8.26E+04,2.51E+05,1.97E+04
133,DAVTYTEHAKR,XP_025766521.1,histone H4-like [Oreochromis niloticus],D[+43]AVTYTE[+57]HAK[+56]R,70,80,32.19,,3.47E+04,6.61E+04,3.14E+04,1.10E+04,3.89E+04,3.71E+04,1.83E+04,3.76E+04,1.03E+04
134,DAVTYTEHAKR,XP_025766521.1,histone H4-like [Oreochromis niloticus],D[-18]AVTYTEHAK[+56]R,70,80,22.12,,2.94E+04,6.17E+04,2.76E+04,1.28E+04,4.71E+04,6.00E+04,1.20E+04,8.49E+04,1.69E+04
135,DAVTYTEHAKR,XP_025766521.1,histone H4-like [Oreochromis niloticus],DAVTYTEHAK[+56]R,70,80,22.46,,4.45E+06,6.65E+06,1.96E+06,6.31E+05,6.10E+06,5.61E+06,1.31E+06,4.77E+06,3.61E+05
136,DAVTYTEHAKR,XP_025766521.1,histone H4-like [Oreochromis niloticus],D[+57]AVTYTEHAK[+56]R,70,80,35.82,,7.15E+06,1.11E+07,6.62E+06,5.10E+06,8.35E+06,3.46E+06,4.44E+06,4.88E+06,1.79E+06
137,DAVTYTEHAKR,XP_025766521.1,histone H4-like [Oreochromis niloticus],D[+56]AVTYTEHAK[+56]R,70,80,35.82,,9.46E+06,1.48E+07,8.63E+06,6.76E+06,1.08E+07,4.63E+06,5.81E+06,6.36E+06,2.45E+06
138,DAVTYTEHAKR,XP_025766521.1,histone H4-like [Oreochromis niloticus],D[+43]AVT[-18]YTEHAK[+56]R,70,80,31.25,,2.15E+05,3.42E+05,2.25E+05,7.24E+04,2.69E+05,1.34E+05,4.77E+04,3.12E+05,8.50E+03
139,DAVTYTEHAKR,XP_025766521.1,histone H4-like [Oreochromis niloticus],D[+43]AVTYTEHAK[+43]R,70,80,25.66,,5.93E+03,1.33E+04,5.35E+03,1.51E+03,9.20E+03,1.15E+04,3.23E+03,1.00E+04,2.28E+03
140,KGLSLAAIKKDLVAR,XP_003448795.2,LOW QUALITY PROTEIN: histone H1.10 [Oreochromis niloticus],K[+42]GLS[+56]LAAIK[+56]KDLVAR,119,133,68.82,,8.92E+05,1.72E+06,5.24E+05,2.30E+05,1.19E+06,9.99E+05,4.24E+05,1.21E+06,1.61E+05
141,GYDVEHNSAHVR,XP_003448795.2,LOW QUALITY PROTEIN: histone H1.10 [Oreochromis niloticus],G[+56]YDVEHNSAHVR,134,145,21.28,,1.12E+07,2.00E+07,1.58E+07,4.27E+06,1.29E+07,1.25E+07,4.65E+06,1.24E+07,7.73E+06
142,GYDVEHNSAHVR,XP_003448795.2,LOW QUALITY PROTEIN: histone H1.10 [Oreochromis niloticus],G[+43]YDVEHNSAHVR,134,145,21.28,,1.13E+07,1.99E+07,1.57E+07,4.27E+06,1.32E+07,1.21E+07,4.75E+06,1.25E+07,7.92E+06
143,GYDVEHNSAHVR,XP_003448795.2,LOW QUALITY PROTEIN: histone H1.10 [Oreochromis niloticus],G[+56]YDVEHN[+1]SAHVR,134,145,21.3,,5.52E+06,1.06E+07,8.01E+06,1.84E+06,6.63E+06,5.98E+06,2.24E+06,6.05E+06,3.56E+06
144,GYDVEHNSAHVR,XP_003448795.2,LOW QUALITY PROTEIN: histone H1.10 [Oreochromis niloticus],G[+57]YDVEHNS[+56]AHVR,134,145,29.91,,4.57E+06,6.38E+06,3.72E+06,2.51E+06,4.51E+06,2.77E+06,2.03E+06,3.05E+06,1.43E+06
145,GYDVEHNSAHVR,XP_003448795.2,LOW QUALITY PROTEIN: histone H1.10 [Oreochromis niloticus],G[+43]YDVEHNS[+56]AHVR,134,145,30.68,,8.07E+04,8.07E+04,2.30E+04,2.65E+04,8.43E+04,9.22E+04,2.82E+04,9.57E+04,2.08E+04
146,GYDVEHNSAHVR,XP_003448795.2,LOW QUALITY PROTEIN: histone H1.10 [Oreochromis niloticus],G[+56]YDVEHNS[+56]AHVR,134,145,29.91,,4.16E+06,5.77E+06,3.40E+06,2.30E+06,3.96E+06,2.48E+06,1.83E+06,2.81E+06,1.30E+06
147,GYDVEHNSAHVR,XP_003448795.2,LOW QUALITY PROTEIN: histone H1.10 [Oreochromis niloticus],GYDVEHNSAHVR,134,145,16.69,,9.41E+05,2.90E+06,1.15E+06,5.20E+04,2.50E+06,3.37E+06,1.35E+05,2.94E+06,3.65E+05
148,GYDVEHNSAHVR,XP_003448795.2,LOW QUALITY PROTEIN: histone H1.10 [Oreochromis niloticus],GYD[+57]VEHNSAHVR,134,145,21.32,,6.11E+05,1.55E+06,1.05E+06,1.41E+05,1.01E+06,1.13E+06,1.75E+05,1.05E+06,3.22E+05
149,GYDVEHNSAHVR,XP_003448795.2,LOW QUALITY PROTEIN: histone H1.10 [Oreochromis niloticus],GYDVEHNSAHVR[+1],134,145,16.69,,2.38E+05,8.56E+05,2.94E+05,9.69E+03,7.43E+05,1.11E+06,3.42E+04,8.87E+05,6.32E+04
150,GYDVEHNSAHVR,XP_003448795.2,LOW QUALITY PROTEIN: histone H1.10 [Oreochromis niloticus],G[+56]YDVEHNSAHVR[+1],134,145,21.29,,2.86E+05,7.04E+05,4.86E+05,6.58E+04,4.37E+05,5.01E+05,9.10E+04,4.16E+05,1.50E+05
151,GYDVEHNSAHVR,XP_003448795.2,LOW QUALITY PROTEIN: histone H1.10 [Oreochromis niloticus],G[+57]YDVEHNSAHVR,134,145,16.75,,5.31E+04,7.54E+05,8.40E+04,1.59E+04,6.44E+05,1.59E+05,1.56E+04,4.49E+05,2.06E+04
152,GYDVEHNSAHVR,XP_003448795.2,LOW QUALITY PROTEIN: histone H1.10 [Oreochromis niloticus],GYDVE[+57]HNSAHVR,134,145,16.76,,2.97E+04,3.69E+05,5.80E+04,9.80E+03,3.27E+05,9.53E+04,9.15E+03,2.45E+05,1.42E+04
153,GYDVEHNSAHVR,XP_003448795.2,LOW QUALITY PROTEIN: histone H1.10 [Oreochromis niloticus],GYDVEHN[+1]SAHVR,134,145,16.7,,2.66E+04,1.52E+05,3.05E+04,1.60E+03,1.34E+05,1.50E+05,3.19E+03,1.63E+05,9.17E+03
154,GYDVEHNSAHVR,XP_003448795.2,LOW QUALITY PROTEIN: histone H1.10 [Oreochromis niloticus],GYDVEHNS[+56]AHVR,134,145,19.69,,2.14E+04,6.24E+04,1.29E+04,7.84E+02,5.73E+04,7.31E+04,2.84E+03,5.10E+04,5.76E+03
155,GYDVEHNSAHVR,XP_003448795.2,LOW QUALITY PROTEIN: histone H1.10 [Oreochromis niloticus],G[+56]YDVEHNS[+80]AHVR,134,145,25.3,,9.65E+04,3.11E+05,2.11E+05,1.13E+04,9.73E+04,1.51E+05,3.48E+04,8.86E+04,6.83E+04
156,QSIQKYVR,XP_003438501.2,LOW QUALITY PROTEIN: histone H1.0-B [Oreochromis niloticus],Q[-17]SIQK[+56]YVR,45,52,44.58,,1.99E+05,2.68E+05,1.85E+05,8.17E+04,2.43E+05,2.37E+05,1.13E+05,1.02E+06,4.50E+04
157,LVAAGTLR,XP_003438501.2,LOW QUALITY PROTEIN: histone H1.0-B [Oreochromis niloticus],LVAAGTLR,72,79,20.75,,1.23E+07,1.58E+07,1.28E+07,4.25E+06,2.12E+07,2.37E+07,4.66E+06,2.59E+07,5.99E+06
158,LVAAGTLR,XP_003438501.2,LOW QUALITY PROTEIN: histone H1.0-B [Oreochromis niloticus],L[+56]VAAGTLR,72,79,52.56,,5.78E+06,1.13E+07,1.51E+07,7.06E+06,1.27E+07,8.81E+06,3.90E+06,1.19E+07,8.25E+06
159,LVAAGTLR,XP_003438501.2,LOW QUALITY PROTEIN: histone H1.0-B [Oreochromis niloticus],L[+43]VAAGTLR,72,79,44.75,,3.64E+05,5.76E+05,5.57E+05,1.95E+05,7.45E+05,2.83E+05,1.29E+05,4.64E+05,2.78E+05
160,HTKGIGASGSFR,XP_003438501.2,LOW QUALITY PROTEIN: histone H1.0-B [Oreochromis niloticus],H[+56]TK[+56]GIGASGSFR,80,91,33.05,,4.50E+06,7.27E+06,7.77E+06,4.90E+06,7.96E+06,5.53E+06,2.43E+06,8.59E+06,3.32E+06
161,HTKGIGASGSFR,XP_003438501.2,LOW QUALITY PROTEIN: histone H1.0-B [Oreochromis niloticus],H[+57]TK[+56]GIGASGSFR,80,91,33.05,,3.82E+06,6.08E+06,6.46E+06,3.91E+06,6.75E+06,4.69E+06,2.02E+06,7.48E+06,2.75E+06
162,HTKGIGASGSFR,XP_003438501.2,LOW QUALITY PROTEIN: histone H1.0-B [Oreochromis niloticus],H[+56]TKGIGASGSFR,80,91,21.96,,2.46E+06,4.85E+06,2.06E+06,1.02E+06,5.70E+06,7.49E+06,1.09E+06,1.02E+07,9.78E+05
163,HTKGIGASGSFR,XP_003438501.2,LOW QUALITY PROTEIN: histone H1.0-B [Oreochromis niloticus],HTK[+56]GIGASGSFR,80,91,21.96,,2.44E+06,4.74E+06,2.03E+06,1.00E+06,5.77E+06,7.79E+06,1.12E+06,1.00E+07,9.80E+05
164,HTKGIGASGSFR,XP_003438501.2,LOW QUALITY PROTEIN: histone H1.0-B [Oreochromis niloticus],H[+57]T[-18]K[+56]GIGASGSFR,80,91,33.04,,2.73E+06,4.15E+06,4.47E+06,2.79E+06,4.64E+06,3.08E+06,1.44E+06,5.16E+06,1.88E+06
165,HTKGIGASGSFR,XP_003438501.2,LOW QUALITY PROTEIN: histone H1.0-B [Oreochromis niloticus],HTK[+56]GIGASGS[-18]FR[+14],80,91,21.94,,1.12E+06,2.15E+06,9.27E+05,4.39E+05,2.52E+06,3.45E+06,4.92E+05,4.34E+06,4.41E+05
166,HTKGIGASGSFR,XP_003438501.2,LOW QUALITY PROTEIN: histone H1.0-B [Oreochromis niloticus],H[+56]TK[+56]GIGASGS[+56]FR,80,91,41.85,,4.46E+05,3.81E+05,2.34E+05,4.26E+05,4.02E+05,2.00E+05,2.36E+05,3.26E+05,1.47E+05
167,HTKGIGASGSFR,XP_003438501.2,LOW QUALITY PROTEIN: histone H1.0-B [Oreochromis niloticus],H[+56]TK[+56]GIGAS[+56]GSFR,80,91,41.84,,3.72E+05,3.00E+05,2.12E+05,3.68E+05,3.45E+05,1.74E+05,1.95E+05,2.88E+05,1.19E+05
168,HTKGIGASGSFR,XP_003438501.2,LOW QUALITY PROTEIN: histone H1.0-B [Oreochromis niloticus],H[+57]TK[+43]GIGASGSFR,80,91,30.66,,1.30E+05,1.63E+05,1.36E+05,3.84E+04,2.38E+05,1.64E+05,3.51E+04,2.18E+05,3.66E+04
169,HTKGIGASGSFR,XP_003438501.2,LOW QUALITY PROTEIN: histone H1.0-B [Oreochromis niloticus],H[+43]TK[+56]GIGASGSFR,80,91,30.66,,1.42E+05,1.74E+05,1.19E+05,4.95E+04,2.52E+05,1.58E+05,2.82E+04,2.54E+05,3.10E+04
170,HTKGIGASGSFR,XP_003438501.2,LOW QUALITY PROTEIN: histone H1.0-B [Oreochromis niloticus],H[+56]TK[+43]GIGASGSFR,80,91,31.09,,1.52E+04,4.38E+04,1.68E+04,1.03E+04,3.62E+04,4.14E+04,1.37E+04,5.41E+04,6.48E+03
171,KSTGGKAPR,XP_005463512.2,histone H3 [Oreochromis niloticus],K[+112.1]STGGK[+42]APR,9,17,26.68,,3.65E+07,2.89E+07,2.35E+07,1.83E+07,1.46E+07,1.84E+07,2.02E+07,1.62E+07,1.29E+07
172,KSTGGKAPR,XP_005463512.2,histone H3 [Oreochromis niloticus],K[+56]STGGK[+42]APR,9,17,16.76,,1.10E+07,8.69E+06,4.98E+06,2.87E+06,6.98E+06,1.25E+07,7.94E+06,8.76E+06,2.65E+06
173,KSTGGKAPR,XP_005463512.2,histone H3 [Oreochromis niloticus],K[+99]STGGK[+56]APR,9,17,24.24,,3.73E+06,2.20E+06,9.50E+05,4.83E+05,2.20E+06,9.69E+05,6.78E+05,1.14E+06,4.48E+05
174,KSTGGKAPR,XP_005463512.2,histone H3 [Oreochromis niloticus],K[+57]STGGK[+56]APR,9,17,17.37,,5.78E+07,4.59E+07,2.46E+07,1.37E+07,4.48E+07,3.78E+07,3.08E+07,3.90E+07,1.21E+07
175,KSTGGKAPR,XP_005463512.2,histone H3 [Oreochromis niloticus],K[+112.1]STGGK[+56]APR,9,17,29.73,,8.86E+07,7.96E+07,4.63E+07,4.24E+07,5.43E+07,4.00E+07,5.09E+07,4.36E+07,3.15E+07
176,KSTGGKAPR,XP_005463512.2,histone H3 [Oreochromis niloticus],K[+56]STGGK[+56]APR,9,17,17.37,,6.30E+07,5.07E+07,2.75E+07,1.53E+07,4.96E+07,4.19E+07,3.57E+07,4.40E+07,1.25E+07
177,KSTGGKAPR,XP_005463512.2,histone H3 [Oreochromis niloticus],K[+57]STGGK[+42]APR,9,17,16.76,,1.13E+07,8.89E+06,5.07E+06,2.88E+06,7.21E+06,1.29E+07,8.09E+06,8.95E+06,2.65E+06
178,KQLATKAAR,XP_005463512.2,histone H3 [Oreochromis niloticus],K[+56]QLATK[+56]AAR,18,26,24.49,,2.60E+08,2.46E+08,9.88E+07,4.98E+07,2.07E+08,2.39E+08,1.10E+08,2.05E+08,4.90E+07
179,KQLATKAAR,XP_005463512.2,histone H3 [Oreochromis niloticus],K[+99]QLATK[+42]AAR,18,26,36.29,,2.13E+06,1.80E+06,8.39E+05,3.53E+05,1.17E+06,8.42E+05,3.81E+05,9.36E+05,2.42E+05
180,KQLATKAAR,XP_005463512.2,histone H3 [Oreochromis niloticus],K[+112.1]QLATK[+43]AAR,18,26,45.15,,1.72E+06,2.58E+06,6.11E+06,2.08E+06,1.75E+06,1.25E+06,1.06E+06,1.57E+06,2.42E+06
181,KQLATKAAR,XP_005463512.2,histone H3 [Oreochromis niloticus],K[+43]QLAT[+80]K[+56]AAR,18,26,51.2,,3.35E+07,3.52E+07,2.59E+07,2.22E+07,2.84E+07,1.94E+07,2.48E+07,2.15E+07,1.65E+07
182,KQLATKAAR,XP_005463512.2,histone H3 [Oreochromis niloticus],K[+99]QLATK[+43]AAR,18,26,36.34,,1.20E+06,1.04E+06,4.64E+05,2.05E+05,6.56E+05,4.67E+05,2.22E+05,6.43E+05,1.30E+05
183,KQLATKAAR,XP_005463512.2,histone H3 [Oreochromis niloticus],K[+112.1]QLATK[+56]AAR,18,26,51.21,,2.63E+08,2.76E+08,1.89E+08,1.56E+08,2.04E+08,1.34E+08,1.79E+08,1.56E+08,1.13E+08
184,KQLATKAAR,XP_005463512.2,histone H3 [Oreochromis niloticus],K[+57]QLATK[+56]AAR,18,26,24.49,,2.05E+08,1.94E+08,7.60E+07,3.86E+07,1.63E+08,1.89E+08,8.55E+07,1.62E+08,3.85E+07
185,KQLATKAAR,XP_005463512.2,histone H3 [Oreochromis niloticus],K[+99]QLATK[+56]AAR,18,26,39.35,,1.62E+07,1.22E+07,4.92E+06,3.09E+06,1.18E+07,4.33E+06,3.47E+06,5.98E+06,1.93E+06
186,KQLATKAAR,XP_005463512.2,histone H3 [Oreochromis niloticus],K[+56]QLATK[+42]AAR,18,26,21.74,,4.51E+07,3.97E+07,1.69E+07,7.47E+06,2.32E+07,3.70E+07,1.57E+07,3.20E+07,5.93E+06
187,KQLATKAAR,XP_005463512.2,histone H3 [Oreochromis niloticus],K[+114]QLATK[+56]AAR,18,26,24.88,,5.32E+06,2.06E+07,2.53E+06,1.86E+06,1.54E+07,2.86E+06,1.79E+06,8.79E+06,6.76E+05
188,KQLATKAAR,XP_005463512.2,histone H3 [Oreochromis niloticus],K[+112.1]QLATK[+42]AAR,18,26,48.15,,5.01E+07,5.46E+07,4.04E+07,3.04E+07,2.89E+07,2.64E+07,2.99E+07,2.85E+07,1.83E+07
189,KQLATKAAR,XP_005463512.2,histone H3 [Oreochromis niloticus],K[+114]QLATK[+42]AAR,18,26,48.15,,3.73E+07,4.06E+07,3.06E+07,2.25E+07,2.19E+07,1.96E+07,2.20E+07,2.15E+07,1.37E+07
190,KQLATKAAR,XP_005463512.2,histone H3 [Oreochromis niloticus],K[+56]Q[+1]LATK[+56]AAR,18,26,26.76,,6.68E+06,6.22E+06,2.02E+06,1.04E+06,5.02E+06,6.00E+06,1.98E+06,4.13E+06,1.09E+06
191,KSAPATGGVKKPHR,XP_005463512.2,histone H3 [Oreochromis niloticus],K[+28]S[+56]APATGGVK[+56]KPHR,27,40,16.99,,1.56E+06,3.36E+06,3.83E+06,9.82E+05,5.12E+06,4.95E+06,6.48E+05,3.20E+06,1.31E+06
192,KSAPATGGVKKPHR,XP_005463512.2,histone H3 [Oreochromis niloticus],K[+32]S[-18]APATGGVK[+114]KPHR,27,40,17.62,,6.52E+06,1.12E+07,3.79E+06,1.57E+06,1.20E+07,2.04E+07,3.40E+06,1.19E+07,1.54E+06
193,KSAPATGGVKKPHR,XP_005463512.2,histone H3 [Oreochromis niloticus],K[+14]SAPAT[+114]GGVKKPHR,27,40,17.62,,6.44E+06,1.06E+07,3.92E+06,1.59E+06,1.21E+07,2.02E+07,3.25E+06,1.19E+07,1.62E+06
194,KSAPATGGVKKPHR,XP_005463512.2,histone H3 [Oreochromis niloticus],K[+56]SAPATGGVKK[+56]PHR,27,40,16.98,,5.35E+05,1.24E+06,1.43E+06,3.28E+05,1.91E+06,1.80E+06,1.86E+05,1.16E+06,4.70E+05
195,KSAPATGGVKKPHR,XP_005463512.2,histone H3 [Oreochromis niloticus],KSAPAT[+114]GGVKKPHR,27,40,17.62,,5.79E+06,1.00E+07,3.69E+06,1.53E+06,1.09E+07,1.82E+07,3.05E+06,1.07E+07,1.56E+06
196,KSAPATGGVKKPHR,XP_005463512.2,histone H3 [Oreochromis niloticus],KS[+56]APATGGVK[+56]KPHR,27,40,16.98,,5.87E+05,1.37E+06,1.59E+06,3.49E+05,2.11E+06,1.97E+06,2.03E+05,1.28E+06,5.06E+05
197,KSAPATGGVKKPHR,XP_005463512.2,histone H3 [Oreochromis niloticus],K[+112.1]SAPATGGVK[+56]K[+56]PHR,27,40,36.27,,7.29E+06,1.01E+07,4.82E+06,5.16E+06,8.07E+06,5.00E+06,5.10E+06,5.63E+06,3.58E+06
198,KSAPATGGVKKPHR,XP_005463512.2,histone H3 [Oreochromis niloticus],K[+70]SAPATGGVK[+56]KPHR,27,40,16.98,,8.09E+05,1.80E+06,2.06E+06,4.97E+05,2.76E+06,2.58E+06,3.44E+05,1.65E+06,6.97E+05
199,KSAPATGGVKKPHR,XP_005463512.2,histone H3 [Oreochromis niloticus],K[+16]SAP[+32]ATGGVK[+56]KPHR,27,40,16.99,,1.35E+06,2.99E+06,3.36E+06,8.37E+05,4.44E+06,4.19E+06,5.74E+05,2.71E+06,1.14E+06
200,KSAPATGGVKKPHR,XP_005463512.2,histone H3 [Oreochromis niloticus],K[+72]S[-18]APATGGVK[+56]KPHR,27,40,16.99,,1.24E+06,2.71E+06,3.16E+06,8.06E+05,4.33E+06,3.90E+06,5.55E+05,2.55E+06,1.03E+06
201,KSAPATGGVKKPHR,XP_005463512.2,histone H3 [Oreochromis niloticus],K[+71]SAPATGGVK[+56]KPHR,27,40,16.98,,8.09E+05,1.80E+06,2.08E+06,5.06E+05,2.83E+06,2.62E+06,3.40E+05,1.66E+06,7.06E+05
202,KSAPATGGVKKPHR,XP_005463512.2,histone H3 [Oreochromis niloticus],K[+42]S[+56]APATGGVK[+114]KPHR,27,40,23.66,,3.75E+06,5.33E+06,2.56E+06,2.45E+06,5.74E+06,4.69E+06,2.92E+06,3.51E+06,2.59E+06
203,KSAPATGGVKKPHR,XP_005463512.2,histone H3 [Oreochromis niloticus],K[+57]SAPATGGVK[+56]KPHR,27,40,16.98,,8.59E+05,1.97E+06,2.21E+06,5.33E+05,3.03E+06,2.78E+06,3.65E+05,1.78E+06,7.41E+05
204,KSAPATGGVKKPHR,XP_005463512.2,histone H3 [Oreochromis niloticus],K[+14]S[+56]APATGGVK[+56]KPHR,27,40,16.99,,1.30E+06,2.87E+06,3.30E+06,8.19E+05,4.46E+06,4.03E+06,5.45E+05,2.63E+06,1.10E+06
205,KSAPATGGVKKPHR,XP_005463512.2,histone H3 [Oreochromis niloticus],K[+28]S[+80]APATGGVK[+56]KPHR,27,40,16.98,,2.45E+05,7.39E+05,7.66E+05,1.27E+05,1.23E+06,1.18E+06,8.36E+04,7.63E+05,3.57E+05
206,KSAPATGGVKKPHR,XP_005463512.2,histone H3 [Oreochromis niloticus],K[+32]SAP[+32]ATGGVK[+56]KPHR,27,40,16.98,,8.58E+05,1.94E+06,2.21E+06,5.33E+05,3.05E+06,2.78E+06,3.72E+05,1.76E+06,7.43E+05
207,KSAPATGGVKKPHR,XP_005463512.2,histone H3 [Oreochromis niloticus],K[+56]SAPATGGVK[+56]KPHR,27,40,16.98,,7.73E+05,1.77E+06,1.99E+06,4.79E+05,2.70E+06,2.47E+06,3.37E+05,1.61E+06,6.67E+05
208,KSAPATGGVKKPHR,XP_005463512.2,histone H3 [Oreochromis niloticus],KS[+56]APATGGVK[+28]KPHR,27,40,9.63,,2.12E+03,7.68E+04,2.35E+04,6.38E+02,1.88E+05,1.61E+05,1.21E+03,1.26E+05,1.83E+03
209,KSAPATGGVKKPHR,XP_005463512.2,histone H3 [Oreochromis niloticus],KSAPATGGVK[+28]K[+56]PHR,27,40,9.8,,0.00E+00,1.39E+04,3.10E+04,7.52E+02,6.87E+05,2.53E+04,3.33E+02,3.66E+05,0.00E+00
210,KSAPATGGVKKPHR,XP_005463512.2,histone H3 [Oreochromis niloticus],K[+32]S[-18]APAT[+114]GGVKKPHR,27,40,16.98,,2.51E+05,5.18E+05,5.90E+05,1.69E+05,8.16E+05,7.40E+05,1.46E+05,4.79E+05,2.06E+05
211,KSAPATGGVKKPHR,XP_005463512.2,histone H3 [Oreochromis niloticus],K[+56]SAPATGGVKKPHR[+28],27,40,9.67,,1.48E+03,5.98E+04,1.86E+04,6.63E+02,1.71E+05,1.37E+05,1.39E+03,1.11E+05,9.93E+02
212,KSAPATGGVKKPHR,XP_005463512.2,histone H3 [Oreochromis niloticus],K[+56]SAPATGGVKK[+28]PHR,27,40,9.62,,1.05E+03,8.78E+04,2.49E+04,9.47E+02,2.07E+05,1.72E+05,1.36E+03,1.29E+05,1.82E+03
213,KSAPATGGVKKPHR,XP_005463512.2,histone H3 [Oreochromis niloticus],K[+28]S[+56]APATGGVK[+114]KPHR,27,40,23.69,,3.76E+07,4.80E+07,2.62E+07,2.40E+07,4.40E+07,4.71E+07,2.76E+07,3.03E+07,2.49E+07
214,KSAPATGGVKKPHR,XP_005463512.2,histone H3 [Oreochromis niloticus],K[+112.1]S[+56]APATGGVKK[+56]PHR,27,40,23.66,,2.29E+06,3.26E+06,1.57E+06,1.43E+06,2.98E+06,2.98E+06,1.64E+06,2.07E+06,1.49E+06
215,KSAPATGGVKKPHR,XP_005463512.2,histone H3 [Oreochromis niloticus],K[+28]SAPAT[-18]GGVK[+114]KPHR,27,40,17.62,,1.23E+07,2.02E+07,6.44E+06,2.98E+06,2.12E+07,3.64E+07,6.70E+06,2.04E+07,2.89E+06
216,KSAPATGGVKKPHR,XP_005463512.2,histone H3 [Oreochromis niloticus],K[+56]SAPAT[+114]GGVK[+14]KPHR,27,40,26.12,,6.26E+04,9.28E+04,3.59E+04,1.42E+04,1.33E+05,2.08E+05,2.41E+04,1.50E+05,2.35E+04
217,KSAPATGGVKKPHR,XP_005463512.2,histone H3 [Oreochromis niloticus],K[+70]SAPATGGVK[+28]KPHR,27,40,16.55,,1.55E+04,3.63E+05,4.50E+04,2.32E+03,3.74E+05,8.92E+05,3.97E+03,3.40E+05,6.86E+03
218,KSAPATGGVKKPHR,XP_005463512.2,histone H3 [Oreochromis niloticus],K[+57]SAPATGGVKK[+28]PHR,27,40,16.55,,1.46E+04,4.12E+05,5.72E+04,2.45E+03,4.43E+05,9.37E+05,3.52E+03,3.90E+05,8.58E+03
219,KSAPATGGVKKPHR,XP_005463512.2,histone H3 [Oreochromis niloticus],K[+56]SAPATGGVK[+56]K[+56]PHR,27,40,25.94,,6.29E+05,8.94E+05,1.88E+05,8.91E+04,7.24E+05,1.31E+06,2.08E+05,8.72E+05,1.11E+05
220,KSAPATGGVKKPHR,XP_005463512.2,histone H3 [Oreochromis niloticus],K[+28]S[+56]APATGGVK[+28]KPHR,27,40,16.98,,4.38E+05,8.88E+05,8.64E+05,3.02E+05,1.36E+06,1.14E+06,3.94E+05,7.09E+05,3.67E+05
221,KSAPATGGVKKPHR,XP_005463512.2,histone H3 [Oreochromis niloticus],KS[+56]APATGGVK[+56]K[+56]PHR,27,40,25.94,,6.25E+05,9.00E+05,1.94E+05,8.94E+04,7.35E+05,1.31E+06,2.07E+05,8.85E+05,1.11E+05
222,KSAPATGGVKKPHR,XP_005463512.2,histone H3 [Oreochromis niloticus],KSAPATGGVK[+56]K[+56]PHR,27,40,17.62,,1.25E+07,2.07E+07,6.93E+06,2.77E+06,2.26E+07,3.70E+07,6.43E+06,2.22E+07,2.78E+06
223,KSAPATGGVKKPHR,XP_005463512.2,histone H3 [Oreochromis niloticus],K[+28]SAPAT[+114]GGVK[+42]KPHR,27,40,17.61,,8.66E+05,3.69E+06,5.18E+05,3.48E+05,4.13E+06,2.35E+06,4.34E+05,2.95E+06,3.15E+05
224,KSAPATGGVKKPHR,XP_005463512.2,histone H3 [Oreochromis niloticus],K[+28]SAPATGGVKK[+114]PHR,27,40,17.61,,9.58E+06,1.65E+07,4.54E+06,2.49E+06,1.76E+07,3.10E+07,5.51E+06,1.72E+07,2.92E+06
225,KSAPATGGVKKPHR,XP_005463512.2,histone H3 [Oreochromis niloticus],K[+28]SAPATGGVK[+114]KPHR,27,40,17.62,,1.20E+07,1.97E+07,6.31E+06,2.88E+06,2.08E+07,3.55E+07,6.54E+06,2.06E+07,2.81E+06
226,KSAPATGGVKKPHR,XP_005463512.2,histone H3 [Oreochromis niloticus],K[+28]SAPAT[+114]GGVKKPHR,27,40,17.62,,1.18E+07,1.90E+07,6.11E+06,2.86E+06,1.98E+07,3.41E+07,6.37E+06,1.99E+07,2.80E+06
227,KSAPATGGVKKPHR,XP_005463512.2,histone H3 [Oreochromis niloticus],2_K[+71]SAPATGGVK[+56]KPHR,27,40,16.98,,1.19E+05,3.17E+05,3.24E+05,7.14E+04,4.75E+05,3.83E+05,3.40E+04,2.76E+05,1.04E+05
228,KSAPATGGVKKPHR,XP_005463512.2,histone H3 [Oreochromis niloticus],KS[+114]APAT[-18]GGVK[+56]KPHR,27,40,16.98,,9.39E+05,2.66E+06,2.61E+06,6.28E+05,4.06E+06,3.69E+06,3.88E+05,2.51E+06,1.25E+06
229,KSAPATGGVKKPHR,XP_005463512.2,histone H3 [Oreochromis niloticus],K[+28]SAPAT[+80]GGVK[+56]KPHR,27,40,17.6,,8.16E+06,1.47E+07,3.61E+06,2.38E+06,1.60E+07,2.74E+07,5.30E+06,1.57E+07,3.04E+06
230,KSAPATGGVKKPHR,XP_005463512.2,histone H3 [Oreochromis niloticus],KS[+114]APATGGVKK[+56]PHR,27,40,17.6,,6.62E+06,1.21E+07,2.88E+06,1.78E+06,1.33E+07,2.20E+07,4.17E+06,1.27E+07,2.19E+06
231,KSAPATGGVKKPHR,XP_005463512.2,histone H3 [Oreochromis niloticus],K[+70]SAPATGGVK[+114]KPHR,27,40,21.48,,3.79E+05,7.11E+05,2.19E+05,1.15E+05,7.89E+05,6.07E+05,1.63E+05,5.99E+05,1.14E+05
232,YRPGTVALREIR,XP_005463512.2,histone H3 [Oreochromis niloticus],Y[+43]RPGTVALREIR,41,52,33.85,,4.56E+04,5.84E+04,3.67E+04,2.72E+04,3.76E+04,4.57E+04,3.29E+04,5.92E+04,3.45E+04
233,YRPGTVALR,XP_005463512.2,histone H3 [Oreochromis niloticus],Y[+43]R[+16]PGTVALR,41,49,29.46,,2.58E+05,2.54E+05,1.15E+05,9.93E+04,2.49E+05,4.65E+05,1.31E+05,3.22E+05,1.12E+05
234,YRPGTVALR,XP_005463512.2,histone H3 [Oreochromis niloticus],Y[+43]RPGTVALR,41,49,30.16,,9.07E+06,1.25E+07,6.63E+06,1.50E+06,1.76E+07,9.13E+06,1.99E+06,6.76E+06,3.33E+06
235,YRPGTVALR,XP_005463512.2,histone H3 [Oreochromis niloticus],Y[+56]RPGTVALR,41,49,34.43,,1.59E+08,2.17E+08,1.92E+08,1.13E+08,2.29E+08,2.06E+08,1.40E+08,1.65E+08,1.85E+08
236,YRPGTVALR,XP_005463512.2,histone H3 [Oreochromis niloticus],Y[-18]R[+42]P[+32]GTVALR,41,49,34.43,,1.39E+08,1.86E+08,1.65E+08,9.86E+07,1.97E+08,1.78E+08,1.21E+08,1.42E+08,1.60E+08
237,YRPGTVALR,XP_005463512.2,histone H3 [Oreochromis niloticus],Y[+57]RPGTVALR,41,49,34.43,,8.80E+07,1.33E+08,1.10E+08,5.78E+07,1.38E+08,1.18E+08,7.38E+07,9.16E+07,1.06E+08
238,YRPGTVALR,XP_005463512.2,histone H3 [Oreochromis niloticus],YRPGTVALR,41,49,19.26,,3.14E+07,5.54E+07,2.06E+07,2.82E+06,7.02E+07,1.02E+08,1.25E+07,5.81E+07,1.38E+07
239,RYQKSTELLIR,XP_005463512.2,histone H3 [Oreochromis niloticus],RYQK[+56]STELLIR,53,63,34.78,,8.59E+05,1.47E+07,2.79E+06,1.49E+06,1.07E+07,1.12E+07,2.10E+06,1.18E+07,2.97E+05
240,RYQKSTELLIR,XP_005463512.2,histone H3 [Oreochromis niloticus],RYQKS[+56]TELLIR,53,63,34.82,,1.57E+06,7.51E+06,1.30E+06,6.69E+05,5.04E+06,5.97E+06,6.68E+05,5.89E+06,4.07E+04
241,RYQKSTELLIR,XP_005463512.2,histone H3 [Oreochromis niloticus],R[+56]YQK[+72]S[-18]TELLIR,53,63,48.12,,5.76E+05,3.07E+06,1.27E+06,1.74E+06,1.80E+06,1.07E+06,8.51E+05,1.08E+06,1.11E+05
242,RYQKSTELLIR,XP_005463512.2,histone H3 [Oreochromis niloticus],R[+56]YQKS[+56]TELLIR,53,63,48.12,,4.89E+06,2.17E+07,8.63E+06,1.25E+07,1.54E+07,8.78E+06,5.37E+06,7.34E+06,4.19E+05
243,RYQKSTELLIR,XP_005463512.2,histone H3 [Oreochromis niloticus],R[+56]YQK[+56]STELLIR,53,63,48.12,,4.95E+06,2.19E+07,8.75E+06,1.26E+07,1.54E+07,8.92E+06,5.37E+06,7.46E+06,4.25E+05
244,RYQKSTELLIR,XP_005463512.2,histone H3 [Oreochromis niloticus],RYQK[+43]STELLIR,53,63,29.49,,6.42E+04,6.70E+04,7.23E+04,1.97E+04,1.85E+05,2.08E+05,1.66E+04,1.08E+05,5.07E+04
245,RYQKSTELLIR,XP_005463512.2,histone H3 [Oreochromis niloticus],R[+56]YQ[+1]K[+42]STELLIR,53,63,45.73,,1.38E+05,3.48E+05,1.60E+05,1.10E+05,3.62E+05,1.75E+05,7.42E+04,2.34E+05,7.00E+04
246,RYQKSTELLIR,XP_005463512.2,histone H3 [Oreochromis niloticus],R[+43]YQK[+56]STELLIR,53,63,45.59,,1.55E+05,3.61E+05,1.62E+05,9.38E+04,3.40E+05,1.46E+05,4.03E+04,1.50E+05,4.60E+04
247,RYQKSTELLIR,XP_005463512.2,histone H3 [Oreochromis niloticus],R[+57]YQKSTELLIR,53,63,34.78,,6.82E+05,1.17E+07,2.24E+06,1.15E+06,8.50E+06,8.75E+06,1.71E+06,9.07E+06,2.40E+05
248,RYQKSTELLIR,XP_005463512.2,histone H3 [Oreochromis niloticus],R[+56]YQKSTELLIR,53,63,34.78,,8.30E+05,1.40E+07,2.60E+06,1.38E+06,1.03E+07,1.04E+07,2.03E+06,1.12E+07,2.84E+05
249,YQKSTELLIR,XP_005463512.2,histone H3 [Oreochromis niloticus],YQK[+14]S[+80]TELLIR,54,63,43.07,,4.26E+05,7.64E+05,4.05E+05,1.00E+05,8.45E+05,8.14E+05,4.45E+05,7.72E+05,4.05E+05
250,YQKSTELLIR,XP_005463512.2,histone H3 [Oreochromis niloticus],YQK[+14]ST[+80]ELLIR,54,63,43.07,,4.26E+05,7.48E+05,4.05E+05,1.00E+05,8.45E+05,8.14E+05,4.45E+05,7.51E+05,4.05E+05
251,YQKSTELLIR,XP_005463512.2,histone H3 [Oreochromis niloticus],Y[+56]QK[+56]STELLIR,54,63,63.55,,3.93E+07,5.11E+07,2.79E+07,2.64E+07,5.89E+07,4.70E+07,3.20E+07,1.78E+07,2.56E+07
252,YQKSTELLIR,XP_005463512.2,histone H3 [Oreochromis niloticus],Y[+56]QK[+14]S[+80]TELLIR,54,63,63.56,,6.30E+05,1.54E+06,1.07E+06,5.03E+05,1.95E+06,1.20E+06,8.65E+05,5.33E+05,8.69E+05
253,YQKSTELLIR,XP_005463512.2,histone H3 [Oreochromis niloticus],Y[+56]QK[+14]ST[+80]ELLIR,54,63,63.56,,6.04E+05,1.51E+06,1.05E+06,4.80E+05,1.90E+06,1.18E+06,8.47E+05,5.11E+05,8.72E+05
254,YQKSTELLIR,XP_005463512.2,histone H3 [Oreochromis niloticus],YQ[+1]K[+56]STELLIR,54,63,43.1,,3.15E+07,5.36E+07,2.11E+07,7.41E+06,5.95E+07,7.58E+07,2.28E+07,4.93E+07,1.80E+07
255,YQKSTELLIR,XP_005463512.2,histone H3 [Oreochromis niloticus],Y[+56]QKSTELLIR,54,63,43.09,,1.58E+06,1.32E+06,3.83E+05,1.21E+05,7.68E+05,9.45E+05,4.72E+05,1.36E+06,2.37E+05
256,YQKSTELLIR,XP_005463512.2,histone H3 [Oreochromis niloticus],YQKS[+56]TELLIR,54,63,43.09,,1.06E+06,8.93E+05,2.46E+05,8.22E+04,5.09E+05,6.37E+05,3.09E+05,8.92E+05,1.43E+05
257,YQKSTELLIR,XP_005463512.2,histone H3 [Oreochromis niloticus],Y[+57]QKSTELLIR,54,63,23.85,,3.00E+04,7.05E+05,1.20E+05,1.07E+04,1.35E+06,3.38E+05,4.37E+03,5.68E+05,5.41E+04
258,YQKSTELLIR,XP_005463512.2,histone H3 [Oreochromis niloticus],YQK[+56]STELLIR,54,63,43.1,,3.59E+07,6.13E+07,2.34E+07,8.60E+06,6.82E+07,8.56E+07,2.65E+07,5.63E+07,2.07E+07
259,YQKSTELLIR,XP_005463512.2,histone H3 [Oreochromis niloticus],Y[-18]QK[+56]STELLIR,54,63,37.42,,1.40E+04,1.92E+04,1.76E+04,9.84E+03,2.02E+04,2.30E+04,8.41E+03,1.57E+04,8.95E+03
260,YQKSTELLIR,XP_005463512.2,histone H3 [Oreochromis niloticus],Y[+43]QK[+42]S[+80]TELLIR,54,63,63.56,,5.66E+05,1.31E+06,9.47E+05,4.57E+05,1.66E+06,1.07E+06,7.62E+05,4.59E+05,7.55E+05
261,YQKSTELLIR,XP_005463512.2,histone H3 [Oreochromis niloticus],Y[+57]QK[+56]STELLIR,54,63,59.31,,1.41E+06,1.39E+06,4.18E+05,3.04E+05,2.44E+06,1.26E+06,3.53E+05,3.63E+05,2.78E+05
262,YQKSTELLIR,XP_005463512.2,histone H3 [Oreochromis niloticus],Y[+43]QK[+56]STELLIR,54,63,59.31,,1.36E+06,1.39E+06,4.18E+05,2.67E+05,2.40E+06,1.29E+06,3.56E+05,3.72E+05,2.77E+05
263,EIAQDFKTDLR,XP_005463512.2,histone H3 [Oreochromis niloticus],E[+56]IAQDFK[+14]TD[+57]LR,73,83,52.06,,1.00E+05,1.97E+06,7.59E+05,1.50E+05,2.79E+06,3.12E+05,6.56E+04,7.74E+05,2.90E+05
264,EIAQDFKTDLR,XP_005463512.2,histone H3 [Oreochromis niloticus],EIAQDFK[+28]TDLR,73,83,32.68,,1.24E+06,1.95E+06,9.35E+05,2.82E+05,2.36E+06,2.58E+06,5.45E+05,1.91E+06,5.86E+05
265,EIAQDFKTDLR,XP_005463512.2,histone H3 [Oreochromis niloticus],EIAQDFK[+56]TDLR[+14],73,83,52.58,,8.33E+06,1.59E+07,5.42E+06,2.15E+06,1.52E+07,1.86E+07,4.97E+06,1.08E+07,5.17E+06
266,EIAQDFKTDLR,XP_005463512.2,histone H3 [Oreochromis niloticus],E[+56]IAQD[+57]FK[+14]TDLR,73,83,52.06,,1.44E+05,1.96E+06,7.96E+05,1.80E+05,2.81E+06,3.40E+05,8.64E+04,7.68E+05,2.89E+05
267,EIAQDFKTDLR,XP_005463512.2,histone H3 [Oreochromis niloticus],E[+43]IAQDFK[+28]TDLR,73,83,47.73,,9.26E+04,9.51E+04,8.70E+04,4.67E+04,1.61E+05,5.91E+04,3.81E+04,8.83E+04,3.84E+04
268,EIAQDFKTDLR,XP_005463512.2,histone H3 [Oreochromis niloticus],E[+56]IAQDFKTD[+57]LR,73,83,52.12,,5.08E+04,1.21E+06,6.71E+05,9.05E+04,1.78E+06,1.87E+05,4.31E+04,3.49E+05,1.61E+05
269,EIAQDFKTDLR,XP_005463512.2,histone H3 [Oreochromis niloticus],E[+56]IAQDFK[+56]TDLR,73,83,68.95,,1.35E+07,1.54E+07,1.63E+07,1.34E+07,1.32E+07,7.62E+06,1.23E+07,7.84E+06,1.53E+07
270,EIAQDFKTDLR,XP_005463512.2,histone H3 [Oreochromis niloticus],EIAQDFKTD[+57]LR,73,83,47.93,,3.02E+07,4.53E+07,1.99E+07,9.36E+06,4.62E+07,5.30E+07,1.79E+07,3.36E+07,1.87E+07
271,EIAQDFKTDLR,XP_005463512.2,histone H3 [Oreochromis niloticus],EIAQD[+57]FKTDLR,73,83,47.92,,4.04E+07,6.08E+07,2.68E+07,1.27E+07,6.25E+07,7.18E+07,2.39E+07,4.48E+07,2.52E+07
272,EIAQDFKTDLR,XP_005463512.2,histone H3 [Oreochromis niloticus],EIAQD[-18]FK[+56]TDLR,73,83,63.57,,3.26E+05,5.04E+05,2.82E+05,2.32E+05,6.40E+05,4.27E+05,3.29E+05,2.32E+05,2.50E+05
273,EIAQDFKTDLR,XP_005463512.2,histone H3 [Oreochromis niloticus],E[+57]IAQDFK[+14]TDLR,73,83,52.77,,6.21E+06,9.82E+06,1.15E+07,3.92E+06,1.32E+07,6.51E+06,1.86E+06,5.19E+06,4.28E+06
274,EIAQDFKTDLR,XP_005463512.2,histone H3 [Oreochromis niloticus],EIAQDFK[+16]T[+42]DLR,73,83,47.93,,7.60E+06,1.46E+07,5.25E+06,2.38E+06,1.19E+07,1.40E+07,4.45E+06,1.04E+07,4.50E+06
275,EIAQDFKTDLR,XP_005463512.2,histone H3 [Oreochromis niloticus],E[+43]IAQDFK[+14]TDLR,73,83,47.94,,2.22E+05,3.16E+05,1.66E+05,6.65E+04,4.74E+05,2.76E+05,7.91E+04,2.19E+05,1.03E+05
276,EIAQDFKTDLR,XP_005463512.2,histone H3 [Oreochromis niloticus],E[+43]IAQDFKTDLR,73,83,47.93,,1.08E+05,1.85E+05,6.75E+04,4.58E+04,1.79E+05,1.82E+05,6.55E+04,1.56E+05,6.17E+04
277,EIAQDFKTDLR,XP_005463512.2,histone H3 [Oreochromis niloticus],EIAQDFKT[+56]DLR,73,83,47.92,,4.93E+07,7.39E+07,3.24E+07,1.55E+07,7.53E+07,8.70E+07,2.93E+07,5.50E+07,3.08E+07
278,EIAQDFKTDLR,XP_005463512.2,histone H3 [Oreochromis niloticus],EIAQ[+1]DFK[+56]TDLR,73,83,47.92,,4.99E+07,7.44E+07,3.27E+07,1.58E+07,7.58E+07,8.82E+07,2.99E+07,5.54E+07,3.05E+07
279,EIAQDFKTDLR,XP_005463512.2,histone H3 [Oreochromis niloticus],EIAQDFK[+14]T[+42]DLR,73,83,47.92,,4.99E+07,7.49E+07,3.30E+07,1.56E+07,7.63E+07,8.88E+07,2.94E+07,5.50E+07,3.12E+07
280,EIAQDFKTDLR,XP_005463512.2,histone H3 [Oreochromis niloticus],E[+57]IAQDFK[+28]TDLR,73,83,52.87,,3.76E+06,6.07E+06,4.90E+06,2.33E+06,6.09E+06,4.37E+06,2.05E+06,3.22E+06,2.50E+06
281,EIAQDFKTDLR,XP_005463512.2,histone H3 [Oreochromis niloticus],E[+57]IAQDFK[+56]TDLR,73,83,68.95,,1.16E+07,1.32E+07,1.39E+07,1.15E+07,1.13E+07,6.53E+06,1.05E+07,6.77E+06,1.30E+07
282,EIAQDFKTDLR,XP_005463512.2,histone H3 [Oreochromis niloticus],EIAQDFK[+56]TDLR,73,83,47.92,,5.47E+07,8.18E+07,3.61E+07,1.75E+07,8.33E+07,9.69E+07,3.30E+07,6.12E+07,3.45E+07
283,EIAQDFKTDLR,XP_005463512.2,histone H3 [Oreochromis niloticus],E[+56]IAQDFKTD[+57]LR[-1],73,83,68.95,,1.10E+07,1.25E+07,1.30E+07,1.08E+07,1.06E+07,6.04E+06,9.89E+06,6.29E+06,1.24E+07
284,EIAQDFKTDLR,XP_005463512.2,histone H3 [Oreochromis niloticus],E[+56]IAQDFK[+14]TDLR,73,83,52.77,,3.94E+06,6.28E+06,7.54E+06,2.57E+06,8.67E+06,4.23E+06,1.18E+06,3.20E+06,2.76E+06
285,EIAQDFKTDLR,XP_005463512.2,histone H3 [Oreochromis niloticus],EIAQDFK[+14]TDLR,73,83,32.56,,2.20E+06,3.96E+06,2.16E+06,4.03E+05,6.66E+06,6.85E+06,4.52E+05,4.44E+06,8.26E+05
286,EIAQDFKTDLR,XP_005463512.2,histone H3 [Oreochromis niloticus],E[+56]IAQ[+1]DFK[+56]TDLR,73,83,68.95,,1.21E+07,1.37E+07,1.45E+07,1.20E+07,1.18E+07,6.80E+06,1.10E+07,7.01E+06,1.36E+07
287,EIAQDFKTDLR,XP_005463512.2,histone H3 [Oreochromis niloticus],EIAQDFK[+14]T[+80]DLR,73,83,47.92,,6.14E+05,1.12E+06,5.67E+05,2.09E+05,1.29E+06,1.22E+06,4.47E+05,8.59E+05,5.67E+05
288,EIAQDFKTDLR,XP_005463512.2,histone H3 [Oreochromis niloticus],E[+56]IAQDFK[+28]TDLR,73,83,52.87,,3.95E+06,6.41E+06,5.11E+06,2.50E+06,6.30E+06,4.40E+06,2.11E+06,3.34E+06,2.50E+06
289,EIAQDFKTDLR,XP_005463512.2,histone H3 [Oreochromis niloticus],E[+56]IAQDFK[+71]TDLR[-1],73,83,69.29,,1.61E+06,2.52E+06,1.55E+06,1.45E+06,2.05E+06,9.23E+05,1.39E+06,9.75E+05,1.46E+06
290,EIAQDFKTDLR,XP_005463512.2,histone H3 [Oreochromis niloticus],E[+43]IAQ[+1]DFK[+56]TDLR,73,83,65.09,,1.97E+06,3.14E+06,1.16E+06,5.42E+05,3.69E+06,1.69E+06,4.99E+05,9.05E+05,6.04E+05
291,EIAQDFKTDLR,XP_005463512.2,histone H3 [Oreochromis niloticus],E[+43]IAQDFK[+56]TDLR,73,83,65.09,,2.00E+06,3.42E+06,1.32E+06,5.83E+05,3.96E+06,1.87E+06,5.18E+05,1.01E+06,6.63E+05
292,EIAQDFKTDLR,XP_005463512.2,histone H3 [Oreochromis niloticus],E[+43]IAQDFKTD[+57]LR,73,83,65.09,,1.47E+06,2.42E+06,8.12E+05,4.24E+05,2.82E+06,1.27E+06,4.01E+05,6.42E+05,4.79E+05
293,EIAQDFKTDLR,XP_005463512.2,histone H3 [Oreochromis niloticus],E[+56]IAQDFK[+56]TDLR[+14],73,83,69.29,,1.40E+06,2.25E+06,1.46E+06,1.25E+06,1.76E+06,7.62E+05,1.19E+06,8.21E+05,1.25E+06
294,EIAQDFKTDLR,XP_005463512.2,histone H3 [Oreochromis niloticus],EIAQDFK[+14]T[+56]DLR,73,83,52.58,,8.64E+06,1.61E+07,5.57E+06,2.31E+06,1.55E+07,1.96E+07,5.00E+06,1.11E+07,5.31E+06
295,EIAQDFKTDLR,XP_005463512.2,histone H3 [Oreochromis niloticus],E[+56]IAQDFK[+42]TDLR[+28],73,83,69.29,,1.68E+06,2.71E+06,1.74E+06,1.52E+06,2.08E+06,9.59E+05,1.44E+06,9.87E+05,1.54E+06
296,EIAQDFKTDLR,XP_005463512.2,histone H3 [Oreochromis niloticus],EIAQDFK[+42]TDLR[+28],73,83,52.58,,8.34E+06,1.58E+07,5.29E+06,2.17E+06,1.49E+07,1.90E+07,4.81E+06,1.08E+07,5.13E+06
297,EIAQDFKTDLR,XP_005463512.2,histone H3 [Oreochromis niloticus],EIAQDFK[+71]TDLR[-1],73,83,52.58,,8.39E+06,1.57E+07,5.19E+06,1.94E+06,1.49E+07,1.81E+07,4.82E+06,1.08E+07,4.91E+06
298,EIAQDFKTDLR,XP_005463512.2,histone H3 [Oreochromis niloticus],EIAQDFK[+42]TDLR[+16],73,83,47.93,,1.53E+07,2.28E+07,9.77E+06,4.44E+06,2.37E+07,2.64E+07,8.93E+06,1.68E+07,8.86E+06
299,EIAQDFKTDLR,XP_005463512.2,histone H3 [Oreochromis niloticus],EIAQDFK[+28]T[+42]DLR,73,83,52.58,,8.77E+06,1.62E+07,5.61E+06,2.27E+06,1.57E+07,1.94E+07,5.25E+06,1.12E+07,5.48E+06
300,VTIMPKDIQLAR,XP_005463512.2,histone H3 [Oreochromis niloticus],VTIMPK[+72]DIQLAR,117,128,45.58,,5.38E+06,3.87E+06,1.48E+06,6.17E+05,1.70E+06,3.20E+06,2.54E+06,2.05E+06,1.03E+06
301,VTIMPKDIQLAR,XP_005463512.2,histone H3 [Oreochromis niloticus],V[+43]TIMPK[+42]DIQLAR,117,128,60.82,,4.62E+04,5.93E+04,3.39E+04,1.70E+04,3.77E+04,3.81E+04,1.40E+04,6.82E+04,1.19E+04
302,VTIMPKDIQLAR,XP_005463512.2,histone H3 [Oreochromis niloticus],V[+57]TIMPK[+56]DIQLAR,117,128,52.5,,1.05E+06,9.87E+06,1.26E+06,6.38E+05,9.58E+06,2.57E+06,1.01E+06,7.02E+06,4.73E+05
303,VTIMPKDIQLAR,XP_005463512.2,histone H3 [Oreochromis niloticus],V[+43]TIMPK[+43]DIQLAR,117,128,64.55,,1.45E+05,1.46E+05,2.71E+05,9.58E+04,1.06E+05,9.77E+04,7.29E+04,1.32E+05,7.07E+04
304,VTIMPKDIQLAR,XP_005463512.2,histone H3 [Oreochromis niloticus],V[+56]TIMPK[+56]DIQ[+1]LAR,117,128,69.13,,1.30E+07,1.12E+07,9.37E+06,8.17E+06,1.07E+07,8.50E+06,1.12E+07,1.18E+07,8.88E+06
305,VTIMPKDIQLAR,XP_005463512.2,histone H3 [Oreochromis niloticus],VTIM[+16]PK[+56]DIQ[+1]LAR,117,128,45.51,,3.39E+07,1.72E+07,8.77E+06,4.13E+06,1.12E+07,2.17E+07,1.65E+07,1.25E+07,4.43E+06
306,VTIMPKDIQLAR,XP_005463512.2,histone H3 [Oreochromis niloticus],VTIMPK[+43]DIQLAR,117,128,50.1,,1.73E+05,3.25E+05,1.03E+05,8.72E+04,1.87E+05,2.25E+05,1.66E+05,4.29E+05,1.22E+05
307,VTIMPKDIQLAR,XP_005463512.2,histone H3 [Oreochromis niloticus],V[+56]TIM[+16]PK[+56]DIQLAR,117,128,64.14,,4.82E+07,2.73E+07,2.58E+07,1.91E+07,1.49E+07,1.83E+07,3.14E+07,1.29E+07,1.56E+07
308,VTIMPKDIQLAR,XP_005463512.2,histone H3 [Oreochromis niloticus],VTIMPK[+56]DIQ[+1]LAR,117,128,53.41,,1.30E+06,2.69E+06,9.97E+05,2.52E+05,2.78E+06,5.12E+06,7.91E+05,3.06E+06,5.23E+05
309,VTIMPKDIQLAR,XP_005463512.2,histone H3 [Oreochromis niloticus],V[+57]TIM[+16]PK[+56]DIQLAR,117,128,64.14,,4.11E+07,2.33E+07,2.20E+07,1.60E+07,1.26E+07,1.57E+07,2.69E+07,1.09E+07,1.31E+07
310,VTIMPKDIQLAR,XP_005463512.2,histone H3 [Oreochromis niloticus],V[+43]TIMPKD[+57]IQLAR,117,128,66.32,,1.85E+06,2.96E+06,1.07E+06,3.77E+05,3.86E+06,2.25E+06,7.19E+05,1.44E+06,4.12E+05
311,VTIMPKDIQLAR,XP_005463512.2,histone H3 [Oreochromis niloticus],V[+43]TIMPK[+56]DIQLAR,117,128,66.33,,2.70E+06,4.54E+06,1.61E+06,5.62E+05,5.62E+06,3.32E+06,1.07E+06,2.22E+06,6.30E+05
312,VTIMPKDIQLAR,XP_005463512.2,histone H3 [Oreochromis niloticus],V[+226.1]TIMPK[+56]DIQLAR,117,128,51.73,,9.31E+06,6.28E+06,1.91E+06,1.64E+06,5.58E+06,7.06E+06,4.59E+06,5.42E+06,9.02E+05
313,VTIMPKDIQLAR,XP_005463512.2,histone H3 [Oreochromis niloticus],VT[+80]IMP[+32]K[+71]DIQLAR,117,128,64.14,,6.56E+05,6.52E+05,8.26E+05,3.03E+05,3.73E+05,4.39E+05,7.42E+05,3.36E+05,4.44E+05
314,VTIMPKDIQLAR,XP_005463512.2,histone H3 [Oreochromis niloticus],VT[+114]IMPKDIQLAR,117,128,37.16,,1.46E+07,3.68E+07,8.57E+06,4.66E+06,3.85E+07,3.32E+07,9.24E+06,3.84E+07,6.76E+06
315,VTIMPKDIQLAR,XP_005463512.2,histone H3 [Oreochromis niloticus],V[+57]TIMP[+32]K[+42]DIQLAR,117,128,64.14,,9.65E+06,5.61E+06,4.55E+06,3.85E+06,2.95E+06,3.53E+06,5.95E+06,2.66E+06,2.67E+06
316,VTIMPKDIQLAR,XP_005463512.2,histone H3 [Oreochromis niloticus],V[+43]TIM[+16]PK[+56]DIQLAR,117,128,58.7,,1.66E+06,6.21E+05,4.24E+05,1.84E+05,4.25E+05,3.69E+05,3.59E+05,2.56E+05,1.73E+05
317,VTIMPKDIQLAR,XP_005463512.2,histone H3 [Oreochromis niloticus],V[+56]TIMPK[+56]DIQLAR,117,128,69.13,,1.99E+07,2.55E+07,2.23E+07,1.77E+07,2.30E+07,1.74E+07,2.50E+07,1.79E+07,1.91E+07
318,VTIMPKDIQLAR,XP_005463512.2,histone H3 [Oreochromis niloticus],VTIMP[+32]K[+43]D[-18]IQLAR,117,128,51.76,,1.04E+07,2.03E+07,9.59E+06,2.93E+06,2.11E+07,2.86E+07,9.60E+06,2.34E+07,6.52E+06
319,VTIMPKDIQLAR,XP_005463512.2,histone H3 [Oreochromis niloticus],V[+43]TIMP[+32]K[+28]DIQLAR,117,128,66.34,,8.07E+05,1.28E+06,4.62E+05,2.03E+05,1.58E+06,9.53E+05,3.44E+05,5.65E+05,2.19E+05
320,VTIMPKDIQLAR,XP_005463512.2,histone H3 [Oreochromis niloticus],V[+56]TIMPK[+72]DIQLAR,117,128,64.14,,2.70E+07,1.53E+07,1.48E+07,1.07E+07,8.53E+06,1.03E+07,1.79E+07,7.18E+06,8.73E+06
321,VTIMPKDIQLAR,XP_005463512.2,histone H3 [Oreochromis niloticus],VTIMPK[+56]DIQLAR,117,128,50.29,,2.44E+05,4.60E+05,2.90E+05,9.58E+04,5.48E+05,7.72E+05,1.78E+05,5.65E+05,3.31E+05
322,VTIMPKDIQLAR,XP_005463512.2,histone H3 [Oreochromis niloticus],VTIMP[+32]K[+56]DIQLAR,117,128,50.75,,4.32E+05,5.19E+05,4.78E+05,4.46E+05,5.52E+05,3.21E+05,2.15E+05,3.01E+05,3.23E+05
323,VTIMPKDIQLAR,XP_005463512.2,histone H3 [Oreochromis niloticus],V[+57]TIMP[+32]K[+32]DIQLAR,117,128,66.33,,2.63E+05,6.83E+05,2.06E+05,5.12E+04,8.29E+05,4.73E+05,1.37E+05,4.03E+05,8.71E+04
324,VTIMPKDIQLAR,XP_005463512.2,histone H3 [Oreochromis niloticus],VTIMPKD[+57]IQLAR,117,128,51.72,,4.63E+07,7.69E+07,3.77E+07,1.33E+07,8.12E+07,1.07E+08,3.97E+07,8.73E+07,2.62E+07
325,VTIMPKDIQLAR,XP_005463512.2,histone H3 [Oreochromis niloticus],V[+56]TIMPKD[+57]IQLAR,117,128,69.12,,7.32E+06,9.37E+06,8.08E+06,6.54E+06,8.37E+06,6.43E+06,9.08E+06,6.54E+06,6.95E+06
326,VTIMPKDIQLAR,XP_005463512.2,histone H3 [Oreochromis niloticus],VTIM[+16]PKD[+57]IQLAR,117,128,45.51,,3.75E+07,1.81E+07,1.02E+07,5.63E+06,1.22E+07,2.52E+07,1.90E+07,1.32E+07,6.65E+06
327,VTIMPKDIQLAR,XP_005463512.2,histone H3 [Oreochromis niloticus],VTIM[+16]PK[+56]DIQLAR,117,128,45.51,,5.84E+07,2.78E+07,1.58E+07,8.58E+06,1.90E+07,3.91E+07,2.89E+07,2.00E+07,1.02E+07
328,VTIMPKDIQLAR,XP_005463512.2,histone H3 [Oreochromis niloticus],VTIMPK[+56]DIQLAR[+1],117,128,51.84,,2.98E+07,5.02E+07,2.25E+07,8.79E+06,4.27E+07,4.87E+07,2.79E+07,6.79E+07,1.27E+07
329,VTIMPKDIQLAR,XP_005463512.2,histone H3 [Oreochromis niloticus],VT[-18]IMPK[+56]DIQLAR,117,128,51.95,,1.09E+05,2.14E+05,1.82E+05,6.55E+04,1.94E+05,2.11E+05,1.08E+05,1.53E+05,1.62E+05
330,KGVSLAALKKALAAGGYDVEKNNAR,XP_003459589.1,histone H1-like [Oreochromis niloticus],K[+112.1]GVS[+56]LAALKKALAAGGYDVEK[+56]NNAR,44,68,58.35,,2.43E+06,3.90E+06,4.51E+06,1.83E+06,3.75E+06,1.15E+06,4.59E+05,1.69E+06,2.10E+06
331,KGVSLAALKKALAAGGYDVEKNNAR,XP_003459589.1,histone H1-like [Oreochromis niloticus],K[+112.1]GVSLAALKK[+56]ALAAGGYDVEK[+56]NNAR,44,68,58.35,,2.43E+06,3.82E+06,4.44E+06,1.79E+06,3.76E+06,1.15E+06,4.48E+05,1.70E+06,2.11E+06
332,KGVSLAALKKALAAGGYDVEKNNAR,XP_003459589.1,histone H1-like [Oreochromis niloticus],KGVSLAALK[+56]K[+56]ALAAGGYDVEK[+56]NNAR,44,68,68.5,,4.53E+04,3.44E+05,2.22E+04,2.06E+04,4.44E+05,1.57E+05,1.27E+04,2.72E+05,7.54E+03
333,KAAAKSHKQR,XP_003450682.1,histone H1 [Oreochromis niloticus],K[+112.1]AAAK[+56]SHK[+56]QR,267,276,30.55,,9.05E+05,2.28E+06,1.41E+06,5.22E+05,1.27E+06,8.79E+05,5.36E+05,1.15E+06,4.62E+05
334,KAAAKSHKQR,XP_003450682.1,histone H1 [Oreochromis niloticus],K[+112.1]AAAKS[+56]HK[+56]QR,267,276,30.55,,9.56E+05,2.19E+06,1.34E+06,5.00E+05,1.23E+06,8.47E+05,5.01E+05,1.09E+06,4.37E+05
335,KAAAKSHKQR,XP_003450682.1,histone H1 [Oreochromis niloticus],K[+56]AAAK[+56]SHK[+56]QR,267,276,16.75,,5.00E+05,8.60E+05,3.71E+05,7.38E+04,6.98E+05,7.55E+05,2.00E+05,7.83E+05,1.11E+05
336,KKTGPTVSDLILKALSTSTQR,XP_003446112.1,protamine-like protein [Oreochromis niloticus],K[+112.1]K[+56]TGPTVSDLILK[+56]ALSTSTQR,25,45,69.86,,3.16E+05,2.92E+05,4.08E+04,2.48E+05,1.77E+05,1.37E+05,9.60E+04,5.16E+04,7.35E+04
337,KKTGPTVSDLILKALSTSTQR,XP_003446112.1,protamine-like protein [Oreochromis niloticus],K[+112.1]KTGPTVS[+56]DLILK[+56]ALSTSTQR,25,45,70.13,,3.31E+05,3.24E+05,4.21E+04,2.53E+05,1.83E+05,1.68E+05,1.07E+05,4.28E+04,3.23E+04
338,KKTGPTVSDLILKALSTSTQR,XP_003446112.1,protamine-like protein [Oreochromis niloticus],K[+112.1]KTGPTVSDLILK[+56]ALSTSTQR,25,45,69.3,,2.67E+05,4.79E+05,5.62E+04,1.37E+05,1.80E+05,1.49E+05,1.44E+05,1.73E+05,5.70E+04
339,KKTGPTVSDLILKALSTSTQR,XP_003446112.1,protamine-like protein [Oreochromis niloticus],K[+56]K[+56]TGPTVSDLILK[+56]ALSTSTQR,25,45,69.38,,2.35E+05,4.17E+05,4.82E+04,1.02E+05,1.70E+05,1.24E+05,1.09E+05,1.21E+05,2.92E+04
340,KKTGPTVSDLILKALSTSTQR,XP_003446112.1,protamine-like protein [Oreochromis niloticus],K[+112.1]K[+56]TGPTVSDLILKALS[+56]TSTQR,25,45,70.23,,1.56E+05,1.45E+05,2.05E+04,1.08E+05,8.63E+04,7.66E+04,6.15E+04,1.66E+04,1.87E+04
341,KKTGPTVSDLILKALSTSTQR,XP_003446112.1,protamine-like protein [Oreochromis niloticus],KK[+56]TGPTVSDLILK[+56]ALSTSTQR,25,45,68.89,,6.07E+04,9.15E+04,3.87E+04,4.64E+04,4.83E+04,4.57E+04,5.90E+04,7.10E+04,1.95E+04
342,ILIAVKR,XP_003446112.1,protamine-like protein [Oreochromis niloticus],ILIAVK[+56]R,71,77,36.47,,8.79E+05,3.58E+06,3.02E+06,6.74E+05,1.47E+06,2.48E+06,2.85E+05,2.02E+06,9.48E+05
343,ILIAVKR,XP_003446112.1,protamine-like protein [Oreochromis niloticus],I[+56]LIAVK[+56]R,71,77,69.49,,1.47E+05,5.08E+05,1.88E+06,8.19E+05,1.73E+05,1.63E+05,1.35E+05,2.43E+05,6.05E+05
344,ILIAVKR,XP_003446112.1,protamine-like protein [Oreochromis niloticus],I[+43]LIAVK[+56]R,71,77,69.49,,1.44E+05,4.51E+05,1.67E+06,7.28E+05,1.66E+05,1.47E+05,1.14E+05,2.10E+05,5.34E+05
345,ILIAVKR,XP_003446112.1,protamine-like protein [Oreochromis niloticus],I[+56]LIAVKR,71,77,48.28,,3.06E+04,8.65E+04,8.37E+04,3.26E+04,6.53E+04,4.85E+04,3.02E+04,2.80E+04,5.40E+04
