Peptide,-10lgP,Mass,Length,ppm,m/z,RT,Area Sample 7,Fraction,Scan,Source File,#Feature,#Feature Sample 7,Accession,PTM,AScore,Found By
LNKLLGGVTIAQGGVLPNIQAVLLPKKTE,117.39,2983.7798,29,0.8,746.9554,64.92,2.2146E6,17,23286,EAM0034_S3F1G_V8-AmBic_2-A2_01_4351.mzML,2,2,XP_013121737.2:XP_003459572.1:XP_003451211.1,,,PEAKS DB
RKGVSLAALKKALAAGGYDVE,100.90,2116.2004,21,3.0,530.0608,44.55,2.4779E6,17,15259,EAM0034_S3F1G_V8-AmBic_2-A2_01_4351.mzML,3,3,XP_003459589.1,,,PEAKS DB
I(+43.01)QTAVRLLLPGELAKHAVSE,92.14,2187.2375,20,1.7,730.0902,68.57,2.9733E4,17,24601,EAM0034_S3F1G_V8-AmBic_2-A2_01_4351.mzML,1,1,XP_003451196.1,Carbamylation,I1:Carbamylation:114.17,PEAKS PTM
LNKLLGGVTIAQGGVLPNIQAVLLPKKTEKAK,90.19,3311.0068,32,-0.7,828.7613,56.50,2.8752E5,17,20095,EAM0034_S3F1G_V8-AmBic_2-A2_01_4351.mzML,1,1,XP_013121737.2:XP_003459572.1,,,PEAKS DB
LNKLLGGVTIAQGGVLPNIQAVLLPKKTEKPVKAK,88.96,3635.2229,35,-0.2,909.8160,53.12,1.757E6,17,18782,EAM0034_S3F1G_V8-AmBic_2-A2_01_4351.mzML,2,2,XP_003451211.1,,,PEAKS DB
S(+42.01)EEAPAPAPAPAKAAKKKTTASKPKKVGPSVGE,88.73,3269.7981,33,1.2,818.4606,17.10,1.6416E5,17,3276,EAM0034_S3F1G_V8-AmBic_2-A2_01_4351.mzML,1,1,XP_019210165.1:XP_013130399.2:XP_019210164.1,Acetylation (Protein N-term),S1:Acetylation (Protein N-term):1000.00,PEAKS PTM
S(+42.01)EEAPAPAPAPAKAAKKK(+57.02)TTASKPKKVGPSVGE,87.57,3326.8196,33,1.3,832.7161,17.10,6.8288E4,17,3293,EAM0034_S3F1G_V8-AmBic_2-A2_01_4351.mzML,1,1,XP_019210165.1:XP_013130399.2:XP_019210164.1,Acetylation (Protein N-term); Carbamidomethylation (DHKE  X@N-term),S1:Acetylation (Protein N-term):1000.00;K18:Carbamidomethylation (DHKE  X@N-term):8.22,PEAKS PTM
RVGAGAPVYLAAVLE,75.69,1484.8351,15,-0.5,743.4270,58.16,9.0328E6,17,20896,EAM0034_S3F1G_V8-AmBic_2-A2_01_4351.mzML,3,3,XP_013121737.2:XP_003459572.1:XP_003451211.1,,,PEAKS DB
IQTAVRLLLPGELAK(+57.02)HAVSE,75.67,2201.2532,20,1.0,734.7616,48.03,1.8738E5,17,16717,EAM0034_S3F1G_V8-AmBic_2-A2_01_4351.mzML,2,2,XP_003451196.1,Carbamidomethylation (DHKE  X@N-term),K15:Carbamidomethylation (DHKE  X@N-term):12.28,PEAKS PTM
LIVKAVAASKE,74.16,1127.6914,11,2.0,564.8561,19.29,4.7991E6,17,4353,EAM0034_S3F1G_V8-AmBic_2-A2_01_4351.mzML,2,2,XP_019210165.1:XP_013130399.2:XP_019210164.1,,,PEAKS DB
IQTAVRLLLPGELAKHAVSE,72.75,2144.2317,20,0.9,715.7543,48.06,2.1959E6,17,16724,EAM0034_S3F1G_V8-AmBic_2-A2_01_4351.mzML,3,3,XP_003451196.1,,,PEAKS DB
L(+43.01)IVKAVAASKE,71.55,1170.6971,11,1.8,586.3589,46.09,6.5987E5,17,15907,EAM0034_S3F1G_V8-AmBic_2-A2_01_4351.mzML,1,1,XP_019210165.1:XP_013130399.2:XP_019210164.1,Carbamylation,L1:Carbamylation:77.24,PEAKS PTM
G(+43.01)TKAVTKYTSSK,69.28,1312.6986,12,2.2,657.3603,17.56,1.1616E6,17,3505,EAM0034_S3F1G_V8-AmBic_2-A2_01_4351.mzML,2,2,XP_003451196.1,Carbamylation,G1:Carbamylation:17.01,PEAKS PTM
I(+57.02)Q(+.98)T(+114.04)AVRLLLPGELAKHAVSE,69.24,2316.2800,20,0.0,773.1033,68.64,2.2088E4,17,24619,EAM0034_S3F1G_V8-AmBic_2-A2_01_4351.mzML,1,1,XP_003451196.1,Carbamidomethylation (DHKE  X@N-term); Deamidation (NQ); Ubiquitin,I1:Carbamidomethylation (DHKE  X@N-term):111.39;Q2:Deamidation (NQ):1000.00;T3:Ubiquitin:186.68,PEAKS PTM
GTKAVTKYTSSK(+43.01),68.95,1312.6986,12,1.9,657.3601,16.70,1.8114E5,17,3068,EAM0034_S3F1G_V8-AmBic_2-A2_01_4351.mzML,1,1,XP_003451196.1,Carbamylation,K12:Carbamylation:54.46,PEAKS PTM
L(+57.02)IVKAVAASKE,68.50,1184.7128,11,2.9,593.3674,20.83,0,17,5102,EAM0034_S3F1G_V8-AmBic_2-A2_01_4351.mzML,0,0,XP_019210165.1:XP_013130399.2:XP_019210164.1,Carbamidomethylation (DHKE  X@N-term),L1:Carbamidomethylation (DHKE  X@N-term):57.45,PEAKS PTM
IQTAVRLLLPGE,68.06,1308.7765,12,1.5,655.3987,52.29,1.0106E6,17,18421,EAM0034_S3F1G_V8-AmBic_2-A2_01_4351.mzML,2,2,XP_003451196.1,,,PEAKS DB
LIVKAVAASK(+156.12)E,67.80,1283.8064,11,-8.5,428.9406,17.17,5.1856E5,17,3322,EAM0034_S3F1G_V8-AmBic_2-A2_01_4351.mzML,1,1,XP_019210165.1:XP_013130399.2:XP_019210164.1,4-hydroxynonenal (HNE),K10:4-hydroxynonenal (HNE):121.92,PEAKS PTM
NVIRDAVTYTE,67.45,1279.6409,11,2.6,640.8316,37.37,1.4176E7,17,12160,EAM0034_S3F1G_V8-AmBic_2-A2_01_4351.mzML,1,1,XP_025766521.1,,,PEAKS DB
IQ(+.98)T(+114.04)AVR(+14.02)LLLPGELAKHAVSE,67.41,2273.2742,20,1.0,758.7687,52.84,1.7193E6,17,18653,EAM0034_S3F1G_V8-AmBic_2-A2_01_4351.mzML,2,2,XP_003451196.1,Deamidation (NQ); Ubiquitin; Methylation(KR),Q2:Deamidation (NQ):1000.00;T3:Ubiquitin:103.27;R6:Methylation(KR):136.41,PEAKS PTM
N(+43.01)VIRDAVTYTE,66.41,1322.6466,11,1.9,662.3341,53.53,1.3065E6,17,18963,EAM0034_S3F1G_V8-AmBic_2-A2_01_4351.mzML,1,1,XP_025766521.1,Carbamylation,N1:Carbamylation:1000.00,PEAKS PTM
GPSLPKLIVASVTE,64.90,1409.8130,14,0.6,705.9166,57.40,6.5904E5,17,20394,EAM0034_S3F1G_V8-AmBic_2-A2_01_4351.mzML,1,1,XP_005461836.1,,,PEAKS DB
ASRLAHYNKRSTITSRE,64.76,1989.0504,17,2.1,498.2726,9.64,3.9341E5,17,1197,EAM0034_S3F1G_V8-AmBic_2-A2_01_4351.mzML,2,2,XP_003451196.1,,,PEAKS DB
V(+57.02)DPNIQAVRTQE,62.23,1425.7212,12,2.2,713.8719,44.80,0,17,15437,EAM0034_S3F1G_V8-AmBic_2-A2_01_4351.mzML,0,0,|#CONTAM#372466577|ref|NP_001243222.1|:|#CONTAM#4504919|ref|NP_002264.1|:|#CONTAM#372466572|ref|NP_001243211.1|,Carbamidomethylation (DHKE  X@N-term),V1:Carbamidomethylation (DHKE  X@N-term):12.28,PEAKS PTM
GTKAVTKYTSSK,62.20,1269.6929,12,2.9,424.2409,9.33,1.5615E5,17,1073,EAM0034_S3F1G_V8-AmBic_2-A2_01_4351.mzML,3,3,XP_003451196.1,,,PEAKS DB
R(+43.01)VGAGAPVYLAAVLE,61.46,1527.8408,15,0.8,764.9310,68.99,2.2238E5,17,24787,EAM0034_S3F1G_V8-AmBic_2-A2_01_4351.mzML,1,1,XP_013121737.2:XP_003459572.1:XP_003451211.1,Carbamylation,R1:Carbamylation:1000.00,PEAKS PTM
L(+43.01)AKHAVSE,59.38,896.4716,8,2.2,449.2456,19.98,8.5753E5,17,4623,EAM0034_S3F1G_V8-AmBic_2-A2_01_4351.mzML,2,2,XP_003451196.1,Carbamylation,L1:Carbamylation:18.53,PEAKS PTM
I(+57.02)QTAVRLLLPGE,58.18,1365.7980,12,-0.9,683.9080,54.60,4.7875E4,17,19353,EAM0034_S3F1G_V8-AmBic_2-A2_01_4351.mzML,1,1,XP_003451196.1,Carbamidomethylation (DHKE  X@N-term),I1:Carbamidomethylation (DHKE  X@N-term):112.13,PEAKS PTM
LIVK(+57.02)AVAASKE,57.83,1184.7128,11,1.5,593.3666,19.33,1.4755E5,17,4434,EAM0034_S3F1G_V8-AmBic_2-A2_01_4351.mzML,1,1,XP_019210165.1:XP_013130399.2:XP_019210164.1,Carbamidomethylation (DHKE  X@N-term),K4:Carbamidomethylation (DHKE  X@N-term):68.31,PEAKS PTM
VRAQYEDIAQRS(-18.01)K(+31.99)AEAE,56.57,1976.9551,17,7.9,495.2517,22.84,2.8651E6,17,5907,EAM0034_S3F1G_V8-AmBic_2-A2_01_4351.mzML,1,1,|#CONTAM#109148552|ref|NP_476429.2|,Dehydration; Dihydroxy,S12:Dehydration:39.44;K13:Dihydroxy:0.00,PEAKS PTM
DIANRSRAEAE,55.06,1230.5952,11,3.3,616.3090,16.56,8.7961E5,17,2948,EAM0034_S3F1G_V8-AmBic_2-A2_01_4351.mzML,3,3,|#CONTAM#372466577|ref|NP_001243222.1|:|#CONTAM#4504919|ref|NP_002264.1|:|#CONTAM#372466572|ref|NP_001243211.1|,,,PEAKS DB
L(+43.01)IVKAVAASK(+156.12)E,53.47,1326.8123,11,-6.5,443.2767,39.11,1.7065E5,17,12988,EAM0034_S3F1G_V8-AmBic_2-A2_01_4351.mzML,1,1,XP_019210165.1:XP_013130399.2:XP_019210164.1,Carbamylation; 4-hydroxynonenal (HNE),L1:Carbamylation:68.31;K10:4-hydroxynonenal (HNE):90.32,PEAKS PTM
N(+57.02)VIRDAVTYTE,52.05,1336.6622,11,3.4,669.3430,42.46,1.2543E6,17,14381,EAM0034_S3F1G_V8-AmBic_2-A2_01_4351.mzML,1,1,XP_025766521.1,Carbamidomethylation (DHKE  X@N-term),N1:Carbamidomethylation (DHKE  X@N-term):14.19,PEAKS PTM
IAQDFKTDLRFQSSAVMALQE,50.77,2397.1997,21,0.7,800.0771,68.26,4.013E6,17,24459,EAM0034_S3F1G_V8-AmBic_2-A2_01_4351.mzML,2,2,XP_005463512.2,,,PEAKS DB
T(+57.02)RGVLKVFLE,50.71,1217.7131,10,4.2,406.9148,42.88,1.0901E5,17,14588,EAM0034_S3F1G_V8-AmBic_2-A2_01_4351.mzML,1,1,XP_025766521.1,Carbamidomethylation (DHKE  X@N-term),T1:Carbamidomethylation (DHKE  X@N-term):38.32,PEAKS PTM
IATYRKLLE,50.20,1105.6495,9,2.7,553.8354,27.80,6.1355E5,17,8049,EAM0034_S3F1G_V8-AmBic_2-A2_01_4351.mzML,2,2,|#CONTAM#372466577|ref|NP_001243222.1|:|#CONTAM#4504919|ref|NP_002264.1|:|#CONTAM#372466572|ref|NP_001243211.1|:|#CONTAM#109148552|ref|NP_476429.2|:|#CONTAM#1034578055|ref|XP_016874325.1|:|#CONTAM#1034578051|ref|XP_016874323.1|:|#CONTAM#226246663|ref|NP_001139697.1|:|#CONTAM#28372503|ref|NP_542785.1|:|#CONTAM#1034578053|ref|XP_016874324.1|:|#CONTAM#1034578049|ref|XP_016874322.1|:|#CONTAM#226246665|ref|NP_001139698.1|,,,PEAKS DB
TRGVLKVFLE,48.91,1160.6917,10,2.7,387.9069,40.22,6.9599E6,17,13386,EAM0034_S3F1G_V8-AmBic_2-A2_01_4351.mzML,2,2,XP_025766521.1,,,PEAKS DB
LN(+.98)KLLGGVTIAQGGVLPNIQAVLLPKKTE,48.41,2984.7637,29,1.3,747.2017,67.05,4.8542E4,17,23983,EAM0034_S3F1G_V8-AmBic_2-A2_01_4351.mzML,1,1,XP_013121737.2:XP_003459572.1:XP_003451211.1,Deamidation (NQ),N2:Deamidation (NQ):23.97,PEAKS PTM
AYMNKVELE,45.57,1095.5270,9,0.7,548.7731,31.71,1.8949E5,17,9771,EAM0034_S3F1G_V8-AmBic_2-A2_01_4351.mzML,1,1,|#CONTAM#372466577|ref|NP_001243222.1|:|#CONTAM#4504919|ref|NP_002264.1|:|#CONTAM#372466572|ref|NP_001243211.1|,,,PEAKS DB
KVTMQNLNDRLASYLE,45.14,1893.9618,16,1.2,947.9926,50.49,2.8984E5,17,17698,EAM0034_S3F1G_V8-AmBic_2-A2_01_4351.mzML,2,2,|#CONTAM#153945736|ref|NP_853515.2|,,,PEAKS DB
Y(+57.02)LTAEILE,44.83,1007.5175,8,-1.2,1008.5270,56.32,4.942E5,17,19932,EAM0034_S3F1G_V8-AmBic_2-A2_01_4351.mzML,1,1,XP_013121737.2:XP_003459572.1:XP_003451211.1,Carbamidomethylation (DHKE  X@N-term),Y1:Carbamidomethylation (DHKE  X@N-term):33.81,PEAKS PTM
RKGVSLAALK(+57.02)KALAAGGYDVE,44.75,2173.2219,21,2.0,544.3157,44.59,3.7987E5,17,15482,EAM0034_S3F1G_V8-AmBic_2-A2_01_4351.mzML,1,1,XP_003459589.1,Carbamidomethylation (DHKE  X@N-term),K10:Carbamidomethylation (DHKE  X@N-term):9.34,PEAKS PTM
VAPAAAPAPATE,44.25,1064.5502,12,2.2,533.2854,22.71,7.9718E5,17,6030,EAM0034_S3F1G_V8-AmBic_2-A2_01_4351.mzML,1,1,XP_003448795.2,,,PEAKS DB
VKAQYEDIANRSR(+14.02)AEAE,42.16,1962.9758,17,3.7,491.7548,26.21,1.431E6,17,7258,EAM0034_S3F1G_V8-AmBic_2-A2_01_4351.mzML,1,1,|#CONTAM#372466577|ref|NP_001243222.1|:|#CONTAM#4504919|ref|NP_002264.1|:|#CONTAM#372466572|ref|NP_001243211.1|,Methylation(KR),R13:Methylation(KR):0.00,PEAKS PTM
ETRGVLKVFLE,42.03,1289.7343,11,1.5,645.8776,44.87,1.2882E6,17,15450,EAM0034_S3F1G_V8-AmBic_2-A2_01_4351.mzML,2,2,XP_025766521.1,,,PEAKS DB
LNQLLKGVTIAAGGVLPNIHPE,41.49,2253.2844,22,-0.6,752.1042,61.01,3.7482E4,17,21780,EAM0034_S3F1G_V8-AmBic_2-A2_01_4351.mzML,1,1,XP_003451493.1:XP_005456204.1:XP_013130601.1:XP_013130603.1:XP_013130602.1,,,PEAKS DB
LIVKAVAASK(+57.02)E,40.80,1184.7128,11,2.5,395.9139,19.33,2.3601E5,17,4358,EAM0034_S3F1G_V8-AmBic_2-A2_01_4351.mzML,1,1,XP_019210165.1:XP_013130399.2:XP_019210164.1,Carbamidomethylation (DHKE  X@N-term),K10:Carbamidomethylation (DHKE  X@N-term):0.00,PEAKS PTM
IAQDFKTDLRFQSSAVM(+15.99)ALQE,40.65,2413.1948,21,1.3,805.4094,50.70,1.2E6,17,17780,EAM0034_S3F1G_V8-AmBic_2-A2_01_4351.mzML,1,1,XP_005463512.2,Oxidation (M),M17:Oxidation (M):1000.00,PEAKS PTM
ASRLAHYNK(+57.02)RSTITSRE,40.53,2046.0719,17,2.4,512.5283,16.23,4.7055E4,17,2790,EAM0034_S3F1G_V8-AmBic_2-A2_01_4351.mzML,1,1,XP_003451196.1,Carbamidomethylation (DHKE  X@N-term),K9:Carbamidomethylation (DHKE  X@N-term):18.45,PEAKS PTM
NVIRDAVTYTE(+57.02),39.89,1336.6622,11,2.5,669.3424,37.36,0,17,12258,EAM0034_S3F1G_V8-AmBic_2-A2_01_4351.mzML,0,0,XP_025766521.1,Carbamidomethylation (DHKE  X@N-term),E11:Carbamidomethylation (DHKE  X@N-term):73.05,PEAKS PTM
G(+57.02)PSLPKLIVASVTE,37.13,1466.8344,14,-0.2,734.4268,57.50,7.1645E4,17,20446,EAM0034_S3F1G_V8-AmBic_2-A2_01_4351.mzML,1,1,XP_005461836.1,Carbamidomethylation (DHKE  X@N-term),G1:Carbamidomethylation (DHKE  X@N-term):17.91,PEAKS PTM
FVVLK(+14.02)KDVDAAYMNKVE,36.97,1982.0547,17,1.9,661.6957,40.91,1.4555E5,17,13768,EAM0034_S3F1G_V8-AmBic_2-A2_01_4351.mzML,2,2,|#CONTAM#1034578055|ref|XP_016874325.1|:|#CONTAM#1034578051|ref|XP_016874323.1|:|#CONTAM#226246663|ref|NP_001139697.1|:|#CONTAM#28372503|ref|NP_542785.1|:|#CONTAM#1034578053|ref|XP_016874324.1|:|#CONTAM#1034578049|ref|XP_016874322.1|:|#CONTAM#226246665|ref|NP_001139698.1|,Methylation(KR),K5:Methylation(KR):14.02,PEAKS PTM
LALRQSVE,36.04,914.5185,8,1.6,458.2689,22.39,3.2753E5,17,5714,EAM0034_S3F1G_V8-AmBic_2-A2_01_4351.mzML,1,1,|#CONTAM#131412228|ref|NP_002265.2|:|#CONTAM#131412225|ref|NP_705694.2|,,,PEAKS DB
LIVKAVKE,35.85,898.5851,8,3.3,450.3029,18.17,8.6558E5,17,3860,EAM0034_S3F1G_V8-AmBic_2-A2_01_4351.mzML,1,1,XP_003448795.2,,,PEAKS DB
VKAQYEDIANR(+14.02)SRAEAE,35.85,1962.9758,17,2.1,655.3362,26.22,1.5295E6,17,7273,EAM0034_S3F1G_V8-AmBic_2-A2_01_4351.mzML,1,1,|#CONTAM#372466577|ref|NP_001243222.1|:|#CONTAM#4504919|ref|NP_002264.1|:|#CONTAM#372466572|ref|NP_001243211.1|,Methylation(KR),R11:Methylation(KR):6.59,PEAKS PTM
TVLVFKGLQSTE,35.84,1320.7289,12,-1.2,441.2513,39.56,1.1544E5,17,13168,EAM0034_S3F1G_V8-AmBic_2-A2_01_4351.mzML,1,1,,,,PEAKS DB
RGPKK(+71.01)LE,35.82,897.5157,7,-9.7,449.7624,40.50,3.021E5,17,13775,EAM0034_S3F1G_V8-AmBic_2-A2_01_4351.mzML,1,1,,Lactylation,K5:Lactylation:17.01,PEAKS PTM
G(+57.02)PSLPK(+72.02)LIVASVTE,35.70,1538.8555,14,0.2,770.4379,61.26,3.6748E5,17,21824,EAM0034_S3F1G_V8-AmBic_2-A2_01_4351.mzML,1,1,XP_005461836.1,Carbamidomethylation (DHKE  X@N-term); Carboxyethyl,G1:Carbamidomethylation (DHKE  X@N-term):61.26;K6:Carboxyethyl:1000.00,PEAKS PTM
LIVK(+57.02)AVAASK(+156.12)E,35.51,1340.8279,11,-8.1,447.9478,17.17,3.5997E4,17,3332,EAM0034_S3F1G_V8-AmBic_2-A2_01_4351.mzML,1,1,XP_019210165.1:XP_013130399.2:XP_019210164.1,Carbamidomethylation (DHKE  X@N-term); 4-hydroxynonenal (HNE),K4:Carbamidomethylation (DHKE  X@N-term):19.67;K10:4-hydroxynonenal (HNE):68.66,PEAKS PTM
RGPK(+71.01)KLE,35.45,897.5157,7,-9.7,449.7624,40.50,3.021E5,17,13543,EAM0034_S3F1G_V8-AmBic_2-A2_01_4351.mzML,1,1,,Lactylation,K4:Lactylation:0.00,PEAKS PTM
YLTAEILE,35.15,950.4960,8,-1.9,951.5048,55.75,1.8726E5,17,19819,EAM0034_S3F1G_V8-AmBic_2-A2_01_4351.mzML,1,1,XP_013121737.2:XP_003459572.1:XP_003451211.1:XP_003451493.1:XP_005456204.1:XP_013130601.1:XP_013130603.1:XP_013130602.1,,,PEAKS DB
L(+43.01)IVKAVKE,34.27,941.5909,8,1.7,471.8052,37.79,2.1473E5,17,12395,EAM0034_S3F1G_V8-AmBic_2-A2_01_4351.mzML,1,1,XP_003448795.2,Carbamylation,L1:Carbamylation:68.31,PEAKS PTM
LLIRKLPFQRLVRE,34.10,1780.1199,14,3.6,446.0404,38.70,1.2989E5,17,12750,EAM0034_S3F1G_V8-AmBic_2-A2_01_4351.mzML,1,1,XP_005463512.2,,,PEAKS DB
A(+57.02)YLVGLFE,33.73,967.5015,8,2.1,484.7607,68.89,4.1304E4,17,24747,EAM0034_S3F1G_V8-AmBic_2-A2_01_4351.mzML,1,1,XP_005463512.2,Carbamidomethylation (DHKE  X@N-term),A1:Carbamidomethylation (DHKE  X@N-term):50.34,PEAKS PTM
GTKAVTK(+43.01)YTSSK,32.72,1312.6986,12,1.9,657.3601,16.70,1.8114E5,17,2996,EAM0034_S3F1G_V8-AmBic_2-A2_01_4351.mzML,1,1,XP_003451196.1,Carbamylation,K7:Carbamylation:14.62,PEAKS PTM
LALKDARAKLVDLEE,32.66,1682.9567,15,-8.1,421.7445,35.59,1.3537E6,17,11426,EAM0034_S3F1G_V8-AmBic_2-A2_01_4351.mzML,1,1,,,,PEAKS DB
LGILAMAWAIKE,32.48,1314.7369,12,6.4,658.3822,60.37,1.1431E6,17,21532,EAM0034_S3F1G_V8-AmBic_2-A2_01_4351.mzML,1,1,,,,PEAKS DB
ITTSLGKE,32.13,847.4651,8,-8.1,424.7379,34.68,1.9644E5,17,11441,EAM0034_S3F1G_V8-AmBic_2-A2_01_4351.mzML,1,1,,,,PEAKS DB
N(+.98)VIRDAVTYTE,31.97,1280.6249,11,3.4,641.3241,50.91,2.5944E5,17,18100,EAM0034_S3F1G_V8-AmBic_2-A2_01_4351.mzML,1,1,XP_025766521.1,Deamidation (NQ),N1:Deamidation (NQ):1000.00,PEAKS PTM
VIGIHWGGVPNEFNGAVFINE,31.39,2268.1328,21,0.1,1135.0778,68.54,3.4722E5,17,24537,EAM0034_S3F1G_V8-AmBic_2-A2_01_4351.mzML,2,2,,,,PEAKS DB
T(+43.01)RGVLKVFLE,31.21,1203.6975,10,0.4,602.8583,55.80,8.7387E5,17,19799,EAM0034_S3F1G_V8-AmBic_2-A2_01_4351.mzML,1,1,XP_025766521.1,Carbamylation,T1:Carbamylation:46.62,PEAKS PTM
AYMNKVE,31.01,853.4004,7,3.4,427.7104,18.20,5.1276E4,17,3849,EAM0034_S3F1G_V8-AmBic_2-A2_01_4351.mzML,1,1,|#CONTAM#372466577|ref|NP_001243222.1|:|#CONTAM#4504919|ref|NP_002264.1|:|#CONTAM#372466572|ref|NP_001243211.1|,,,PEAKS DB
T(+79.97)IVGGVE,30.73,753.3310,7,8.2,754.3470,41.51,1.3415E5,17,14125,EAM0034_S3F1G_V8-AmBic_2-A2_01_4351.mzML,1,1,,Phosphorylation (STY),T1:Phosphorylation (STY):1000.00,PEAKS PTM
AAIADAE,30.73,659.3126,7,9.2,660.3282,44.99,0,17,15511,EAM0034_S3F1G_V8-AmBic_2-A2_01_4351.mzML,0,0,|#CONTAM#372466577|ref|NP_001243222.1|:|#CONTAM#4504919|ref|NP_002264.1|:|#CONTAM#372466572|ref|NP_001243211.1|,,,PEAKS DB
L(+57.02)IVKAVKE,30.59,955.6066,8,0.1,478.8123,19.15,7.9089E4,17,4284,EAM0034_S3F1G_V8-AmBic_2-A2_01_4351.mzML,1,1,XP_003448795.2,Carbamidomethylation (DHKE  X@N-term),L1:Carbamidomethylation (DHKE  X@N-term):49.37,PEAKS PTM
NVIR(+.98)DAVTYTE,30.55,1280.6249,11,3.4,641.3241,50.91,2.5944E5,17,17844,EAM0034_S3F1G_V8-AmBic_2-A2_01_4351.mzML,1,1,XP_025766521.1,Citrullination,R4:Citrullination:1000.00,PEAKS PTM
ARLKSK(+42.01)INLE,30.33,1212.7190,10,1.7,607.3699,28.98,3.259E5,17,8552,EAM0034_S3F1G_V8-AmBic_2-A2_01_4351.mzML,1,1,,Acetylation (K),K6:Acetylation (K):8.18,PEAKS PTM
FVALK(+14.02)K(+28.03)DVDAAYMNKVELE,29.51,2224.1812,19,-2.8,742.4015,47.52,0,17,16542,EAM0034_S3F1G_V8-AmBic_2-A2_01_4351.mzML,0,0,,Methylation(KR); Dimethylation(KR),K5:Methylation(KR):0.00;K6:Dimethylation(KR):0.00,PEAKS PTM
DIANRSR(+14.02)AEAE,29.39,1244.6108,11,1.7,623.3159,17.03,3.4624E5,17,3237,EAM0034_S3F1G_V8-AmBic_2-A2_01_4351.mzML,1,1,|#CONTAM#372466577|ref|NP_001243222.1|:|#CONTAM#4504919|ref|NP_002264.1|:|#CONTAM#372466572|ref|NP_001243211.1|,Methylation(KR),R7:Methylation(KR):27.16,PEAKS PTM
YSKQTRLSPDE,29.34,1322.6466,11,9.7,662.3393,25.14,0,17,6928,EAM0034_S3F1G_V8-AmBic_2-A2_01_4351.mzML,0,0,,,,PEAKS DB
AKPGDRHESILQE,29.22,1478.7477,13,4.7,740.3871,46.65,4.8923E5,17,16121,EAM0034_S3F1G_V8-AmBic_2-A2_01_4351.mzML,1,1,,,,PEAKS DB
RGALDAE,28.73,730.3610,7,9.3,731.3776,45.50,2.0515E5,17,15920,EAM0034_S3F1G_V8-AmBic_2-A2_01_4351.mzML,1,1,,,,PEAKS DB
TSSVAIE,27.33,705.3545,7,6.5,706.3688,42.49,0,17,14449,EAM0034_S3F1G_V8-AmBic_2-A2_01_4351.mzML,0,0,,,,PEAKS DB
NALPVTDGRGALIE,26.43,1424.7623,14,2.7,713.3928,33.61,0,17,10641,EAM0034_S3F1G_V8-AmBic_2-A2_01_4351.mzML,0,0,,,,PEAKS DB
TRGVLK(+57.02)VFLE,26.23,1217.7131,10,1.6,609.8669,40.32,4.8009E5,17,13527,EAM0034_S3F1G_V8-AmBic_2-A2_01_4351.mzML,2,2,XP_025766521.1,Carbamidomethylation (DHKE  X@N-term),K6:Carbamidomethylation (DHKE  X@N-term):23.70,PEAKS PTM
RK(+57.02)GVSLAALKKALAAGGYDVE,26.21,2173.2219,21,0.7,725.4176,44.45,9.2363E4,17,15291,EAM0034_S3F1G_V8-AmBic_2-A2_01_4351.mzML,1,1,XP_003459589.1,Carbamidomethylation (DHKE  X@N-term),K2:Carbamidomethylation (DHKE  X@N-term):0.00,PEAKS PTM
LFAAGGE,26.14,663.3228,7,1.8,664.3335,53.30,0,17,18873,EAM0034_S3F1G_V8-AmBic_2-A2_01_4351.mzML,0,0,,,,PEAKS DB
INSLQCQLGE,25.58,1103.5281,10,4.5,1104.5442,41.47,2.2341E5,17,13954,EAM0034_S3F1G_V8-AmBic_2-A2_01_4351.mzML,1,1,,,,PEAKS DB
VTDLRRTLQGLEIE,25.55,1641.9049,14,3.8,548.3129,51.25,4.6068E5,17,18008,EAM0034_S3F1G_V8-AmBic_2-A2_01_4351.mzML,1,1,,,,PEAKS DB
AYLVGLFE,25.42,910.4800,8,2.2,456.2498,68.54,4.7984E4,17,24553,EAM0034_S3F1G_V8-AmBic_2-A2_01_4351.mzML,1,1,XP_005463512.2,,,PEAKS DB
ELKQQVDE,25.14,987.4872,8,2.2,494.7537,20.06,1.0309E6,17,4672,EAM0034_S3F1G_V8-AmBic_2-A2_01_4351.mzML,1,1,,,,PEAKS DB
GISVVAQQFHE,25.13,1213.6091,11,0.0,405.5451,40.19,7.2863E4,17,13463,EAM0034_S3F1G_V8-AmBic_2-A2_01_4351.mzML,1,1,,,,PEAKS DB
LNKLLGGVTIAQGGVLPNIQAVLLPK(+226.08)KTEKAK(-.98),24.83,3536.1003,32,-6.3,1179.7041,68.57,5.3901E4,17,24584,EAM0034_S3F1G_V8-AmBic_2-A2_01_4351.mzML,1,1,XP_013121737.2:XP_003459572.1,Biotinylation; Amidation,K26:Biotinylation:0.00;K32:Amidation:1000.00,PEAKS PTM
TVKQQIE,24.17,844.4654,7,0.2,423.2415,32.12,5.0231E5,17,9960,EAM0034_S3F1G_V8-AmBic_2-A2_01_4351.mzML,2,2,,,,PEAKS DB
CDGRQHISQKKLE,23.89,1540.7780,13,-0.2,514.6016,24.21,1.5429E5,17,6638,EAM0034_S3F1G_V8-AmBic_2-A2_01_4351.mzML,1,1,,,,PEAKS DB
ESQVGQQLLTTSFVLLSVSE,23.81,2164.1262,20,4.9,542.0433,23.54,1.0615E6,17,6395,EAM0034_S3F1G_V8-AmBic_2-A2_01_4351.mzML,1,1,,,,PEAKS DB
IAQDFKTDLRFQSSAVMALQEASE,23.78,2684.3115,24,1.1,895.7819,58.68,0,17,20954,EAM0034_S3F1G_V8-AmBic_2-A2_01_4351.mzML,0,0,XP_005463512.2,,,PEAKS DB
IQ(+.98)T(+114.04)AVR(+14.02)LLLPGE(+57.02)LAKHAVSE,23.66,2330.2957,20,0.1,777.7753,52.81,6.6155E4,17,18661,EAM0034_S3F1G_V8-AmBic_2-A2_01_4351.mzML,1,1,XP_003451196.1,Deamidation (NQ); Ubiquitin; Methylation(KR); Carbamidomethylation (DHKE  X@N-term),Q2:Deamidation (NQ):1000.00;T3:Ubiquitin:49.63;R6:Methylation(KR):56.78;E12:Carbamidomethylation (DHKE  X@N-term):0.00,PEAKS PTM
T(+79.97)RGVLKVFLE(+57.02)NVIRDAVTYTE,23.51,2559.3098,21,-8.4,854.1063,37.35,9.2161E4,17,12217,EAM0034_S3F1G_V8-AmBic_2-A2_01_4351.mzML,1,1,XP_025766521.1,Phosphorylation (STY); Carbamidomethylation (DHKE  X@N-term),T1:Phosphorylation (STY):28.99;E10:Carbamidomethylation (DHKE  X@N-term):4.84,PEAKS PTM
VSTRINE,23.28,817.4294,7,2.5,409.7244,40.47,0,17,13604,EAM0034_S3F1G_V8-AmBic_2-A2_01_4351.mzML,0,0,,,,PEAKS DB
WSVKYENKE,23.21,1181.5717,9,0.2,591.7953,37.75,1.603E5,17,12366,EAM0034_S3F1G_V8-AmBic_2-A2_01_4351.mzML,1,1,,,,PEAKS DB
F(+57.02)VVLKKDVDAAYMNKVE,22.94,2025.0604,17,2.7,676.0316,58.92,5.6164E4,17,21023,EAM0034_S3F1G_V8-AmBic_2-A2_01_4351.mzML,1,1,|#CONTAM#1034578055|ref|XP_016874325.1|:|#CONTAM#1034578051|ref|XP_016874323.1|:|#CONTAM#226246663|ref|NP_001139697.1|:|#CONTAM#28372503|ref|NP_542785.1|:|#CONTAM#1034578053|ref|XP_016874324.1|:|#CONTAM#1034578049|ref|XP_016874322.1|:|#CONTAM#226246665|ref|NP_001139698.1|,Carbamidomethylation (DHKE  X@N-term),F1:Carbamidomethylation (DHKE  X@N-term):0.00,PEAKS PTM
V(+57.02)DPNIQAVR(+28.03)TQE,22.78,1453.7524,12,2.6,727.8879,48.72,1.9723E5,17,17096,EAM0034_S3F1G_V8-AmBic_2-A2_01_4351.mzML,1,1,|#CONTAM#372466577|ref|NP_001243222.1|:|#CONTAM#4504919|ref|NP_002264.1|:|#CONTAM#372466572|ref|NP_001243211.1|,Carbamidomethylation (DHKE  X@N-term); Dimethylation(KR),V1:Carbamidomethylation (DHKE  X@N-term):17.01;R9:Dimethylation(KR):1000.00,PEAKS PTM
TNAEALVQE,22.77,973.4716,9,5.1,974.4872,62.68,0,17,22468,EAM0034_S3F1G_V8-AmBic_2-A2_01_4351.mzML,0,0,,,,PEAKS DB
ILVGGGLIE,22.72,869.5222,9,-1.5,435.7693,34.87,0,17,11192,EAM0034_S3F1G_V8-AmBic_2-A2_01_4351.mzML,0,0,,,,PEAKS DB
ENIKSVQE,22.64,945.4767,8,-2.8,946.4846,61.55,1.2963E5,17,22239,EAM0034_S3F1G_V8-AmBic_2-A2_01_4351.mzML,1,1,,,,PEAKS DB
IQAKAEPKEE,22.47,1141.5979,10,4.6,571.8109,23.54,1.3286E5,17,6353,EAM0034_S3F1G_V8-AmBic_2-A2_01_4351.mzML,1,1,,,,PEAKS DB
T(+57.02)R(+.98)GVLKVFLE,22.39,1218.6971,10,-0.3,610.3578,50.21,1.1418E5,17,17592,EAM0034_S3F1G_V8-AmBic_2-A2_01_4351.mzML,1,1,XP_025766521.1,Carbamidomethylation (DHKE  X@N-term); Citrullination,T1:Carbamidomethylation (DHKE  X@N-term):7.26;R2:Citrullination:1000.00,PEAKS PTM
VKAQYELIAQRSRAEAE,22.36,1961.0330,17,-9.0,491.2628,26.65,0,17,7560,EAM0034_S3F1G_V8-AmBic_2-A2_01_4351.mzML,0,0,,,,PEAKS DB
NSQLVAE,22.25,759.3763,7,2.3,760.3879,25.79,1.1452E5,17,7138,EAM0034_S3F1G_V8-AmBic_2-A2_01_4351.mzML,1,1,,,,PEAKS DB
NSIQLVCSLQVTE,21.94,1432.7231,13,1.9,717.3727,34.86,9.773E5,17,12140,EAM0034_S3F1G_V8-AmBic_2-A2_01_4351.mzML,1,1,,,,PEAKS DB
IQTAVR(+14.02)LLLPGELAK(+31.99)HAVSE,21.78,2190.2371,20,-1.8,731.0875,42.25,6.526E4,17,14324,EAM0034_S3F1G_V8-AmBic_2-A2_01_4351.mzML,1,1,XP_003451196.1,Methylation(KR); Dihydroxy,R6:Methylation(KR):3.04;K15:Dihydroxy:3.04,PEAKS PTM
VHDVAPRLE,21.46,1034.5509,9,4.1,518.2866,26.24,0,17,7391,EAM0034_S3F1G_V8-AmBic_2-A2_01_4351.mzML,0,0,,,,PEAKS DB
SAASKAAGLK(+28.03)LE,21.16,1172.6764,12,3.3,391.9020,17.56,4.3309E6,17,3814,EAM0034_S3F1G_V8-AmBic_2-A2_01_4351.mzML,1,1,,Dimethylation(KR),K10:Dimethylation(KR):32.16,PEAKS PTM
AVVSVGYE,21.08,822.4123,8,0.8,823.4231,36.68,0,17,11971,EAM0034_S3F1G_V8-AmBic_2-A2_01_4351.mzML,0,0,,,,PEAKS DB
LKLIWDSLE,21.06,1115.6227,9,-8.4,558.8159,34.01,6.3602E5,17,10818,EAM0034_S3F1G_V8-AmBic_2-A2_01_4351.mzML,1,1,,,,PEAKS DB
I(+43.01)RRYQKSTE,20.96,1222.6418,9,3.6,408.5574,16.89,0,17,3170,EAM0034_S3F1G_V8-AmBic_2-A2_01_4351.mzML,0,0,XP_005463512.2,Carbamylation,I1:Carbamylation:13.97,PEAKS PTM
AEKGVRNDAELLE,20.87,1442.7365,13,6.8,722.3829,22.22,5.0797E4,17,5606,EAM0034_S3F1G_V8-AmBic_2-A2_01_4351.mzML,1,1,,,,PEAKS DB
VRDNLDQGDRKPEDE,20.80,1784.8289,15,-2.2,893.4229,37.84,0,17,12464,EAM0034_S3F1G_V8-AmBic_2-A2_01_4351.mzML,0,0,,,,PEAKS DB
IDPNAQRVKKDE,20.73,1411.7419,12,-6.1,706.8764,36.16,2.1083E5,17,11660,EAM0034_S3F1G_V8-AmBic_2-A2_01_4351.mzML,1,1,,,,PEAKS DB
LNKLLGGVTIAQGGVLPNIQAVLLPKKTEK(+226.08)AK(-.98),20.65,3536.1003,32,-6.3,1179.7041,68.57,5.3901E4,17,24599,EAM0034_S3F1G_V8-AmBic_2-A2_01_4351.mzML,1,1,XP_013121737.2:XP_003459572.1,Biotinylation; Amidation,K30:Biotinylation:0.00;K32:Amidation:1000.00,PEAKS PTM
IELQSQLSMKAGLE,20.47,1545.8073,14,5.3,516.2809,35.01,0,17,11254,EAM0034_S3F1G_V8-AmBic_2-A2_01_4351.mzML,0,0,|#CONTAM#131412228|ref|NP_002265.2|:|#CONTAM#131412225|ref|NP_705694.2|,,,PEAKS DB
IAQDFKTDLRFQSSAVM(+15.99)ALQ(+.98)E,20.46,2414.1787,21,8.7,805.7433,50.46,0,17,17740,EAM0034_S3F1G_V8-AmBic_2-A2_01_4351.mzML,0,0,XP_005463512.2,Oxidation (M); Deamidation (NQ),M17:Oxidation (M):1000.00;Q20:Deamidation (NQ):28.99,PEAKS PTM
VKALIAE,20.45,742.4589,7,3.6,372.2393,23.86,1.401E6,17,6545,EAM0034_S3F1G_V8-AmBic_2-A2_01_4351.mzML,1,1,,,,PEAKS DB
WYLKLTHTE,20.32,1189.6132,9,2.0,397.5471,23.58,4.8185E4,17,6223,EAM0034_S3F1G_V8-AmBic_2-A2_01_4351.mzML,1,1,,,,PEAKS DB
GFGLS(-18.01)AGITIPDTE,20.19,1358.6718,14,8.8,680.3515,31.88,0,17,9888,EAM0034_S3F1G_V8-AmBic_2-A2_01_4351.mzML,0,0,,Dehydration,S5:Dehydration:12.42,PEAKS PTM
SYSTAPLTRK(+72.02)E,19.92,1323.6670,11,7.4,662.8480,38.69,6.949E5,17,12494,EAM0034_S3F1G_V8-AmBic_2-A2_01_4351.mzML,1,1,,Carboxyethyl,K10:Carboxyethyl:1000.00,PEAKS PTM
TIKVAREPLNVLE,19.84,1480.8613,13,-6.4,494.6263,21.36,7.1351E5,17,5514,EAM0034_S3F1G_V8-AmBic_2-A2_01_4351.mzML,1,1,,,,PEAKS DB
LVQSGKSE,19.74,846.4447,8,-7.8,424.2278,29.23,6.9877E5,17,8601,EAM0034_S3F1G_V8-AmBic_2-A2_01_4351.mzML,2,2,,,,PEAKS DB
IQLETLSE,19.71,931.4862,8,2.8,466.7533,22.96,3.3633E5,17,5954,EAM0034_S3F1G_V8-AmBic_2-A2_01_4351.mzML,1,1,|#CONTAM#153945736|ref|NP_853515.2|,,,PEAKS DB
DNIAIGLANHKSEDKLE,19.68,1865.9482,17,-6.0,622.9885,47.65,8.0241E5,17,16500,EAM0034_S3F1G_V8-AmBic_2-A2_01_4351.mzML,1,1,,,,PEAKS DB
ELQITAGRHGDSVRNSKIE,19.67,2109.0925,19,-3.9,704.0378,56.10,0,17,19951,EAM0034_S3F1G_V8-AmBic_2-A2_01_4351.mzML,0,0,,,,PEAKS DB
GQLAT(+79.97)K(+72.02)PVADNELSLAE,19.52,1906.8925,17,6.1,636.6442,24.74,3.2796E6,17,6647,EAM0034_S3F1G_V8-AmBic_2-A2_01_4351.mzML,1,1,,Phosphorylation (STY); Carboxyethyl,T5:Phosphorylation (STY):50.04;K6:Carboxyethyl:1000.00,PEAKS PTM
EEQLLRE,19.45,915.4661,7,3.0,458.7433,18.94,3.6759E5,17,4238,EAM0034_S3F1G_V8-AmBic_2-A2_01_4351.mzML,1,1,,,,PEAKS DB
QAVSGIE,19.43,702.3548,7,-8.5,703.3585,43.93,2.946E5,17,15236,EAM0034_S3F1G_V8-AmBic_2-A2_01_4351.mzML,1,1,,,,PEAKS DB
CLVGGLSGKGE,19.35,1018.5117,11,6.7,1019.5294,67.46,2.3151E5,17,24144,EAM0034_S3F1G_V8-AmBic_2-A2_01_4351.mzML,1,1,,,,PEAKS DB
KGPRYLMPRPNT,19.22,1428.7660,12,3.5,715.3953,43.91,0,17,15064,EAM0034_S3F1G_V8-AmBic_2-A2_01_4351.mzML,0,0,,,,PEAKS DB
MILDKVVTE,19.12,1046.5681,9,-2.0,524.2921,36.83,0,17,12035,EAM0034_S3F1G_V8-AmBic_2-A2_01_4351.mzML,0,0,,,,PEAKS DB
NHLGPSISLE,19.11,1065.5454,10,8.5,533.7864,25.16,0,17,6939,EAM0034_S3F1G_V8-AmBic_2-A2_01_4351.mzML,0,0,,,,PEAKS DB
LMNVK(+57.02)LALDIE,19.08,1314.7217,11,-2.7,658.3687,29.44,4.5118E5,17,8969,EAM0034_S3F1G_V8-AmBic_2-A2_01_4351.mzML,1,1,|#CONTAM#372466577|ref|NP_001243222.1|:|#CONTAM#4504919|ref|NP_002264.1|:|#CONTAM#372466572|ref|NP_001243211.1|,Carbamidomethylation (DHKE  X@N-term),K5:Carbamidomethylation (DHKE  X@N-term):8.87,PEAKS PTM
SARAISVSHSGLLFIAE,18.87,1756.9471,17,1.9,440.2464,28.03,0,17,8167,EAM0034_S3F1G_V8-AmBic_2-A2_01_4351.mzML,0,0,,,,PEAKS DB
MALKDANAKLQE,18.87,1330.6914,12,6.8,666.3598,49.32,0,17,17277,EAM0034_S3F1G_V8-AmBic_2-A2_01_4351.mzML,0,0,|#CONTAM#109148552|ref|NP_476429.2|,,,PEAKS DB
SWYQTK(+28.03)YEE(-.98),18.80,1259.5823,9,3.8,420.8711,21.25,1.6618E6,17,5288,EAM0034_S3F1G_V8-AmBic_2-A2_01_4351.mzML,1,1,,Dimethylation(KR); Amidation,K6:Dimethylation(KR):1000.00;E9:Amidation:1000.00,PEAKS PTM
EGYLSPCPSE,18.76,1080.4434,10,5.7,541.2339,19.69,1.4191E5,17,4592,EAM0034_S3F1G_V8-AmBic_2-A2_01_4351.mzML,1,1,,,,PEAKS DB
NQSDVILQAKAE,18.73,1314.6779,12,8.4,658.3540,40.85,0,17,13771,EAM0034_S3F1G_V8-AmBic_2-A2_01_4351.mzML,0,0,,,,PEAKS DB
NNYISVVGAE,18.70,1064.5138,10,6.6,533.2695,28.17,1.3296E6,17,8650,EAM0034_S3F1G_V8-AmBic_2-A2_01_4351.mzML,1,1,,,,PEAKS DB
QQTISSLE,18.66,904.4502,8,4.1,905.4643,44.58,0,17,15345,EAM0034_S3F1G_V8-AmBic_2-A2_01_4351.mzML,0,0,,,,PEAKS DB
TK(+15.99)WALLQE,18.59,1003.5338,8,2.9,502.7774,43.05,9.2809E5,17,14616,EAM0034_S3F1G_V8-AmBic_2-A2_01_4351.mzML,1,1,,Oxidation or Hydroxylation,K2:Oxidation or Hydroxylation:1000.00,PEAKS PTM
I(+43.01)GNVKKQRASLE,18.44,1384.7786,12,7.8,462.6053,31.42,0,17,9684,EAM0034_S3F1G_V8-AmBic_2-A2_01_4351.mzML,0,0,,Carbamylation,I1:Carbamylation:0.00,PEAKS PTM
NVCVAK(+42.01)E,18.31,803.3847,7,7.8,804.4011,50.20,0,17,17634,EAM0034_S3F1G_V8-AmBic_2-A2_01_4351.mzML,0,0,,Acetylation (K),K6:Acetylation (K):1000.00,PEAKS PTM
SVKGLEAAGNEVLGGAE,18.30,1599.8103,17,-3.1,534.2776,33.67,0,17,10667,EAM0034_S3F1G_V8-AmBic_2-A2_01_4351.mzML,0,0,,,,PEAKS DB
S(+114.04)AASKAAGLKLE,18.25,1258.6881,12,1.2,630.3542,38.01,0,17,12536,EAM0034_S3F1G_V8-AmBic_2-A2_01_4351.mzML,0,0,,Ubiquitin,S1:Ubiquitin:0.00,PEAKS PTM
IATYRRLLE,18.19,1133.6556,9,-5.1,567.8342,60.09,2.0553E4,17,21470,EAM0034_S3F1G_V8-AmBic_2-A2_01_4351.mzML,1,1,,,,PEAKS DB
TRNRQLE,18.01,915.4886,7,1.9,916.5008,65.47,1.6223E5,17,23537,EAM0034_S3F1G_V8-AmBic_2-A2_01_4351.mzML,1,1,,,,PEAKS DB
RAADEPGGKE,18.00,1028.4886,10,8.7,515.2579,31.09,0,17,9540,EAM0034_S3F1G_V8-AmBic_2-A2_01_4351.mzML,0,0,,,,PEAKS DB
LTYELNALQLE,17.97,1305.6816,11,-2.2,653.8489,24.21,5.3665E4,17,6436,EAM0034_S3F1G_V8-AmBic_2-A2_01_4351.mzML,1,1,,,,PEAKS DB
IQ(+.98)T(+114.04)AVR(+14.02)LLLPGE,17.92,1437.8191,12,2.6,480.2832,58.19,8.8831E4,17,20701,EAM0034_S3F1G_V8-AmBic_2-A2_01_4351.mzML,1,1,XP_003451196.1,Deamidation (NQ); Ubiquitin; Methylation(KR),Q2:Deamidation (NQ):1000.00;T3:Ubiquitin:1000.00;R6:Methylation(KR):1000.00,PEAKS PTM
IN(+.98)KRTTAENEFVVLKKE,17.85,2019.1000,17,-10.0,674.0362,9.72,1.9382E5,17,1251,EAM0034_S3F1G_V8-AmBic_2-A2_01_4351.mzML,1,1,,Deamidation (NQ),N2:Deamidation (NQ):51.59,PEAKS PTM
AEKNSK(+31.99)ILE,17.85,1062.5557,9,-0.9,532.2865,34.48,0,17,11018,EAM0034_S3F1G_V8-AmBic_2-A2_01_4351.mzML,0,0,,Dihydroxy,K6:Dihydroxy:26.52,PEAKS PTM
LTISCVAE,17.83,834.4157,8,1.9,835.4275,53.80,1.7821E5,17,19782,EAM0034_S3F1G_V8-AmBic_2-A2_01_4351.mzML,1,1,,,,PEAKS DB
LSVANVNLGQLLASE,17.66,1526.8304,15,6.4,509.9558,41.94,0,17,14229,EAM0034_S3F1G_V8-AmBic_2-A2_01_4351.mzML,0,0,,,,PEAKS DB
HGIRLLE,17.65,836.4868,7,-1.2,419.2516,24.00,3.0679E5,17,6637,EAM0034_S3F1G_V8-AmBic_2-A2_01_4351.mzML,1,1,,,,PEAKS DB
ASLAETE,17.59,719.3337,7,-4.2,720.3405,73.70,6.6249E4,17,26418,EAM0034_S3F1G_V8-AmBic_2-A2_01_4351.mzML,1,1,,,,PEAKS DB
LVDQKDGKVARE,17.58,1356.7361,12,-2.6,453.2530,26.64,7.1174E5,17,7468,EAM0034_S3F1G_V8-AmBic_2-A2_01_4351.mzML,1,1,,,,PEAKS DB
LKKQKSRVEE,17.49,1243.7247,10,-7.8,622.8669,30.20,5.8462E5,17,9101,EAM0034_S3F1G_V8-AmBic_2-A2_01_4351.mzML,1,1,,,,PEAKS DB
GGLSKISE,17.46,789.4232,8,9.7,790.4409,58.76,0,17,20981,EAM0034_S3F1G_V8-AmBic_2-A2_01_4351.mzML,0,0,,,,PEAKS DB
INELNRMIQRLTAEVE,17.41,1928.0149,16,3.1,643.6831,43.29,3.8166E5,17,14753,EAM0034_S3F1G_V8-AmBic_2-A2_01_4351.mzML,1,1,,,,PEAKS DB
LTSSLNLGSE,17.31,1019.5135,10,-3.4,510.7640,29.41,0,17,8790,EAM0034_S3F1G_V8-AmBic_2-A2_01_4351.mzML,0,0,,,,PEAKS DB
YVAKVRLKE,17.28,1104.6655,9,-6.5,369.2280,21.60,8.9203E4,17,5429,EAM0034_S3F1G_V8-AmBic_2-A2_01_4351.mzML,1,1,,,,PEAKS DB
LMNVKLALDIE,17.23,1257.7002,11,4.6,629.8624,65.53,0,17,23506,EAM0034_S3F1G_V8-AmBic_2-A2_01_4351.mzML,0,0,|#CONTAM#372466577|ref|NP_001243222.1|:|#CONTAM#4504919|ref|NP_002264.1|:|#CONTAM#372466572|ref|NP_001243211.1|,,,PEAKS DB
AVGARAE,17.23,672.3555,7,-1.8,673.3639,21.80,6.2684E4,17,5527,EAM0034_S3F1G_V8-AmBic_2-A2_01_4351.mzML,1,1,,,,PEAKS DB
LQDSGAYAKMKE,17.21,1339.6442,12,3.1,670.8337,41.05,0,17,13853,EAM0034_S3F1G_V8-AmBic_2-A2_01_4351.mzML,0,0,,,,PEAKS DB
QVVLSAALATLAPISVT(-18.01)E,17.18,1764.0033,18,7.3,883.0184,56.22,7.5436E4,17,19960,EAM0034_S3F1G_V8-AmBic_2-A2_01_4351.mzML,1,1,,Dehydration,T17:Dehydration:32.28,PEAKS PTM
KFSVGTE,17.14,766.3861,7,-3.7,767.3932,71.51,0,17,25666,EAM0034_S3F1G_V8-AmBic_2-A2_01_4351.mzML,0,0,,,,PEAKS DB
AKVKSLPE,17.12,870.5175,8,-0.3,436.2674,44.98,3.5727E4,17,15509,EAM0034_S3F1G_V8-AmBic_2-A2_01_4351.mzML,1,1,,,,PEAKS DB
INFLR(+14.02)ALYDAE,17.11,1337.6979,11,1.7,669.8597,61.27,3.8513E5,17,21869,EAM0034_S3F1G_V8-AmBic_2-A2_01_4351.mzML,1,1,,Methylation(KR),R5:Methylation(KR):1000.00,PEAKS PTM
LAVKFPAQE,17.08,1001.5546,9,1.8,501.7872,18.45,2.0308E6,17,3879,EAM0034_S3F1G_V8-AmBic_2-A2_01_4351.mzML,1,1,,,,PEAKS DB
LTGQHLE,17.04,796.4079,7,-1.6,797.4166,51.85,0,17,18301,EAM0034_S3F1G_V8-AmBic_2-A2_01_4351.mzML,0,0,,,,PEAKS DB
SGLVSSQRDLQPE,17.02,1414.7052,13,1.3,708.3632,50.66,5.7903E5,17,17971,EAM0034_S3F1G_V8-AmBic_2-A2_01_4351.mzML,1,1,,,,PEAKS DB
GKIEADE,16.96,760.3602,7,-7.5,381.1859,22.36,3.439E5,17,5865,EAM0034_S3F1G_V8-AmBic_2-A2_01_4351.mzML,1,1,,,,PEAKS DB
IT(-18.01)TSLGKEVAT(-18.01)AQE,16.96,1410.7355,14,-5.6,706.3735,39.59,3.7045E5,17,15147,EAM0034_S3F1G_V8-AmBic_2-A2_01_4351.mzML,1,1,,Dehydration,T2:Dehydration:12.28;T11:Dehydration:24.61,PEAKS PTM
R(+43.01)TRGLLKAEITGRE,16.91,1641.9274,14,-2.3,548.3170,41.93,3.8768E6,17,14166,EAM0034_S3F1G_V8-AmBic_2-A2_01_4351.mzML,2,2,,Carbamylation,R1:Carbamylation:34.90,PEAKS PTM
ID(-18.01)PQIGQ(+.98)VK(+72.02)AQE,16.89,1379.6932,12,-9.7,690.8496,22.25,9.495E5,17,7708,EAM0034_S3F1G_V8-AmBic_2-A2_01_4351.mzML,1,1,|#CONTAM#109148552|ref|NP_476429.2|,Dehydration; Deamidation (NQ); Carboxyethyl,D2:Dehydration:1000.00;Q7:Deamidation (NQ):8.64;K9:Carboxyethyl:1000.00,PEAKS PTM
ALQVDGGRLE,16.87,1056.5564,10,1.4,529.2880,18.81,0,17,4167,EAM0034_S3F1G_V8-AmBic_2-A2_01_4351.mzML,0,0,,,,PEAKS DB
IQKVNSE,16.87,816.4341,7,-0.7,409.2254,18.91,3.0173E5,17,4521,EAM0034_S3F1G_V8-AmBic_2-A2_01_4351.mzML,1,1,,,,PEAKS DB
SQRLHLARRE,16.86,1264.7112,10,4.2,422.5809,27.93,5.79E4,17,8119,EAM0034_S3F1G_V8-AmBic_2-A2_01_4351.mzML,1,1,,,,PEAKS DB
VRDNLDQGDRKPE,16.85,1540.7593,13,-7.7,771.3837,52.33,0,17,18490,EAM0034_S3F1G_V8-AmBic_2-A2_01_4351.mzML,0,0,,,,PEAKS DB
LGACVGSTPTAPPE,16.85,1298.6177,14,-8.0,650.3132,23.61,1.4667E5,17,6470,EAM0034_S3F1G_V8-AmBic_2-A2_01_4351.mzML,1,1,,,,PEAKS DB
IALKSKAEAET(-18.01)LYQTKIQ(+.98)E,16.75,2146.1521,19,-5.3,716.3900,41.83,0,17,14183,EAM0034_S3F1G_V8-AmBic_2-A2_01_4351.mzML,0,0,|#CONTAM#1034578055|ref|XP_016874325.1|:|#CONTAM#1034578051|ref|XP_016874323.1|:|#CONTAM#226246663|ref|NP_001139697.1|:|#CONTAM#28372503|ref|NP_542785.1|:|#CONTAM#1034578053|ref|XP_016874324.1|:|#CONTAM#1034578049|ref|XP_016874322.1|,Dehydration; Deamidation (NQ),T11:Dehydration:4.56;Q18:Deamidation (NQ):61.69,PEAKS PTM
RSDQDQGILLKLPYPE,16.69,1870.9788,16,7.7,936.5071,43.50,4.2047E5,17,14833,EAM0034_S3F1G_V8-AmBic_2-A2_01_4351.mzML,1,1,,,,PEAKS DB
LGSAK(+15.99)KPE,16.69,844.4654,8,2.9,423.2427,27.47,4.2562E5,17,7574,EAM0034_S3F1G_V8-AmBic_2-A2_01_4351.mzML,1,1,,Oxidation or Hydroxylation,K5:Oxidation or Hydroxylation:7.65,PEAKS PTM
YVPNTKVE,16.69,948.4916,8,-2.7,475.2534,27.93,1.5793E5,17,8342,EAM0034_S3F1G_V8-AmBic_2-A2_01_4351.mzML,1,1,,,,PEAKS DB
QVSFNTIVIE,16.68,1148.6077,10,9.6,575.3186,21.70,1.9952E5,17,5455,EAM0034_S3F1G_V8-AmBic_2-A2_01_4351.mzML,1,1,,,,PEAKS DB
DQSASLMRSAYNDGHGLQPLE,16.66,2288.0491,21,-6.9,763.6877,64.30,2.7873E5,17,23187,EAM0034_S3F1G_V8-AmBic_2-A2_01_4351.mzML,1,1,,,,PEAKS DB
K(+226.08)(+114.04)LSILS(+114.04)IRENSE,16.65,1841.9305,12,2.0,921.9776,63.53,1.7778E5,17,22742,EAM0034_S3F1G_V8-AmBic_2-A2_01_4351.mzML,1,1,,Biotinylation; Ubiquitin,K1:Biotinylation:1000.00;K1:Ubiquitin:67.96;S6:Ubiquitin:30.72,PEAKS PTM
DIAQRSKAE,16.59,1016.5250,9,-1.8,509.2707,17.97,0,17,3762,EAM0034_S3F1G_V8-AmBic_2-A2_01_4351.mzML,0,0,|#CONTAM#109148552|ref|NP_476429.2|,,,PEAKS DB
AESGRITELEE,16.58,1232.5884,11,-9.6,617.2977,21.36,5.3454E5,17,5272,EAM0034_S3F1G_V8-AmBic_2-A2_01_4351.mzML,1,1,,,,PEAKS DB
L(+226.08)CLLIKREQAAE,16.51,1611.8477,12,-0.1,538.2916,44.48,9.0713E4,17,15262,EAM0034_S3F1G_V8-AmBic_2-A2_01_4351.mzML,1,1,,Biotinylation,L1:Biotinylation:33.54,PEAKS PTM
QSKAESMQRALEE,16.50,1505.7144,13,-1.5,753.8659,37.02,1.4615E6,17,12002,EAM0034_S3F1G_V8-AmBic_2-A2_01_4351.mzML,1,1,,,,PEAKS DB
IATYRHLLE,16.47,1114.6135,9,7.0,558.3199,23.36,0,17,6179,EAM0034_S3F1G_V8-AmBic_2-A2_01_4351.mzML,0,0,,,,PEAKS DB
SELSLRQLLE,16.45,1186.6558,10,1.8,594.3383,17.35,3.1413E5,17,3527,EAM0034_S3F1G_V8-AmBic_2-A2_01_4351.mzML,1,1,,,,PEAKS DB
VEGMRKE,16.44,847.4222,7,4.0,848.4358,68.04,0,17,24381,EAM0034_S3F1G_V8-AmBic_2-A2_01_4351.mzML,0,0,,,,PEAKS DB
VQLNSVGKE,16.38,972.5240,9,-5.4,487.2683,19.53,3.9851E5,17,5349,EAM0034_S3F1G_V8-AmBic_2-A2_01_4351.mzML,1,1,,,,PEAKS DB
LDQRRRE,16.36,971.5261,7,-7.3,486.7684,24.71,2.1921E5,17,6871,EAM0034_S3F1G_V8-AmBic_2-A2_01_4351.mzML,1,1,,,,PEAKS DB
GGITVSVLE,16.35,873.4807,9,-3.9,874.4876,69.35,1.4758E4,17,24957,EAM0034_S3F1G_V8-AmBic_2-A2_01_4351.mzML,1,1,,,,PEAKS DB
S(-18.01)AASKAAGLK(+28.03)LE,16.32,1154.6659,12,0.7,578.3427,32.34,1.3146E5,17,10054,EAM0034_S3F1G_V8-AmBic_2-A2_01_4351.mzML,1,1,,Dehydration; Dimethylation(KR),S1:Dehydration:0.00;K10:Dimethylation(KR):45.16,PEAKS PTM
LTQIGTSTSAE,16.32,1106.5455,11,-2.9,554.2803,62.62,3.4907E5,17,22589,EAM0034_S3F1G_V8-AmBic_2-A2_01_4351.mzML,1,1,,,,PEAKS DB
RGIRLTVE,16.28,942.5610,8,2.0,472.2904,62.76,5.6336E4,17,22452,EAM0034_S3F1G_V8-AmBic_2-A2_01_4351.mzML,1,1,,,,PEAKS DB
LTLCKADLE,16.19,1004.5212,9,3.9,503.2716,32.31,0,17,10083,EAM0034_S3F1G_V8-AmBic_2-A2_01_4351.mzML,0,0,,,,PEAKS DB
ALVNGGGRQFLE,16.13,1259.6622,12,9.4,630.8465,53.13,0,17,18814,EAM0034_S3F1G_V8-AmBic_2-A2_01_4351.mzML,0,0,,,,PEAKS DB
LAGARGFFQARHLE,16.10,1571.8320,14,-1.1,524.9525,41.67,0,17,14118,EAM0034_S3F1G_V8-AmBic_2-A2_01_4351.mzML,0,0,,,,PEAKS DB
S(-18.01)QIYREGQVMNLALTLTQ(+.98)TE,16.05,2277.1311,20,7.4,760.0593,54.84,0,17,19464,EAM0034_S3F1G_V8-AmBic_2-A2_01_4351.mzML,0,0,,Dehydration; Deamidation (NQ),S1:Dehydration:12.33;Q18:Deamidation (NQ):0.00,PEAKS PTM
GYATTVTATAATAE,16.03,1326.6304,14,9.5,664.3311,52.91,3.261E5,17,19075,EAM0034_S3F1G_V8-AmBic_2-A2_01_4351.mzML,1,1,,,,PEAKS DB
NINLQMKKSE,15.97,1203.6282,10,7.6,602.8280,32.16,6.4817E5,17,10001,EAM0034_S3F1G_V8-AmBic_2-A2_01_4351.mzML,1,1,,,,PEAKS DB
R(+226.08)RK(+156.12)LNSAVLIAAG,15.89,1750.0287,13,3.9,876.0281,55.05,4.1709E4,17,19547,EAM0034_S3F1G_V8-AmBic_2-A2_01_4351.mzML,1,1,,Biotinylation; 4-hydroxynonenal (HNE),R1:Biotinylation:1000.00;K3:4-hydroxynonenal (HNE):1000.00,PEAKS PTM
L(+43.01)LS(-18.01)GVGE,15.88,698.3599,7,-0.3,699.3694,26.25,0,17,7397,EAM0034_S3F1G_V8-AmBic_2-A2_01_4351.mzML,0,0,,Carbamylation; Dehydration,L1:Carbamylation:1000.00;S3:Dehydration:1000.00,PEAKS PTM
MDSVKRYLE,15.86,1139.5645,9,5.6,380.8655,28.87,5.0546E4,17,8547,EAM0034_S3F1G_V8-AmBic_2-A2_01_4351.mzML,1,1,,,,PEAKS DB
LQAKVDSLDKE,15.85,1244.6611,11,-7.0,623.3356,23.73,5.0116E4,17,6275,EAM0034_S3F1G_V8-AmBic_2-A2_01_4351.mzML,1,1,,,,PEAKS DB
R(+14.02)QIYPAHGKPALGYGSANE(-.98),15.70,2041.0493,19,-8.0,681.3539,66.49,0,17,23843,EAM0034_S3F1G_V8-AmBic_2-A2_01_4351.mzML,0,0,,Methylation(KR); Amidation,R1:Methylation(KR):25.00;E19:Amidation:1000.00,PEAKS PTM
LRRVYWIKYGFLFVCYSPIVLE,15.70,2763.4973,22,-3.2,691.8818,43.44,1.5051E5,17,14809,EAM0034_S3F1G_V8-AmBic_2-A2_01_4351.mzML,1,1,,,,PEAKS DB
GDFLKQNE,15.64,949.4505,8,-4.3,475.7321,45.60,6.4183E4,17,15845,EAM0034_S3F1G_V8-AmBic_2-A2_01_4351.mzML,1,1,,,,PEAKS DB
GAQRISLCIE,15.59,1088.5648,10,5.1,545.2944,46.82,2.8336E5,17,16218,EAM0034_S3F1G_V8-AmBic_2-A2_01_4351.mzML,1,1,,,,PEAKS DB
ITTSLGK(+42.01)E,15.51,889.4756,8,2.0,445.7475,40.01,7.7194E4,17,13377,EAM0034_S3F1G_V8-AmBic_2-A2_01_4351.mzML,1,1,,Acetylation (K),K7:Acetylation (K):1000.00,PEAKS PTM
ITTSLGK(+15.99)E,15.44,863.4600,8,-7.5,432.7356,27.35,0,17,7868,EAM0034_S3F1G_V8-AmBic_2-A2_01_4351.mzML,0,0,,Oxidation or Hydroxylation,K7:Oxidation or Hydroxylation:1000.00,PEAKS PTM
NSGRKRVTEE,15.37,1174.6055,10,1.3,588.3128,27.96,7.4813E5,17,8095,EAM0034_S3F1G_V8-AmBic_2-A2_01_4351.mzML,1,1,,,,PEAKS DB
YSVKKFPALAGARKAIKE,15.36,1976.1570,18,-5.8,495.0454,29.09,2.0796E5,17,8618,EAM0034_S3F1G_V8-AmBic_2-A2_01_4351.mzML,1,1,,,,PEAKS DB
LALK(+57.02)DARAKLVDLE,15.32,1610.9355,14,-8.3,537.9832,22.67,1.0456E5,17,5855,EAM0034_S3F1G_V8-AmBic_2-A2_01_4351.mzML,1,1,,Carbamidomethylation (DHKE  X@N-term),K4:Carbamidomethylation (DHKE  X@N-term):0.00,PEAKS PTM
VDAAPPVDLNKILE,15.30,1492.8136,14,-8.1,374.2090,27.29,0,17,7841,EAM0034_S3F1G_V8-AmBic_2-A2_01_4351.mzML,0,0,,,,PEAKS DB
AGVFVKE,15.30,748.4119,7,-3.9,375.2131,20.87,0,17,5121,EAM0034_S3F1G_V8-AmBic_2-A2_01_4351.mzML,0,0,,,,PEAKS DB
LGAVDVE,15.22,701.3596,7,-9.0,702.3630,49.18,0,17,17223,EAM0034_S3F1G_V8-AmBic_2-A2_01_4351.mzML,0,0,,,,PEAKS DB
I(+226.08)TTSLGKEVAT(+79.97)AQE,15.19,1752.8005,14,8.4,877.4179,60.82,9.6641E4,17,21723,EAM0034_S3F1G_V8-AmBic_2-A2_01_4351.mzML,1,1,,Biotinylation; Phosphorylation (STY),I1:Biotinylation:4.12;T11:Phosphorylation (STY):14.78,PEAKS PTM
GQSLSAE,15.19,690.3184,7,9.2,691.3345,42.78,0,17,14585,EAM0034_S3F1G_V8-AmBic_2-A2_01_4351.mzML,0,0,,,,PEAKS DB
T(+226.08)LKREPLE,15.17,1210.6379,8,5.0,606.3314,34.26,0,17,10926,EAM0034_S3F1G_V8-AmBic_2-A2_01_4351.mzML,0,0,,Biotinylation,T1:Biotinylation:15.73,PEAKS PTM
IVQNEATIE,15.15,1015.5186,9,-1.6,508.7675,37.54,1.1649E5,17,12229,EAM0034_S3F1G_V8-AmBic_2-A2_01_4351.mzML,1,1,,,,PEAKS DB
G(+57.02)AGLIVE,15.05,714.3912,7,-0.3,715.4007,38.62,7.5491E4,17,12886,EAM0034_S3F1G_V8-AmBic_2-A2_01_4351.mzML,1,1,,Carbamidomethylation (DHKE  X@N-term),G1:Carbamidomethylation (DHKE  X@N-term):33.48,PEAKS PTM
VAHFRPYFE,15.04,1164.5715,9,8.2,583.2999,16.95,2.1627E5,17,3093,EAM0034_S3F1G_V8-AmBic_2-A2_01_4351.mzML,1,1,,,,PEAKS DB
VNNYGKPE,15.04,919.4399,8,-8.1,920.4429,54.79,0,17,19446,EAM0034_S3F1G_V8-AmBic_2-A2_01_4351.mzML,0,0,,,,PEAKS DB
YDKQQNAAKGE,15.03,1250.5891,11,-2.6,626.3024,26.99,6.6746E5,17,7575,EAM0034_S3F1G_V8-AmBic_2-A2_01_4351.mzML,1,1,,,,PEAKS DB
LEATLLE,15.02,787.4327,7,-5.4,788.4385,51.50,9.4012E4,17,18251,EAM0034_S3F1G_V8-AmBic_2-A2_01_4351.mzML,1,1,,,,PEAKS DB
QNQNVRE,15.02,886.4257,7,8.1,444.2252,18.94,2.8E5,17,4208,EAM0034_S3F1G_V8-AmBic_2-A2_01_4351.mzML,1,1,,,,PEAKS DB
VRAQYEDIAQR(+31.99)S(-18.01)KAEAE,15.02,1976.9551,17,7.9,495.2517,22.84,2.8651E6,17,6334,EAM0034_S3F1G_V8-AmBic_2-A2_01_4351.mzML,1,1,|#CONTAM#109148552|ref|NP_476429.2|,Dihydroxy; Dehydration,R11:Dihydroxy:14.04;S12:Dehydration:26.93,PEAKS PTM
SYSTAPLTRK(+71.01)E,15.01,1322.6592,11,1.5,662.3401,24.96,0,17,6854,EAM0034_S3F1G_V8-AmBic_2-A2_01_4351.mzML,0,0,,Lactylation,K10:Lactylation:1000.00,PEAKS PTM
