Peptide,-10lgP,Mass,Length,ppm,m/z,RT,Area Sample 3,Fraction,Scan,Source File,#Feature,#Feature Sample 3,Accession,PTM,AScore,Found By
I(+43.01)QTAVRLLLPGELAKHAVSE,130.31,2187.2375,20,-6.6,730.0800,68.72,7.4961E4,3,20226,EAM0038_S0F3K_V8-NaPho_1-D7_01_4463.mzML,1,1,XP_003451196.1,Carbamylation,I1:Carbamylation:283.07,PEAKS PTM
I(+57.02)QTAVRLLLPGELAKHAVSE,130.04,2201.2532,20,-8.4,734.7505,51.01,2.9906E6,3,14312,EAM0038_S0F3K_V8-NaPho_1-D7_01_4463.mzML,2,2,XP_003451196.1,Carbamidomethylation (DHKE  X@N-term),I1:Carbamidomethylation (DHKE  X@N-term):157.45,PEAKS PTM
IQTAVRLLLPGELAK(+27.99)HAVSE,119.78,2172.2266,20,-9.2,725.0745,57.29,3.4016E5,3,16443,EAM0038_S0F3K_V8-NaPho_1-D7_01_4463.mzML,1,1,XP_003451196.1,Formylation,K15:Formylation:183.30,PEAKS PTM
IQTAVRLLLPGELAKH(+57.02)AVSE,113.32,2201.2532,20,-9.0,734.7501,48.44,1.7135E6,3,13399,EAM0038_S0F3K_V8-NaPho_1-D7_01_4463.mzML,4,4,XP_003451196.1,Carbamidomethylation (DHKE  X@N-term),H16:Carbamidomethylation (DHKE  X@N-term):12.28,PEAKS PTM
A(+43.01)SRLAHYNKRSTITSRE,112.89,2032.0562,17,-5.7,509.0173,18.39,2.1566E6,3,3156,EAM0038_S0F3K_V8-NaPho_1-D7_01_4463.mzML,1,1,XP_003451196.1,Carbamylation,A1:Carbamylation:175.25,PEAKS PTM
IQTAVRLLLPGELAK(+43.01)HAVSE,107.76,2187.2375,20,-7.6,730.0793,56.92,2.2294E5,3,16316,EAM0038_S0F3K_V8-NaPho_1-D7_01_4463.mzML,1,1,XP_003451196.1,Carbamylation,K15:Carbamylation:149.45,PEAKS PTM
S(+43.01)YAIYVYKVLKQVHPD,107.17,1965.0359,16,-5.2,656.0143,68.62,2.5542E4,3,20175,EAM0038_S0F3K_V8-NaPho_1-D7_01_4463.mzML,1,1,XP_003451196.1,Carbamylation,S1:Carbamylation:142.27,PEAKS PTM
IQTAVRLLLPGELAKHAVSE,104.21,2144.2317,20,-7.0,715.7446,48.89,1.6188E7,3,13544,EAM0038_S0F3K_V8-NaPho_1-D7_01_4463.mzML,4,4,XP_003451196.1,,,PEAKS DB
I(+27.99)QTAVRLLLPGELAKHAVSE,98.86,2172.2266,20,-7.4,725.0758,68.14,1.9114E5,3,19985,EAM0038_S0F3K_V8-NaPho_1-D7_01_4463.mzML,1,1,XP_003451196.1,Formylation,I1:Formylation:153.62,PEAKS PTM
ASRLAHYNKRSTITSRE,97.43,1989.0504,17,-4.2,498.2667,16.45,9.7513E6,3,2441,EAM0038_S0F3K_V8-NaPho_1-D7_01_4463.mzML,4,4,XP_003451196.1,,,PEAKS DB
IQTAVRLLLPGELAK(+57.02)HAVSE,96.09,2201.2532,20,-9.0,734.7501,48.44,6.3188E5,3,13576,EAM0038_S0F3K_V8-NaPho_1-D7_01_4463.mzML,1,1,XP_003451196.1,Carbamidomethylation (DHKE  X@N-term),K15:Carbamidomethylation (DHKE  X@N-term):27.96,PEAKS PTM
ASRLAHYN(+.98)KRSTITSRE,95.94,1990.0344,17,-3.4,498.5131,16.94,0,3,2668,EAM0038_S0F3K_V8-NaPho_1-D7_01_4463.mzML,0,0,XP_003451196.1,Deamidation (NQ),N8:Deamidation (NQ):1000.00,PEAKS PTM
V(+27.99)QT(-18.01)AVRLLLPGELAKHAVSE,93.34,2140.2004,20,-9.4,714.3991,48.88,0,3,13594,EAM0038_S0F3K_V8-NaPho_1-D7_01_4463.mzML,0,0,XP_003438147.1,Formylation; Dehydration,V1:Formylation:92.48;T3:Dehydration:126.00,PEAKS PTM
L(+57.02)IVKAVAASKE,91.86,1184.7128,11,-9.4,593.3568,21.35,2.0863E5,3,4144,EAM0038_S0F3K_V8-NaPho_1-D7_01_4463.mzML,1,1,XP_013130399.2:XP_019210165.1:XP_019210164.1:XP_019209845.1:XP_019209840.1,Carbamidomethylation (DHKE  X@N-term),L1:Carbamidomethylation (DHKE  X@N-term):62.26,PEAKS PTM
G(+43.01)TKAVTKYTSSK,91.15,1312.6986,12,-3.8,438.5709,17.81,5.9121E6,3,2939,EAM0038_S0F3K_V8-NaPho_1-D7_01_4463.mzML,2,2,XP_003451196.1:XP_003438147.1,Carbamylation,G1:Carbamylation:28.86,PEAKS PTM
G(+57.02)TKAVTKYTSSK,90.36,1326.7144,12,-2.4,443.2433,9.54,7.5391E4,3,964,EAM0038_S0F3K_V8-NaPho_1-D7_01_4463.mzML,1,1,XP_003451196.1:XP_003438147.1,Carbamidomethylation (DHKE  X@N-term),G1:Carbamidomethylation (DHKE  X@N-term):17.01,PEAKS PTM
L(+43.01)IVKAVAASKE,87.80,1170.6971,11,-5.9,586.3511,46.82,8.41E5,3,12950,EAM0038_S0F3K_V8-NaPho_1-D7_01_4463.mzML,1,1,XP_013130399.2:XP_019210165.1:XP_019210164.1:XP_019209845.1:XP_019209840.1,Carbamylation,L1:Carbamylation:62.26,PEAKS PTM
I(+43.01)QTAVRLLLPGELAK(+57.02)HAVSE,87.11,2244.2590,20,-7.2,749.0865,68.69,2.764E5,3,20169,EAM0038_S0F3K_V8-NaPho_1-D7_01_4463.mzML,1,1,XP_003451196.1,Carbamylation; Carbamidomethylation (DHKE  X@N-term),I1:Carbamylation:135.33;K15:Carbamidomethylation (DHKE  X@N-term):0.00,PEAKS PTM
GTKAVTK(+27.99)YTSSK,86.58,1297.6877,12,-8.7,649.8441,17.20,4.3147E5,3,2600,EAM0038_S0F3K_V8-NaPho_1-D7_01_4463.mzML,1,1,XP_003451196.1:XP_003438147.1,Formylation,K7:Formylation:52.68,PEAKS PTM
G(+27.99)TKAVTKYTSSK,86.14,1297.6877,12,-3.4,433.5674,17.23,1.2852E6,3,3047,EAM0038_S0F3K_V8-NaPho_1-D7_01_4463.mzML,2,2,XP_003451196.1:XP_003438147.1,Formylation,G1:Formylation:20.41,PEAKS PTM
I(+43.01)QTAVRLLLPGELAK(+27.99)HAVSE,85.88,2215.2324,20,-6.4,739.4117,69.35,3.0787E4,3,20465,EAM0038_S0F3K_V8-NaPho_1-D7_01_4463.mzML,1,1,XP_003451196.1,Carbamylation; Formylation,I1:Carbamylation:169.25;K15:Formylation:169.25,PEAKS PTM
GTK(+27.99)AVTKYTSSK,85.27,1297.6877,12,-8.7,649.8441,17.20,1.2852E6,3,2764,EAM0038_S0F3K_V8-NaPho_1-D7_01_4463.mzML,2,2,XP_003451196.1:XP_003438147.1,Formylation,K3:Formylation:11.10,PEAKS PTM
N(+57.02)VIRDAVTYTE,85.02,1336.6622,11,-7.4,669.3320,43.00,1.9948E6,3,11530,EAM0038_S0F3K_V8-NaPho_1-D7_01_4463.mzML,2,2,XP_025766521.1,Carbamidomethylation (DHKE  X@N-term),N1:Carbamidomethylation (DHKE  X@N-term):52.86,PEAKS PTM
GTKAVTKYTSSK(+43.01),79.09,1312.6986,12,-8.5,657.3495,17.12,2.3709E5,3,2639,EAM0038_S0F3K_V8-NaPho_1-D7_01_4463.mzML,1,1,XP_003451196.1:XP_003438147.1,Carbamylation,K12:Carbamylation:26.79,PEAKS PTM
GTKAVTK(+43.01)YTSSK,76.98,1312.6986,12,-8.5,657.3495,17.12,4.0003E5,3,2434,EAM0038_S0F3K_V8-NaPho_1-D7_01_4463.mzML,2,2,XP_003451196.1:XP_003438147.1,Carbamylation,K7:Carbamylation:26.00,PEAKS PTM
N(+43.01)VIRDAVTYTE,76.03,1322.6466,11,-6.7,662.3247,54.09,5.4565E6,3,15295,EAM0038_S0F3K_V8-NaPho_1-D7_01_4463.mzML,4,4,XP_025766521.1,Carbamylation,N1:Carbamylation:1000.00,PEAKS PTM
I(+43.01)QTAVRLLLPGELAKH(+57.02)AVSE,75.68,2244.2590,20,-7.2,749.0865,68.69,2.764E5,3,20158,EAM0038_S0F3K_V8-NaPho_1-D7_01_4463.mzML,1,1,XP_003451196.1,Carbamylation; Carbamidomethylation (DHKE  X@N-term),I1:Carbamylation:176.07;H16:Carbamidomethylation (DHKE  X@N-term):9.34,PEAKS PTM
I(+57.02)QTAVRLLLPGELAKH(+57.02)AVSE,75.64,2258.2747,20,-9.9,753.7563,49.88,1.485E5,3,14134,EAM0038_S0F3K_V8-NaPho_1-D7_01_4463.mzML,2,2,XP_003451196.1,Carbamidomethylation (DHKE  X@N-term),I1:Carbamidomethylation (DHKE  X@N-term):122.88;H16:Carbamidomethylation (DHKE  X@N-term):11.06,PEAKS PTM
G(+43.01)TKAVTK(+43.01)YTSSK,75.32,1355.7045,12,-8.1,678.8525,23.19,1.5835E5,3,4847,EAM0038_S0F3K_V8-NaPho_1-D7_01_4463.mzML,1,1,XP_003451196.1:XP_003438147.1,Carbamylation,G1:Carbamylation:14.04;K7:Carbamylation:82.63,PEAKS PTM
LIVKAVAASKE,74.82,1127.6914,11,-7.3,564.8476,19.59,1.2129E6,3,3592,EAM0038_S0F3K_V8-NaPho_1-D7_01_4463.mzML,2,2,XP_013130399.2:XP_019210165.1:XP_019210164.1:XP_019209845.1:XP_019209840.1,,,PEAKS DB
I(+57.02)QTAVRLLLPGE,73.93,1365.7980,12,-8.2,683.8992,55.45,4.9502E5,3,15836,EAM0038_S0F3K_V8-NaPho_1-D7_01_4463.mzML,1,1,XP_003451196.1,Carbamidomethylation (DHKE  X@N-term),I1:Carbamidomethylation (DHKE  X@N-term):203.10,PEAKS PTM
I(+43.01)QTAVRLLLPGE,73.00,1351.7823,12,-6.6,676.8925,69.87,6.7611E5,3,20650,EAM0038_S0F3K_V8-NaPho_1-D7_01_4463.mzML,2,2,XP_003451196.1,Carbamylation,I1:Carbamylation:1000.00,PEAKS PTM
GTKAVTKYTSSK,72.87,1269.6929,12,-2.5,424.2362,9.30,6.3805E5,3,878,EAM0038_S0F3K_V8-NaPho_1-D7_01_4463.mzML,4,4,XP_003451196.1:XP_003438147.1,,,PEAKS DB
GT(+114.04)KAVTKYTSSK,72.45,1383.7357,12,-9.2,692.8672,17.49,3.2284E5,3,2870,EAM0038_S0F3K_V8-NaPho_1-D7_01_4463.mzML,2,2,XP_003451196.1:XP_003438147.1,Ubiquitin,T2:Ubiquitin:40.00,PEAKS PTM
I(+27.99)QTAVRLLLPGE,71.12,1336.7714,12,-5.4,669.3879,69.69,2.6714E4,3,20590,EAM0038_S0F3K_V8-NaPho_1-D7_01_4463.mzML,1,1,XP_003451196.1,Formylation,I1:Formylation:1000.00,PEAKS PTM
A(+57.02)SRLAHYNKRSTITSRE,70.78,2046.0719,17,-5.1,512.5215,16.49,9.5064E5,3,2486,EAM0038_S0F3K_V8-NaPho_1-D7_01_4463.mzML,2,2,XP_003451196.1,Carbamidomethylation (DHKE  X@N-term),A1:Carbamidomethylation (DHKE  X@N-term):28.79,PEAKS PTM
IQTAVRLLLPGE,70.76,1308.7765,12,-7.7,655.3890,53.14,3.2885E6,3,15041,EAM0038_S0F3K_V8-NaPho_1-D7_01_4463.mzML,2,2,XP_003451196.1,,,PEAKS DB
IQTAVRLLLPGELAKHAVSE(+21.98),70.59,2166.2136,20,-7.9,723.0712,48.89,2.2725E5,3,13573,EAM0038_S0F3K_V8-NaPho_1-D7_01_4463.mzML,1,1,XP_003451196.1,Sodium adduct,E20:Sodium adduct:36.56,PEAKS PTM
NVIRDAVTYTE,70.20,1279.6409,11,-5.7,640.8226,37.65,1.417E7,3,9576,EAM0038_S0F3K_V8-NaPho_1-D7_01_4463.mzML,1,1,XP_025766521.1,,,PEAKS DB
N(+27.99)VIRDAVTYTE,69.84,1307.6357,11,-5.4,654.8201,54.37,1.4975E5,3,15481,EAM0038_S0F3K_V8-NaPho_1-D7_01_4463.mzML,1,1,XP_025766521.1,Formylation,N1:Formylation:1000.00,PEAKS PTM
L(+27.99)LIRKLPFQRLVRE,69.35,1808.1147,14,-1.4,453.0343,54.03,2.0322E5,3,15296,EAM0038_S0F3K_V8-NaPho_1-D7_01_4463.mzML,1,1,XP_005463512.2,Formylation,L1:Formylation:42.89,PEAKS PTM
R(+43.01)VGAGAPVYLAAVLE,68.77,1527.8408,15,-9.9,764.9185,69.15,5.5365E3,3,20396,EAM0038_S0F3K_V8-NaPho_1-D7_01_4463.mzML,1,1,XP_013121737.2:XP_003459572.1:XP_003448939.1:XP_003451211.1,Carbamylation,R1:Carbamylation:1000.00,PEAKS PTM
IQTAVRLLLPGELAKHAVS(-18.01)E(+21.98),68.02,2148.2031,20,9.7,717.0803,48.79,0,3,13557,EAM0038_S0F3K_V8-NaPho_1-D7_01_4463.mzML,0,0,XP_003451196.1,Dehydration; Sodium adduct,S19:Dehydration:99.96;E20:Sodium adduct:46.32,PEAKS PTM
LNKLLGGVTIAQGGVLPNIQAVLLPKKTE,66.14,2983.7798,29,-8.3,746.9443,65.70,2.3099E4,3,19246,EAM0038_S0F3K_V8-NaPho_1-D7_01_4463.mzML,1,1,XP_013121737.2:XP_003459572.1:XP_003448939.1:XP_003451211.1,,,PEAKS DB
I(+43.01)QTAVRLLLPGELAK(+43.01)HAVSE,66.14,2230.2434,20,-8.4,744.4138,69.32,2.8466E4,3,20454,EAM0038_S0F3K_V8-NaPho_1-D7_01_4463.mzML,1,1,XP_003451196.1,Carbamylation,I1:Carbamylation:1000.00;K15:Carbamylation:1000.00,PEAKS PTM
RKGVSLAALKKALAAGGYDVE,65.82,2116.2004,21,-4.9,530.0536,45.51,2.6356E5,3,12395,EAM0038_S0F3K_V8-NaPho_1-D7_01_4463.mzML,1,1,XP_003459589.1,,,PEAKS DB
A(+27.99)SRLAHYNKRSTITSRE,65.40,2017.0453,17,-4.5,505.2652,17.67,5.195E5,3,3275,EAM0038_S0F3K_V8-NaPho_1-D7_01_4463.mzML,1,1,XP_003451196.1,Formylation,A1:Formylation:81.34,PEAKS PTM
LAK(+27.99)HAVSE,65.24,881.4606,8,-3.3,441.7352,17.70,1.1165E5,3,2944,EAM0038_S0F3K_V8-NaPho_1-D7_01_4463.mzML,1,1,XP_003451196.1:XP_003438147.1,Formylation,K3:Formylation:20.41,PEAKS PTM
L(+43.01)AKHAVSE,64.09,896.4716,8,-3.7,449.2404,20.21,9.8467E5,3,3958,EAM0038_S0F3K_V8-NaPho_1-D7_01_4463.mzML,2,2,XP_003451196.1:XP_003438147.1,Carbamylation,L1:Carbamylation:20.41,PEAKS PTM
L(+57.02)LIRKLPFQRLVRE,63.79,1837.1414,14,-3.1,460.2902,42.01,2.2617E6,3,11194,EAM0038_S0F3K_V8-NaPho_1-D7_01_4463.mzML,2,2,XP_005463512.2,Carbamidomethylation (DHKE  X@N-term),L1:Carbamidomethylation (DHKE  X@N-term):58.99,PEAKS PTM
G(+43.01)TK(+27.99)AVTKYTSSK,62.79,1340.6936,12,-9.8,671.3460,23.66,1.8827E5,3,5267,EAM0038_S0F3K_V8-NaPho_1-D7_01_4463.mzML,1,1,XP_003451196.1:XP_003438147.1,Carbamylation; Formylation,G1:Carbamylation:17.01;K3:Formylation:46.35,PEAKS PTM
VQT(-18.01)AVR(+31.99)LLLPGELAKHAVSE,62.67,2144.1953,20,5.0,1073.1079,48.89,4.3913E5,3,13571,EAM0038_S0F3K_V8-NaPho_1-D7_01_4463.mzML,1,1,XP_003438147.1,Dehydration; Dihydroxy,T3:Dehydration:136.90;R6:Dihydroxy:63.97,PEAKS PTM
LRFQSSAVM(+15.99)ALQE,62.44,1494.7500,13,-9.6,748.3735,41.29,1.0504E5,3,10960,EAM0038_S0F3K_V8-NaPho_1-D7_01_4463.mzML,1,1,XP_005463512.2,Oxidation (M),M9:Oxidation (M):1000.00,PEAKS PTM
LLIRKLPFQRLVRE,61.84,1780.1199,14,-1.2,446.0357,39.29,1.6399E7,3,10421,EAM0038_S0F3K_V8-NaPho_1-D7_01_4463.mzML,2,2,XP_005463512.2,,,PEAKS DB
V(+43.01)APAAAPAPATE,61.61,1107.5560,12,-4.2,554.7817,39.56,7.165E4,3,10386,EAM0038_S0F3K_V8-NaPho_1-D7_01_4463.mzML,1,1,XP_003448795.2,Carbamylation,V1:Carbamylation:1000.00,PEAKS PTM
T(+57.02)RGVLKVFLE,60.77,1217.7131,10,-1.5,406.9102,43.63,8.1949E5,3,11745,EAM0038_S0F3K_V8-NaPho_1-D7_01_4463.mzML,2,2,XP_025766521.1,Carbamidomethylation (DHKE  X@N-term),T1:Carbamidomethylation (DHKE  X@N-term):45.16,PEAKS PTM
TRGVLK(+57.02)VFLE,60.30,1217.7131,10,-0.5,406.9106,41.01,5.5129E4,3,10842,EAM0038_S0F3K_V8-NaPho_1-D7_01_4463.mzML,2,2,XP_025766521.1,Carbamidomethylation (DHKE  X@N-term),K6:Carbamidomethylation (DHKE  X@N-term):23.70,PEAKS PTM
G(+57.02)TK(+27.99)AVTKYTSSK,60.08,1354.7092,12,-8.4,678.3547,17.27,0,3,2795,EAM0038_S0F3K_V8-NaPho_1-D7_01_4463.mzML,0,0,XP_003451196.1:XP_003438147.1,Carbamidomethylation (DHKE  X@N-term); Formylation,G1:Carbamidomethylation (DHKE  X@N-term):9.40;K3:Formylation:9.40,PEAKS PTM
I(+27.99)Q(+.98)TAVR(+14.02)LLLPGELAKHAVSE,59.99,2187.2263,20,-6.2,1094.6112,68.72,1.2375E5,3,20215,EAM0038_S0F3K_V8-NaPho_1-D7_01_4463.mzML,1,1,XP_003451196.1,Formylation; Deamidation (NQ); Methylation(KR),I1:Formylation:113.15;Q2:Deamidation (NQ):1000.00;R6:Methylation(KR):124.39,PEAKS PTM
NVIRDAVTYTE(+57.02),59.83,1336.6622,11,-8.0,669.3315,37.48,0,3,9642,EAM0038_S0F3K_V8-NaPho_1-D7_01_4463.mzML,0,0,XP_025766521.1,Carbamidomethylation (DHKE  X@N-term),E11:Carbamidomethylation (DHKE  X@N-term):85.68,PEAKS PTM
SEEAPAPAPAPAKAAK(+114.04)K(+14.02)KTTASKPKKVGPSVGE,59.68,3355.8462,33,-0.6,839.9665,16.52,0,3,2500,EAM0038_S0F3K_V8-NaPho_1-D7_01_4463.mzML,0,0,XP_013130399.2:XP_019210165.1:XP_019210164.1,Ubiquitin; Methylation(KR),K16:Ubiquitin:0.00;K17:Methylation(KR):0.00,PEAKS PTM
G(+43.01)TKAVTKYTSSK(+43.01),58.43,1355.7045,12,-8.1,678.8525,23.19,1.5835E5,3,5017,EAM0038_S0F3K_V8-NaPho_1-D7_01_4463.mzML,1,1,XP_003451196.1:XP_003438147.1,Carbamylation,G1:Carbamylation:0.00;K12:Carbamylation:20.94,PEAKS PTM
APTGTFIASGVVVGKD,58.40,1517.8090,16,-8.8,759.9034,43.44,0,3,11738,EAM0038_S0F3K_V8-NaPho_1-D7_01_4463.mzML,0,0,|#CONTAM#88194745|ref|YP_499541.1|,,,PEAKS DB
VQT(+79.97)AVR(+31.99)LLLPGELAKHAVSE,58.34,2242.1721,20,3.2,1122.0945,48.89,2.0264E4,3,13583,EAM0038_S0F3K_V8-NaPho_1-D7_01_4463.mzML,1,1,XP_003438147.1,Phosphorylation (STY); Dihydroxy,T3:Phosphorylation (STY):35.41;R6:Dihydroxy:11.12,PEAKS PTM
T(+27.99)RGVLKVFLE,57.77,1188.6866,10,-5.8,595.3458,56.78,3.0823E5,3,16237,EAM0038_S0F3K_V8-NaPho_1-D7_01_4463.mzML,1,1,XP_025766521.1,Formylation,T1:Formylation:23.70,PEAKS PTM
ASRLAHYNK(+156.12)RS(+86.00)TITSRE,57.75,2231.1658,17,-1.3,558.7968,17.60,2.0126E5,3,2894,EAM0038_S0F3K_V8-NaPho_1-D7_01_4463.mzML,1,1,XP_003451196.1,4-hydroxynonenal (HNE); Malonylation,K9:4-hydroxynonenal (HNE):77.24;S11:Malonylation:0.00,PEAKS PTM
IQTAVRLLLPGE(+21.98),57.49,1330.7584,12,-1.9,444.5916,53.14,2.7629E5,3,15011,EAM0038_S0F3K_V8-NaPho_1-D7_01_4463.mzML,2,2,XP_003451196.1,Sodium adduct,E12:Sodium adduct:1000.00,PEAKS PTM
L(+43.01)LIRKLPFQRLVRE,57.37,1823.1257,14,-0.9,456.7873,54.37,5.6492E6,3,15445,EAM0038_S0F3K_V8-NaPho_1-D7_01_4463.mzML,1,1,XP_005463512.2,Carbamylation,L1:Carbamylation:68.53,PEAKS PTM
VAPAAAPAPATE(+21.98),56.59,1086.5321,12,-6.9,544.2684,23.09,8.1384E4,3,4765,EAM0038_S0F3K_V8-NaPho_1-D7_01_4463.mzML,1,1,XP_003448795.2,Sodium adduct,E12:Sodium adduct:1000.00,PEAKS PTM
T(+43.01)RGVLKVFLE,56.58,1203.6975,10,-7.0,602.8505,56.57,4.4654E6,3,16156,EAM0038_S0F3K_V8-NaPho_1-D7_01_4463.mzML,1,1,XP_025766521.1,Carbamylation,T1:Carbamylation:41.96,PEAKS PTM
E(+226.08)AP(+31.99)APAPAPAKAAKKKTTASKPKKVGPSVGE,56.44,3269.7805,31,-5.9,818.4458,17.39,4.3749E5,3,2814,EAM0038_S0F3K_V8-NaPho_1-D7_01_4463.mzML,1,1,XP_013130399.2:XP_019210165.1:XP_019210164.1,Biotinylation; Dihydroxy,E1:Biotinylation:58.64;P3:Dihydroxy:32.28,PEAKS PTM
IAQDFKTDLRFQSSAVM(+15.99)ALQE,55.99,2413.1948,21,-10.0,805.3958,51.46,1.5514E6,3,14431,EAM0038_S0F3K_V8-NaPho_1-D7_01_4463.mzML,3,3,XP_005463512.2,Oxidation (M),M17:Oxidation (M):1000.00,PEAKS PTM
GTK(+43.01)AVTKYTSSK(+57.02),54.25,1369.7201,12,-4.0,457.5778,17.81,2.6529E5,3,2953,EAM0038_S0F3K_V8-NaPho_1-D7_01_4463.mzML,1,1,XP_003451196.1:XP_003438147.1,Carbamylation; Carbamidomethylation (DHKE  X@N-term),K3:Carbamylation:18.53;K12:Carbamidomethylation (DHKE  X@N-term):58.00,PEAKS PTM
TRGVLKVFLE,54.15,1160.6917,10,0.5,387.9038,40.87,4.9784E6,3,10957,EAM0038_S0F3K_V8-NaPho_1-D7_01_4463.mzML,3,3,XP_025766521.1,,,PEAKS DB
E(+43.01)TRGVLKVFLE,53.79,1332.7401,11,-7.5,667.3708,57.95,5.5726E5,3,16647,EAM0038_S0F3K_V8-NaPho_1-D7_01_4463.mzML,1,1,XP_025766521.1,Carbamylation,E1:Carbamylation:46.17,PEAKS PTM
I(+43.01)FERIAAE,53.66,990.5134,8,-3.2,496.2613,65.34,1.9297E5,3,19075,EAM0038_S0F3K_V8-NaPho_1-D7_01_4463.mzML,1,1,XP_003451196.1,Carbamylation,I1:Carbamylation:1000.00,PEAKS PTM
LIVKAVKE,53.59,898.5851,8,-3.7,450.2971,18.46,4.4056E5,3,3194,EAM0038_S0F3K_V8-NaPho_1-D7_01_4463.mzML,1,1,XP_003448795.2,,,PEAKS DB
SYAIYVYKVLKQVHPD,53.29,1922.0302,16,-3.5,481.5121,53.76,5.4108E4,3,15260,EAM0038_S0F3K_V8-NaPho_1-D7_01_4463.mzML,1,1,XP_003451196.1,,,PEAKS DB
G(+57.02)T(+79.97)K(+114.04)AVTKYTSSK,52.92,1520.7235,12,-6.7,507.9106,19.42,3.0103E5,3,3532,EAM0038_S0F3K_V8-NaPho_1-D7_01_4463.mzML,1,1,XP_003451196.1:XP_003438147.1,Carbamidomethylation (DHKE  X@N-term); Phosphorylation (STY); Ubiquitin,G1:Carbamidomethylation (DHKE  X@N-term):69.64;T2:Phosphorylation (STY):52.86;K3:Ubiquitin:62.26,PEAKS PTM
G(+43.01)TK(+57.02)AVTKYTSSK,52.85,1369.7201,12,-4.0,457.5778,17.81,2.6529E5,3,3182,EAM0038_S0F3K_V8-NaPho_1-D7_01_4463.mzML,1,1,XP_003451196.1:XP_003438147.1,Carbamylation; Carbamidomethylation (DHKE  X@N-term),G1:Carbamylation:4.64;K3:Carbamidomethylation (DHKE  X@N-term):4.64,PEAKS PTM
LAK(+43.01)HAVSE,52.71,896.4716,8,-3.0,449.2407,17.39,2.7751E4,3,2830,EAM0038_S0F3K_V8-NaPho_1-D7_01_4463.mzML,1,1,XP_003451196.1:XP_003438147.1,Carbamylation,K3:Carbamylation:20.41,PEAKS PTM
IAQDFKTDLRFQSSAVMALQE,52.69,2397.1997,21,-7.8,800.0659,70.32,2.568E6,3,20556,EAM0038_S0F3K_V8-NaPho_1-D7_01_4463.mzML,3,3,XP_005463512.2,,,PEAKS DB
ETRGVLKVFLE,51.32,1289.7343,11,-8.7,645.8674,45.62,1.5283E6,3,12430,EAM0038_S0F3K_V8-NaPho_1-D7_01_4463.mzML,2,2,XP_025766521.1,,,PEAKS DB
L(+43.01)IVKAVKE,51.01,941.5909,8,-2.0,471.8008,38.33,4.7159E5,3,9877,EAM0038_S0F3K_V8-NaPho_1-D7_01_4463.mzML,1,1,XP_003448795.2,Carbamylation,L1:Carbamylation:77.24,PEAKS PTM
ASRLAHYNK(+57.02)RSTITSRE,50.56,2046.0719,17,-5.1,512.5215,16.49,5.5474E5,3,2444,EAM0038_S0F3K_V8-NaPho_1-D7_01_4463.mzML,1,1,XP_003451196.1,Carbamidomethylation (DHKE  X@N-term),K9:Carbamidomethylation (DHKE  X@N-term):0.00,PEAKS PTM
G(+57.02)T(-18.01)KAVTKYTSSK,49.92,1308.7037,12,6.7,655.3621,17.88,0,3,3026,EAM0038_S0F3K_V8-NaPho_1-D7_01_4463.mzML,0,0,XP_003451196.1:XP_003438147.1,Carbamidomethylation (DHKE  X@N-term); Dehydration,G1:Carbamidomethylation (DHKE  X@N-term):32.28;T2:Dehydration:67.69,PEAKS PTM
YLTAE(+21.98)ILE,49.36,972.4780,8,-5.8,487.2423,54.20,1.4874E4,3,15400,EAM0038_S0F3K_V8-NaPho_1-D7_01_4463.mzML,1,1,XP_013121737.2:XP_003459572.1:XP_003448939.1:XP_003451211.1,Sodium adduct,E5:Sodium adduct:14.71,PEAKS PTM
I(+57.02)AQDFKTD,49.00,993.4767,8,-4.1,497.7425,21.59,2.8226E4,3,4303,EAM0038_S0F3K_V8-NaPho_1-D7_01_4463.mzML,1,1,XP_005463512.2,Carbamidomethylation (DHKE  X@N-term),I1:Carbamidomethylation (DHKE  X@N-term):56.34,PEAKS PTM
LNQLLKGVTIAAGGVLPNIHPE,48.81,2253.2844,22,-3.8,752.0975,61.74,1.0956E4,3,17926,EAM0038_S0F3K_V8-NaPho_1-D7_01_4463.mzML,1,1,XP_005456204.1:XP_003451493.1:XP_013130601.1:XP_013130603.1:XP_013130602.1,,,PEAKS DB
I(+27.99)Q(+.98)TAVR(+28.03)LLLPGELAKHAVSE,48.71,2201.2419,20,-7.0,1101.6180,51.01,4.8447E4,3,14328,EAM0038_S0F3K_V8-NaPho_1-D7_01_4463.mzML,1,1,XP_003451196.1,Formylation; Deamidation (NQ); Dimethylation(KR),I1:Formylation:88.07;Q2:Deamidation (NQ):1000.00;R6:Dimethylation(KR):77.76,PEAKS PTM
IAQDFKTD,48.60,936.4552,8,-4.1,469.2319,20.51,4.1946E5,3,4065,EAM0038_S0F3K_V8-NaPho_1-D7_01_4463.mzML,1,1,XP_005463512.2,,,PEAKS DB
N(+.98)VIRDAVTYTE,47.65,1280.6249,11,-6.9,641.3138,44.11,5.7068E5,3,11967,EAM0038_S0F3K_V8-NaPho_1-D7_01_4463.mzML,2,2,XP_025766521.1,Deamidation (NQ),N1:Deamidation (NQ):1000.00,PEAKS PTM
IFERIAAE,47.59,947.5076,8,-3.5,474.7583,32.42,1.003E6,3,7850,EAM0038_S0F3K_V8-NaPho_1-D7_01_4463.mzML,1,1,XP_003451196.1,,,PEAKS DB
I(+57.02)QTAVRLLLPGELAK(+43.01)HAVSE,47.58,2244.2590,20,-8.2,749.0858,58.83,2.6536E4,3,16982,EAM0038_S0F3K_V8-NaPho_1-D7_01_4463.mzML,1,1,XP_003451196.1,Carbamidomethylation (DHKE  X@N-term); Carbamylation,I1:Carbamidomethylation (DHKE  X@N-term):63.28;K15:Carbamylation:64.77,PEAKS PTM
A(+43.01)SRLAHYNK(+27.99)RSTITSRE,47.39,2060.0510,17,-2.8,516.0175,25.18,1.0405E5,3,5426,EAM0038_S0F3K_V8-NaPho_1-D7_01_4463.mzML,1,1,XP_003451196.1,Carbamylation; Formylation,A1:Carbamylation:63.64;K9:Formylation:63.64,PEAKS PTM
TRGVLK(+27.99)VFLE,46.15,1188.6866,10,-5.8,595.3458,56.78,3.0823E5,3,16122,EAM0038_S0F3K_V8-NaPho_1-D7_01_4463.mzML,1,1,XP_025766521.1,Formylation,K6:Formylation:7.61,PEAKS PTM
LRFQSSAVMALQE,45.27,1478.7551,13,3.3,740.3856,47.96,3.4114E5,3,13138,EAM0038_S0F3K_V8-NaPho_1-D7_01_4463.mzML,2,2,XP_005463512.2,,,PEAKS DB
GTKAVTK(+43.01)YTSSK(+57.02),44.95,1369.7201,12,-9.9,685.8590,10.13,1.6327E4,3,1155,EAM0038_S0F3K_V8-NaPho_1-D7_01_4463.mzML,1,1,XP_003451196.1:XP_003438147.1,Carbamylation; Carbamidomethylation (DHKE  X@N-term),K7:Carbamylation:25.21;K12:Carbamidomethylation (DHKE  X@N-term):30.64,PEAKS PTM
G(+57.02)TKAVTK(+27.99)YTSSK,44.74,1354.7092,12,-5.0,678.3570,16.99,0,3,2690,EAM0038_S0F3K_V8-NaPho_1-D7_01_4463.mzML,0,0,XP_003451196.1:XP_003438147.1,Carbamidomethylation (DHKE  X@N-term); Formylation,G1:Carbamidomethylation (DHKE  X@N-term):8.22;K7:Formylation:25.70,PEAKS PTM
I(+43.01)AQDFKTDLRFQSSAVMALQE,44.69,2440.2056,21,-9.3,814.3998,68.72,3.0441E5,3,20217,EAM0038_S0F3K_V8-NaPho_1-D7_01_4463.mzML,1,1,XP_005463512.2,Carbamylation,I1:Carbamylation:14.62,PEAKS PTM
T(+43.01)RGVLK(+57.02)VFLE,44.67,1260.7190,10,-6.0,631.3616,55.65,6.7734E4,3,16239,EAM0038_S0F3K_V8-NaPho_1-D7_01_4463.mzML,1,1,XP_025766521.1,Carbamylation; Carbamidomethylation (DHKE  X@N-term),T1:Carbamylation:24.47;K6:Carbamidomethylation (DHKE  X@N-term):24.47,PEAKS PTM
G(+43.01)TKAVTK(+27.99)YTSSK,44.29,1340.6936,12,-9.8,671.3460,23.66,1.8827E5,3,4957,EAM0038_S0F3K_V8-NaPho_1-D7_01_4463.mzML,1,1,XP_003451196.1:XP_003438147.1,Carbamylation; Formylation,G1:Carbamylation:0.00;K7:Formylation:53.33,PEAKS PTM
ET(-18.01)RGVLKVFLE,43.95,1271.7238,11,-6.5,636.8636,55.04,3.9861E4,3,15678,EAM0038_S0F3K_V8-NaPho_1-D7_01_4463.mzML,1,1,XP_025766521.1,Dehydration,T2:Dehydration:1000.00,PEAKS PTM
IAQDFK(+14.02)TD,43.89,950.4709,8,-4.0,476.2398,20.97,7.7113E4,3,4066,EAM0038_S0F3K_V8-NaPho_1-D7_01_4463.mzML,1,1,XP_005463512.2,Methylation(KR),K6:Methylation(KR):1000.00,PEAKS PTM
LLIRK(+43.01)LPFQRLVRE,43.85,1823.1257,14,-1.9,456.7868,49.51,5.8485E6,3,13776,EAM0038_S0F3K_V8-NaPho_1-D7_01_4463.mzML,2,2,XP_005463512.2,Carbamylation,K5:Carbamylation:42.68,PEAKS PTM
A(+57.02)YLVGLFE,43.70,967.5015,8,-0.8,484.7565,69.08,1.2829E5,3,20356,EAM0038_S0F3K_V8-NaPho_1-D7_01_4463.mzML,1,1,XP_005463512.2,Carbamidomethylation (DHKE  X@N-term),A1:Carbamidomethylation (DHKE  X@N-term):46.13,PEAKS PTM
MS(-18.01)EEAPAPAPAPAKAAKK(+57.02)KTTASKPKKVGPSVGE,43.42,3397.8391,34,2.1,850.4670,16.84,1.3875E5,3,2626,EAM0038_S0F3K_V8-NaPho_1-D7_01_4463.mzML,1,1,XP_013130399.2:XP_019210165.1:XP_019210164.1,Dehydration; Carbamidomethylation (DHKE  X@N-term),S2:Dehydration:50.91;K18:Carbamidomethylation (DHKE  X@N-term):11.06,PEAKS PTM
G(+43.01)TK(+18.04)AVTKYTSSK,43.38,1330.7365,12,4.7,444.5872,17.23,0,3,2780,EAM0038_S0F3K_V8-NaPho_1-D7_01_4463.mzML,0,0,XP_003451196.1:XP_003438147.1,Carbamylation; monomethylation,G1:Carbamylation:0.00;K3:monomethylation:0.00,PEAKS PTM
R(+43.01)KGVSLAALKKALAAGGYDVE,43.34,2159.2061,21,-2.9,540.8060,51.66,9.2556E4,3,14537,EAM0038_S0F3K_V8-NaPho_1-D7_01_4463.mzML,1,1,XP_003459589.1,Carbamylation,R1:Carbamylation:0.00,PEAKS PTM
SEEAPAPAPAPAK(+71.01)AAK(+57.02)KKTTASKPKKVGPSVGE,43.29,3355.8225,33,6.4,839.9664,16.49,0,3,2489,EAM0038_S0F3K_V8-NaPho_1-D7_01_4463.mzML,0,0,XP_013130399.2:XP_019210165.1:XP_019210164.1,Lactylation; Carbamidomethylation (DHKE  X@N-term),K13:Lactylation:0.00;K16:Carbamidomethylation (DHKE  X@N-term):9.34,PEAKS PTM
T(+57.02)R(+.98)GVLKVFLE,42.99,1218.6971,10,0.9,407.2391,51.01,2.5314E5,3,14262,EAM0038_S0F3K_V8-NaPho_1-D7_01_4463.mzML,2,2,XP_025766521.1,Carbamidomethylation (DHKE  X@N-term); Citrullination,T1:Carbamidomethylation (DHKE  X@N-term):45.16;R2:Citrullination:1000.00,PEAKS PTM
I(+43.01)QTAVRLLLPGE(+21.98)LAKHAVSE,42.85,2209.2195,20,-7.7,737.4064,68.72,1.1848E5,3,20212,EAM0038_S0F3K_V8-NaPho_1-D7_01_4463.mzML,1,1,XP_003451196.1,Carbamylation; Sodium adduct,I1:Carbamylation:58.78;E12:Sodium adduct:8.41,PEAKS PTM
GTK(+43.01)AVTK(+57.02)YTSSK,42.69,1369.7201,12,-4.0,457.5778,17.81,2.6529E5,3,3001,EAM0038_S0F3K_V8-NaPho_1-D7_01_4463.mzML,1,1,XP_003451196.1:XP_003438147.1,Carbamylation; Carbamidomethylation (DHKE  X@N-term),K3:Carbamylation:0.00;K7:Carbamidomethylation (DHKE  X@N-term):23.70,PEAKS PTM
E(+57.02)TRGVLKVFLE,42.60,1346.7557,11,-1.5,449.9242,47.27,1.3989E5,3,13022,EAM0038_S0F3K_V8-NaPho_1-D7_01_4463.mzML,2,2,XP_025766521.1,Carbamidomethylation (DHKE  X@N-term),E1:Carbamidomethylation (DHKE  X@N-term):16.36,PEAKS PTM
I(+43.01)RRYQKSTE,42.29,1222.6418,9,-7.7,612.3221,17.11,2.7662E6,3,2712,EAM0038_S0F3K_V8-NaPho_1-D7_01_4463.mzML,2,2,XP_005463512.2,Carbamylation,I1:Carbamylation:61.26,PEAKS PTM
N(+43.01)VIRDAVTYTE(+21.98),42.23,1344.6285,11,-7.1,673.3152,54.09,1.5786E6,3,15344,EAM0038_S0F3K_V8-NaPho_1-D7_01_4463.mzML,1,1,XP_025766521.1,Carbamylation; Sodium adduct,N1:Carbamylation:1000.00;E11:Sodium adduct:51.89,PEAKS PTM
IQTAVRLLLPGE(+21.98)LAKHAVSE,41.40,2166.2136,20,-7.9,723.0712,48.89,2.2725E5,3,13549,EAM0038_S0F3K_V8-NaPho_1-D7_01_4463.mzML,1,1,XP_003451196.1,Sodium adduct,E12:Sodium adduct:0.00,PEAKS PTM
S(+57.02)YAIYVYKVLKQVHPD,40.91,1979.0516,16,-6.4,660.6855,58.38,2.1548E4,3,16846,EAM0038_S0F3K_V8-NaPho_1-D7_01_4463.mzML,1,1,XP_003451196.1,Carbamidomethylation (DHKE  X@N-term),S1:Carbamidomethylation (DHKE  X@N-term):61.82,PEAKS PTM
IQTAVRLLLPGE(+57.02)LAKHAVSE,40.74,2201.2532,20,-6.3,551.3159,46.89,1.7387E4,3,12895,EAM0038_S0F3K_V8-NaPho_1-D7_01_4463.mzML,1,1,XP_003451196.1,Carbamidomethylation (DHKE  X@N-term),E12:Carbamidomethylation (DHKE  X@N-term):7.77,PEAKS PTM
VQT(-18.01)AVR(+31.99)LLLPGELAK(+27.99)HAVSE,40.20,2172.1902,20,2.0,1087.1022,57.33,1.7578E4,3,16472,EAM0038_S0F3K_V8-NaPho_1-D7_01_4463.mzML,1,1,XP_003438147.1,Dehydration; Dihydroxy; Formylation,T3:Dehydration:106.42;R6:Dihydroxy:42.68;K15:Formylation:65.04,PEAKS PTM
IQ(+.98)TAVR(+.98)LLLPGELAKHAVSE,40.09,2146.1997,20,3.9,716.4084,49.51,0,3,13812,EAM0038_S0F3K_V8-NaPho_1-D7_01_4463.mzML,0,0,XP_003451196.1,Deamidation (NQ); Citrullination,Q2:Deamidation (NQ):1000.00;R6:Citrullination:1000.00,PEAKS PTM
G(+43.01)TK(+43.01)AVTKYTSSK,40.09,1355.7045,12,-8.1,678.8525,23.19,1.5835E5,3,5168,EAM0038_S0F3K_V8-NaPho_1-D7_01_4463.mzML,1,1,XP_003451196.1:XP_003438147.1,Carbamylation,G1:Carbamylation:35.43;K3:Carbamylation:44.59,PEAKS PTM
I(+57.02)FERIAAE,40.00,1004.5291,8,-3.6,503.2689,34.42,8.6366E4,3,8575,EAM0038_S0F3K_V8-NaPho_1-D7_01_4463.mzML,1,1,XP_003451196.1,Carbamidomethylation (DHKE  X@N-term),I1:Carbamidomethylation (DHKE  X@N-term):32.28,PEAKS PTM
TTN(+.98)GHYAPVTYIQVE,39.87,1692.7994,15,-9.1,847.3974,48.26,0,3,13371,EAM0038_S0F3K_V8-NaPho_1-D7_01_4463.mzML,0,0,|#CONTAM#88194745|ref|YP_499541.1|,Deamidation (NQ),N3:Deamidation (NQ):54.89,PEAKS PTM
E(+61.92)APAPAPAPAKAAKK(+72.02)KKTTASKPKKVGPSVGE,39.29,3273.7510,32,6.1,819.4482,17.38,0,3,2839,EAM0038_S0F3K_V8-NaPho_1-D7_01_4463.mzML,0,0,XP_019209845.1:XP_019209840.1,Replacement of proton by copper; Carboxyethyl,E1:Replacement of proton by copper:85.86;K15:Carboxyethyl:17.01,PEAKS PTM
LLIRK(+27.99)LPFQRLVRE,39.21,1808.1147,14,-1.2,453.0344,49.68,7.3346E4,3,13848,EAM0038_S0F3K_V8-NaPho_1-D7_01_4463.mzML,1,1,XP_005463512.2,Formylation,K5:Formylation:3.56,PEAKS PTM
G(+43.01)TKAVTKYTSSK(+21.98),39.04,1334.6805,12,-9.7,668.3396,17.81,6.0794E4,3,2988,EAM0038_S0F3K_V8-NaPho_1-D7_01_4463.mzML,1,1,XP_003451196.1:XP_003438147.1,Carbamylation; Sodium adduct,G1:Carbamylation:0.00;K12:Sodium adduct:1000.00,PEAKS PTM
I(+57.02)QTAVRLLLPGE(+21.98),38.77,1387.7799,12,-3.3,463.5980,55.45,1.6761E4,3,15834,EAM0038_S0F3K_V8-NaPho_1-D7_01_4463.mzML,1,1,XP_003451196.1,Carbamidomethylation (DHKE  X@N-term); Sodium adduct,I1:Carbamidomethylation (DHKE  X@N-term):1000.00;E12:Sodium adduct:1000.00,PEAKS PTM
TRGVLK(+43.01)VFLE,38.34,1203.6975,10,-5.6,602.8513,59.59,0,3,17241,EAM0038_S0F3K_V8-NaPho_1-D7_01_4463.mzML,0,0,XP_025766521.1,Carbamylation,K6:Carbamylation:10.19,PEAKS PTM
IQTAVRLLLP(+15.99)GELAK(+72.02)HAVSE,38.09,2232.2478,20,-9.1,745.0815,56.33,5.1002E4,3,16112,EAM0038_S0F3K_V8-NaPho_1-D7_01_4463.mzML,1,1,XP_003451196.1,Oxidation or Hydroxylation; Carboxyethyl,P10:Oxidation or Hydroxylation:49.79;K15:Carboxyethyl:1000.00,PEAKS PTM
YLTAEVLE,38.06,936.4804,8,-3.7,469.2447,48.68,3.3046E4,3,13475,EAM0038_S0F3K_V8-NaPho_1-D7_01_4463.mzML,1,1,XP_003458968.1:XP_005464230.1,,,PEAKS DB
G(+27.99)TK(+72.02)AVTKYTSSK,37.70,1369.7089,12,-2.6,685.8584,18.20,0,3,3139,EAM0038_S0F3K_V8-NaPho_1-D7_01_4463.mzML,0,0,XP_003451196.1:XP_003438147.1,Formylation; Carboxyethyl,G1:Formylation:47.92;K3:Carboxyethyl:52.34,PEAKS PTM
Y(+43.01)LTAE(+21.98)ILE,37.57,1015.4838,8,-7.1,508.7444,70.44,0,3,20841,EAM0038_S0F3K_V8-NaPho_1-D7_01_4463.mzML,0,0,XP_013121737.2:XP_003459572.1:XP_003448939.1:XP_003451211.1,Carbamylation; Sodium adduct,Y1:Carbamylation:1000.00;E5:Sodium adduct:32.69,PEAKS PTM
NVIRDAVTY(+15.99)TE,37.14,1295.6357,11,-8.1,648.8185,37.74,2.8553E4,3,9699,EAM0038_S0F3K_V8-NaPho_1-D7_01_4463.mzML,1,1,XP_025766521.1,Oxidation or Hydroxylation,Y9:Oxidation or Hydroxylation:42.68,PEAKS PTM
I(+43.01)AQDFKTD,37.07,979.4611,8,-3.5,490.7350,45.65,4.8234E4,3,12468,EAM0038_S0F3K_V8-NaPho_1-D7_01_4463.mzML,1,1,XP_005463512.2,Carbamylation,I1:Carbamylation:76.17,PEAKS PTM
NVIR(+.98)DAVTYTE(-.98),36.80,1279.6409,11,8.9,640.8320,51.39,0,3,14466,EAM0038_S0F3K_V8-NaPho_1-D7_01_4463.mzML,0,0,XP_025766521.1,Citrullination; Amidation,R4:Citrullination:1000.00;E11:Amidation:1000.00,PEAKS PTM
IQTAVRLLLPGE(+37.95),35.97,1346.7234,12,-1.3,449.9135,53.14,6.0119E4,3,15045,EAM0038_S0F3K_V8-NaPho_1-D7_01_4463.mzML,1,1,XP_003451196.1,Replacement of 2 protons by calcium,E12:Replacement of 2 protons by calcium:1000.00,PEAKS PTM
Y(-18.01)ASAIKKS(+79.97)VE,35.95,1156.5529,10,0.7,579.2828,33.74,0,3,8351,EAM0038_S0F3K_V8-NaPho_1-D7_01_4463.mzML,0,0,#DECOY#XP_003451196.1,Dehydration; Phosphorylation (STY),Y1:Dehydration:0.00;S8:Phosphorylation (STY):0.00,PEAKS PTM
V(+27.99)Q(+.98)T(+114.04)AVRLLLPGELAKHAVSE,35.83,2273.2378,20,8.3,758.7578,53.72,4.0516E4,3,15229,EAM0038_S0F3K_V8-NaPho_1-D7_01_4463.mzML,1,1,XP_003438147.1,Formylation; Deamidation (NQ); Ubiquitin,V1:Formylation:52.67;Q2:Deamidation (NQ):1000.00;T3:Ubiquitin:59.25,PEAKS PTM
AYLVGLFE,35.65,910.4800,8,-1.8,456.2455,68.86,6.768E4,3,20273,EAM0038_S0F3K_V8-NaPho_1-D7_01_4463.mzML,1,1,XP_005463512.2,,,PEAKS DB
IAQDFK(+28.03)TD,35.65,964.4865,8,-5.1,483.2470,21.07,0,3,4120,EAM0038_S0F3K_V8-NaPho_1-D7_01_4463.mzML,0,0,XP_005463512.2,Dimethylation(KR),K6:Dimethylation(KR):1000.00,PEAKS PTM
LGILAMAWAIKE,34.64,1314.7369,12,-2.1,658.3729,61.11,4.1771E4,3,17696,EAM0038_S0F3K_V8-NaPho_1-D7_01_4463.mzML,1,1,,,,PEAKS DB
DTNLEKVRK(+31.99)SARYGR(+14.02)E,34.07,1967.0184,16,9.6,492.7655,28.59,1.0246E5,3,6524,EAM0038_S0F3K_V8-NaPho_1-D7_01_4463.mzML,1,1,,Dihydroxy; Methylation(KR),K9:Dihydroxy:7.65;R15:Methylation(KR):7.77,PEAKS PTM
LVARGYDVE,33.95,1020.5240,9,-4.1,511.2660,25.81,5.9773E4,3,5584,EAM0038_S0F3K_V8-NaPho_1-D7_01_4463.mzML,1,1,XP_003448795.2,,,PEAKS DB
IQTAVRLLLPGELAKHAVSE(+57.02),33.52,2201.2532,20,-9.0,734.7501,48.44,6.3188E5,3,13343,EAM0038_S0F3K_V8-NaPho_1-D7_01_4463.mzML,1,1,XP_003451196.1,Carbamidomethylation (DHKE  X@N-term),E20:Carbamidomethylation (DHKE  X@N-term):10.53,PEAKS PTM
YLTAEILE,33.52,950.4960,8,-2.5,476.2531,54.16,2.0466E5,3,15358,EAM0038_S0F3K_V8-NaPho_1-D7_01_4463.mzML,1,1,XP_013121737.2:XP_003459572.1:XP_003448939.1:XP_003451211.1:XP_005456204.1:XP_003451493.1:XP_013130601.1:XP_013130603.1:XP_013130602.1,,,PEAKS DB
GPSLPKLIVASVTE,33.26,1409.8130,14,-7.4,705.9070,58.19,4.8395E4,3,16680,EAM0038_S0F3K_V8-NaPho_1-D7_01_4463.mzML,1,1,,,,PEAKS DB
GTKAVTKY(-18.01)TSSK,33.16,1251.6823,12,-2.0,626.8458,9.95,2.2927E3,3,1176,EAM0038_S0F3K_V8-NaPho_1-D7_01_4463.mzML,1,1,XP_003451196.1:XP_003438147.1,Dehydration,Y8:Dehydration:0.00,PEAKS PTM
IRRYQKSTE,32.30,1179.6360,9,1.1,394.2188,7.29,1.0362E5,3,429,EAM0038_S0F3K_V8-NaPho_1-D7_01_4463.mzML,1,1,XP_005463512.2,,,PEAKS DB
T(+43.01)RGVLKVFLE(+57.02),32.27,1260.7190,10,-6.0,631.3616,55.65,6.7734E4,3,15918,EAM0038_S0F3K_V8-NaPho_1-D7_01_4463.mzML,1,1,XP_025766521.1,Carbamylation; Carbamidomethylation (DHKE  X@N-term),T1:Carbamylation:5.79;E10:Carbamidomethylation (DHKE  X@N-term):51.80,PEAKS PTM
I(+27.99)Q(+.98)TAVR(+18.04)LLLPGELAKHAVSE,32.19,2191.2485,20,-6.5,731.4171,68.73,0,3,20231,EAM0038_S0F3K_V8-NaPho_1-D7_01_4463.mzML,0,0,XP_003451196.1,Formylation; Deamidation (NQ); monomethylation,I1:Formylation:52.67;Q2:Deamidation (NQ):1000.00;R6:monomethylation:66.45,PEAKS PTM
YLTAE(+37.95)ILE,31.98,988.4430,8,-2.3,495.2265,54.20,1.2103E5,3,15351,EAM0038_S0F3K_V8-NaPho_1-D7_01_4463.mzML,1,1,XP_013121737.2:XP_003459572.1:XP_003448939.1:XP_003451211.1,Replacement of 2 protons by calcium,E5:Replacement of 2 protons by calcium:49.37,PEAKS PTM
NKLNIKVFEGPTKFTHKE,31.21,2129.1633,18,2.7,710.7287,32.60,2.9884E4,3,7930,EAM0038_S0F3K_V8-NaPho_1-D7_01_4463.mzML,1,1,,,,PEAKS DB
LIVK(+57.02)AVAASKE,31.05,1184.7128,11,-9.3,593.3568,19.63,1.1432E4,3,3615,EAM0038_S0F3K_V8-NaPho_1-D7_01_4463.mzML,1,1,XP_013130399.2:XP_019210165.1:XP_019210164.1:XP_019209845.1:XP_019209840.1,Carbamidomethylation (DHKE  X@N-term),K4:Carbamidomethylation (DHKE  X@N-term):0.00,PEAKS PTM
ASRLAHYNKRSTITSRE(+53.92),30.90,2042.9697,17,-6.3,511.7453,16.42,0,3,2458,EAM0038_S0F3K_V8-NaPho_1-D7_01_4463.mzML,0,0,XP_003451196.1,Replacement of 2 protons by iron,E17:Replacement of 2 protons by iron:1000.00,PEAKS PTM
RKVNRIQQVTTNGE,30.60,1641.8910,14,6.3,548.3065,48.79,0,3,13558,EAM0038_S0F3K_V8-NaPho_1-D7_01_4463.mzML,0,0,,,,PEAKS DB
IT(-18.01)TSLGKE(+37.95)VATAQE,30.48,1466.6930,14,-2.4,734.3504,43.11,1.4941E5,3,11718,EAM0038_S0F3K_V8-NaPho_1-D7_01_4463.mzML,1,1,,Dehydration; Replacement of 2 protons by calcium,T2:Dehydration:16.14;E8:Replacement of 2 protons by calcium:47.92,PEAKS PTM
VAPAAAPAP(+15.99)ATE,30.28,1080.5450,12,-5.6,541.2756,20.11,2.0612E5,3,3927,EAM0038_S0F3K_V8-NaPho_1-D7_01_4463.mzML,1,1,XP_003448795.2,Oxidation or Hydroxylation,P9:Oxidation or Hydroxylation:0.00,PEAKS PTM
S(+86.00)VLRHKD(+21.98)PE,30.04,1187.5547,9,-1.6,594.7823,21.14,1.5649E4,3,4127,EAM0038_S0F3K_V8-NaPho_1-D7_01_4463.mzML,1,1,,Malonylation; Sodium adduct,S1:Malonylation:1000.00;D7:Sodium adduct:26.31,PEAKS PTM
APAAKAK(+31.99)AVAE,29.39,1057.5767,11,9.2,529.7993,32.49,2.0243E3,3,7934,EAM0038_S0F3K_V8-NaPho_1-D7_01_4463.mzML,1,1,,Dihydroxy,K7:Dihydroxy:5.99,PEAKS PTM
LAKHAVSE(+37.95),29.37,891.4127,8,-2.5,446.7115,20.42,1.11E5,3,3835,EAM0038_S0F3K_V8-NaPho_1-D7_01_4463.mzML,1,1,XP_003451196.1:XP_003438147.1,Replacement of 2 protons by calcium,E8:Replacement of 2 protons by calcium:1000.00,PEAKS PTM
SFVAATE,29.15,723.3439,7,-9.7,724.3425,26.76,8.4354E4,3,5913,EAM0038_S0F3K_V8-NaPho_1-D7_01_4463.mzML,1,1,,,,PEAKS DB
SSQVYRRND,28.98,1123.5370,9,7.7,562.7789,32.28,0,3,7848,EAM0038_S0F3K_V8-NaPho_1-D7_01_4463.mzML,0,0,,,,PEAKS DB
N(+43.01)VIRD(+37.95)AVTYTE,28.91,1360.5935,11,-1.5,454.5368,54.09,2.0273E5,3,15371,EAM0038_S0F3K_V8-NaPho_1-D7_01_4463.mzML,1,1,XP_025766521.1,Carbamylation; Replacement of 2 protons by calcium,N1:Carbamylation:1000.00;D5:Replacement of 2 protons by calcium:4.12,PEAKS PTM
A(+43.01)SRLAHYN(+.98)KRSTITSRE,28.57,2033.0402,17,-3.0,509.2646,20.68,1.3006E5,3,4089,EAM0038_S0F3K_V8-NaPho_1-D7_01_4463.mzML,1,1,XP_003451196.1,Carbamylation; Deamidation (NQ),A1:Carbamylation:40.94;N8:Deamidation (NQ):1000.00,PEAKS PTM
L(+27.99)AKHAVSE,28.55,881.4606,8,-3.8,441.7349,19.46,6.5407E4,3,3503,EAM0038_S0F3K_V8-NaPho_1-D7_01_4463.mzML,1,1,XP_003451196.1:XP_003438147.1,Formylation,L1:Formylation:7.32,PEAKS PTM
SMIGM(+15.99)RSYETLVR(+18.04)RSKE,28.38,2076.0728,17,-2.1,693.0286,57.64,4.8003E4,3,16560,EAM0038_S0F3K_V8-NaPho_1-D7_01_4463.mzML,1,1,,Oxidation (M); monomethylation,M5:Oxidation (M):28.36;R13:monomethylation:0.00,PEAKS PTM
QTTSPTVSK(+31.99)D,28.32,1094.5092,10,9.1,548.2656,24.31,4.1177E4,3,5289,EAM0038_S0F3K_V8-NaPho_1-D7_01_4463.mzML,1,1,,Dihydroxy,K9:Dihydroxy:12.63,PEAKS PTM
VQT(-18.01)AVR(+31.99)LLLPGELAKH(+57.02)AVSE,28.15,2201.2168,20,2.4,1101.6158,48.44,2.7546E4,3,13404,EAM0038_S0F3K_V8-NaPho_1-D7_01_4463.mzML,1,1,XP_003438147.1,Dehydration; Dihydroxy; Carbamidomethylation (DHKE  X@N-term),T3:Dehydration:93.52;R6:Dihydroxy:38.03;H16:Carbamidomethylation (DHKE  X@N-term):5.55,PEAKS PTM
G(+27.99)TKAVTK(+43.01)YTSSK,28.01,1340.6936,12,-9.8,671.3460,23.66,1.8827E5,3,4864,EAM0038_S0F3K_V8-NaPho_1-D7_01_4463.mzML,1,1,XP_003451196.1:XP_003438147.1,Formylation; Carbamylation,G1:Formylation:9.40;K7:Carbamylation:5.81,PEAKS PTM
TRGVLKVFLE(+37.95),27.93,1198.6387,10,0.0,400.5526,40.87,2.7112E4,3,10805,EAM0038_S0F3K_V8-NaPho_1-D7_01_4463.mzML,1,1,XP_025766521.1,Replacement of 2 protons by calcium,E10:Replacement of 2 protons by calcium:1000.00,PEAKS PTM
GTKAVTK(+72.02)Y(+15.99)TSSK,27.85,1357.7089,12,-7.5,679.8551,10.46,9.2109E3,3,1257,EAM0038_S0F3K_V8-NaPho_1-D7_01_4463.mzML,1,1,XP_003451196.1:XP_003438147.1,Carboxyethyl; Oxidation or Hydroxylation,K7:Carboxyethyl:9.30;Y8:Oxidation or Hydroxylation:11.01,PEAKS PTM
L(+43.01)AKH(+57.02)AVSE,27.77,953.4930,8,-4.7,477.7505,19.73,4.9252E4,3,3644,EAM0038_S0F3K_V8-NaPho_1-D7_01_4463.mzML,1,1,XP_003451196.1:XP_003438147.1,Carbamylation; Carbamidomethylation (DHKE  X@N-term),L1:Carbamylation:22.85;H4:Carbamidomethylation (DHKE  X@N-term):11.06,PEAKS PTM
LIVK(+57.02)AVKE,27.70,955.6066,8,-9.4,478.8050,18.50,8.1166E3,3,3232,EAM0038_S0F3K_V8-NaPho_1-D7_01_4463.mzML,1,1,XP_003448795.2,Carbamidomethylation (DHKE  X@N-term),K4:Carbamidomethylation (DHKE  X@N-term):12.33,PEAKS PTM
NVIRDAVTYTEHAK(+31.99)RKTVTAMD,27.61,2550.2859,22,4.3,638.5801,64.73,3.1199E5,3,18870,EAM0038_S0F3K_V8-NaPho_1-D7_01_4463.mzML,1,1,XP_025766521.1,Dihydroxy,K14:Dihydroxy:10.11,PEAKS PTM
NQSDVILQAKAE,27.28,1314.6779,12,-0.9,658.3442,41.20,0,3,10951,EAM0038_S0F3K_V8-NaPho_1-D7_01_4463.mzML,0,0,,,,PEAKS DB
R(+57.02)K(+42.01)GKDLGAKLAKLD,27.00,1610.9468,14,-9.3,537.9833,40.81,1.5373E6,3,10758,EAM0038_S0F3K_V8-NaPho_1-D7_01_4463.mzML,1,1,,Carbamidomethylation (DHKE  X@N-term); Acetylation (K),R1:Carbamidomethylation (DHKE  X@N-term):14.71;K2:Acetylation (K):0.00,PEAKS PTM
NVIRDAVTYTEHAKR(+15.99)K(+31.99)TVTAMD,26.62,2566.2810,22,4.1,856.4359,37.68,1.6798E4,3,9691,EAM0038_S0F3K_V8-NaPho_1-D7_01_4463.mzML,1,1,XP_025766521.1,Oxidation or Hydroxylation; Dihydroxy,R15:Oxidation or Hydroxylation:0.00;K16:Dihydroxy:0.00,PEAKS PTM
LKGRGSAT(-18.01)AIGGIHD,26.52,1433.7739,15,-0.1,478.9308,40.77,1.9479E5,3,10964,EAM0038_S0F3K_V8-NaPho_1-D7_01_4463.mzML,1,1,,Dehydration,T8:Dehydration:3.61,PEAKS PTM
T(+27.99)RGVLK(+43.01)VFLE,26.01,1231.6924,10,-6.8,616.8479,69.28,1.2144E4,3,20471,EAM0038_S0F3K_V8-NaPho_1-D7_01_4463.mzML,1,1,XP_025766521.1,Formylation; Carbamylation,T1:Formylation:7.38;K6:Carbamylation:7.38,PEAKS PTM
R(+27.99)(+.98)KGLSLAAIKKD,25.91,1327.7823,12,-2.6,443.5993,18.22,1.5613E5,3,3357,EAM0038_S0F3K_V8-NaPho_1-D7_01_4463.mzML,1,1,XP_003448795.2,Formylation; Citrullination,R1:Formylation:14.02;R1:Citrullination:1000.00,PEAKS PTM
VVK(+18.04)PAT(+79.97)MS(-18.01)NNAE,25.88,1339.6116,12,-9.9,447.5391,39.33,0,3,10294,EAM0038_S0F3K_V8-NaPho_1-D7_01_4463.mzML,0,0,|#CONTAM#88194745|ref|YP_499541.1|,monomethylation; Phosphorylation (STY); Dehydration,K3:monomethylation:14.04;T6:Phosphorylation (STY):0.00;S8:Dehydration:0.00,PEAKS PTM
QGKAGVSSRPE,25.86,1114.5730,11,7.1,558.2965,38.44,0,3,9973,EAM0038_S0F3K_V8-NaPho_1-D7_01_4463.mzML,0,0,,,,PEAKS DB
NVIRDAVTYTE(+21.98),25.83,1301.6228,11,-7.2,651.8126,37.65,1.2609E6,3,9651,EAM0038_S0F3K_V8-NaPho_1-D7_01_4463.mzML,1,1,XP_025766521.1,Sodium adduct,E11:Sodium adduct:30.02,PEAKS PTM
EALRYALAPQLVLRFVQE,25.78,2115.1841,18,0.1,706.0671,30.54,1.2687E5,3,7397,EAM0038_S0F3K_V8-NaPho_1-D7_01_4463.mzML,1,1,,,,PEAKS DB
AS(+86.00)KKK(+72.02)GKSSTE,25.62,1307.6569,11,4.6,436.8939,24.12,2.4796E5,3,5078,EAM0038_S0F3K_V8-NaPho_1-D7_01_4463.mzML,2,2,XP_003438147.1,Malonylation; Carboxyethyl,S2:Malonylation:37.50;K5:Carboxyethyl:18.53,PEAKS PTM
ELQSLAGKHGD,25.26,1153.5728,11,-0.2,577.7922,17.01,1.1256E4,3,2708,EAM0038_S0F3K_V8-NaPho_1-D7_01_4463.mzML,1,1,,,,PEAKS DB
IATYRSLLE,24.70,1064.5865,9,-4.8,533.2968,40.49,4.1018E4,3,10636,EAM0038_S0F3K_V8-NaPho_1-D7_01_4463.mzML,1,1,,,,PEAKS DB
L(+57.02)ALGISTKAVTALD,24.70,1428.8187,14,-2.3,477.2780,50.09,4.6649E4,3,13964,EAM0038_S0F3K_V8-NaPho_1-D7_01_4463.mzML,1,1,,Carbamidomethylation (DHKE  X@N-term),L1:Carbamidomethylation (DHKE  X@N-term):23.96,PEAKS PTM
LQSLNKTRSALE,24.59,1358.7517,12,8.6,680.3875,28.41,1.6974E5,3,6436,EAM0038_S0F3K_V8-NaPho_1-D7_01_4463.mzML,1,1,,,,PEAKS DB
A(+42.01)SK(+15.99)KKGKSSTE,24.50,1207.6407,11,-9.7,403.5494,16.97,1.4629E5,3,2649,EAM0038_S0F3K_V8-NaPho_1-D7_01_4463.mzML,1,1,XP_003438147.1,Acetylation (Protein N-term); Oxidation or Hydroxylation,A1:Acetylation (Protein N-term):1000.00;K3:Oxidation or Hydroxylation:11.12,PEAKS PTM
LLIRKLPFQRLVRE(+53.92),24.45,1834.0392,14,-3.1,459.5146,39.54,0,3,10364,EAM0038_S0F3K_V8-NaPho_1-D7_01_4463.mzML,0,0,XP_005463512.2,Replacement of 2 protons by iron,E14:Replacement of 2 protons by iron:1000.00,PEAKS PTM
T(+27.99)RGVLK(+71.01)VFLE(+37.95)NVIRDAVTYTE,24.38,2559.2771,21,-6.1,854.0925,37.65,4.0568E4,3,9669,EAM0038_S0F3K_V8-NaPho_1-D7_01_4463.mzML,1,1,XP_025766521.1,Formylation; Lactylation; Replacement of 2 protons by calcium,T1:Formylation:1000.00;K6:Lactylation:1000.00;E10:Replacement of 2 protons by calcium:39.44,PEAKS PTM
I(+43.01)AQD(+21.98)FKTD,24.36,1001.4430,8,-5.4,501.7249,45.62,1.2909E4,3,12484,EAM0038_S0F3K_V8-NaPho_1-D7_01_4463.mzML,1,1,XP_005463512.2,Carbamylation; Sodium adduct,I1:Carbamylation:55.60;D4:Sodium adduct:38.03,PEAKS PTM
GTK(+43.01)AVTKYTSSK,24.35,1312.6986,12,-5.3,657.3516,18.82,0,3,3354,EAM0038_S0F3K_V8-NaPho_1-D7_01_4463.mzML,0,0,XP_003451196.1:XP_003438147.1,Carbamylation,K3:Carbamylation:0.00,PEAKS PTM
SAAT(+79.97)RYPVSLWR(+31.99)TE,23.96,1747.7930,14,-6.5,437.9517,49.02,6.2321E4,3,13658,EAM0038_S0F3K_V8-NaPho_1-D7_01_4463.mzML,1,1,XP_013121737.2,Phosphorylation (STY); Dihydroxy,T4:Phosphorylation (STY):0.00;R12:Dihydroxy:14.02,PEAKS PTM
PQGLTGSE,23.84,787.3712,8,7.2,788.3823,49.74,0,3,13889,EAM0038_S0F3K_V8-NaPho_1-D7_01_4463.mzML,0,0,,,,PEAKS DB
ETRGVLK(+43.01)VFLE,23.71,1332.7401,11,-8.5,667.3702,60.26,0,3,17465,EAM0038_S0F3K_V8-NaPho_1-D7_01_4463.mzML,0,0,XP_025766521.1,Carbamylation,K7:Carbamylation:2.81,PEAKS PTM
I(+27.99)RRYQKSTE,23.67,1207.6309,9,-8.0,604.8165,16.97,3.8307E4,3,2662,EAM0038_S0F3K_V8-NaPho_1-D7_01_4463.mzML,1,1,XP_005463512.2,Formylation,I1:Formylation:26.93,PEAKS PTM
LVGIKRDLEALSKQCNKLLD,23.56,2255.2671,20,6.4,752.7661,41.05,1.3396E5,3,10837,EAM0038_S0F3K_V8-NaPho_1-D7_01_4463.mzML,1,1,,,,PEAKS DB
YSKQTRLSPDE,23.42,1322.6466,11,-1.6,662.3281,21.80,1.3308E6,3,4491,EAM0038_S0F3K_V8-NaPho_1-D7_01_4463.mzML,2,2,,,,PEAKS DB
I(+43.01)QTAVRLLLPGE(+37.95)LAKHAVSE,23.24,2225.1843,20,-4.0,557.2999,68.75,0,3,20237,EAM0038_S0F3K_V8-NaPho_1-D7_01_4463.mzML,0,0,XP_003451196.1,Carbamylation; Replacement of 2 protons by calcium,I1:Carbamylation:19.22;E12:Replacement of 2 protons by calcium:7.23,PEAKS PTM
AK(+14.02)AKPT(+79.97)LE,23.21,950.4838,8,0.5,951.4894,56.76,0,3,16297,EAM0038_S0F3K_V8-NaPho_1-D7_01_4463.mzML,0,0,,Methylation(KR); Phosphorylation (STY),K2:Methylation(KR):11.10;T6:Phosphorylation (STY):1000.00,PEAKS PTM
V(+226.08)AP(+15.99)AAAPAPATE,23.19,1306.6227,12,6.3,654.3213,42.67,1.6203E5,3,11449,EAM0038_S0F3K_V8-NaPho_1-D7_01_4463.mzML,1,1,XP_003448795.2,Biotinylation; Oxidation or Hydroxylation,V1:Biotinylation:1000.00;P3:Oxidation or Hydroxylation:48.12,PEAKS PTM
LIESSAGE,23.03,804.3865,8,7.3,805.3978,71.22,0,3,21047,EAM0038_S0F3K_V8-NaPho_1-D7_01_4463.mzML,0,0,,,,PEAKS DB
LFDTPNKE,22.66,962.4709,8,-3.4,482.2400,21.80,1.9991E4,3,4382,EAM0038_S0F3K_V8-NaPho_1-D7_01_4463.mzML,1,1,,,,PEAKS DB
IVAAGPD,22.64,641.3384,7,9.3,642.3502,18.48,0,3,3236,EAM0038_S0F3K_V8-NaPho_1-D7_01_4463.mzML,0,0,,,,PEAKS DB
VDAAYANKVE,22.51,1078.5294,10,4.8,540.2734,18.46,5.9513E4,3,3208,EAM0038_S0F3K_V8-NaPho_1-D7_01_4463.mzML,1,1,,,,PEAKS DB
R(+43.01)VGAGAPVYLAAVLE(+37.95),22.49,1565.7878,15,-5.0,522.9328,69.14,1.7824E4,3,20400,EAM0038_S0F3K_V8-NaPho_1-D7_01_4463.mzML,1,1,XP_013121737.2:XP_003459572.1:XP_003448939.1:XP_003451211.1,Carbamylation; Replacement of 2 protons by calcium,R1:Carbamylation:1000.00;E15:Replacement of 2 protons by calcium:1000.00,PEAKS PTM
TVKQQIE,22.37,844.4654,7,-2.9,423.2378,18.19,5.7996E4,3,3465,EAM0038_S0F3K_V8-NaPho_1-D7_01_4463.mzML,1,1,,,,PEAKS DB
KNTGAID,22.26,717.3657,7,-8.8,718.3651,51.51,0,3,14507,EAM0038_S0F3K_V8-NaPho_1-D7_01_4463.mzML,0,0,,,,PEAKS DB
SAVLLCVTLNVAE,22.11,1330.7167,13,-6.6,666.3597,30.54,1.4446E4,3,7235,EAM0038_S0F3K_V8-NaPho_1-D7_01_4463.mzML,1,1,,,,PEAKS DB
IFER(+15.99)IAAE,22.04,963.5025,8,-5.0,482.7550,31.05,1.0273E5,3,7418,EAM0038_S0F3K_V8-NaPho_1-D7_01_4463.mzML,1,1,XP_003451196.1,Oxidation or Hydroxylation,R4:Oxidation or Hydroxylation:1000.00,PEAKS PTM
IQTAVRLLLPGELAKH(+61.92)AVSE,21.99,2206.1536,20,-0.4,736.3898,48.28,0,3,13378,EAM0038_S0F3K_V8-NaPho_1-D7_01_4463.mzML,0,0,XP_003451196.1,Replacement of proton by copper,H16:Replacement of proton by copper:9.85,PEAKS PTM
AP(+31.99)AAK(+27.99)AKAVAE,21.93,1085.5717,11,7.5,543.7960,21.51,0,3,4269,EAM0038_S0F3K_V8-NaPho_1-D7_01_4463.mzML,0,0,,Dihydroxy; Formylation,P2:Dihydroxy:8.19;K5:Formylation:0.00,PEAKS PTM
RGPK(+27.99)K(+43.01)LE,21.86,897.5032,7,-2.6,449.7567,41.08,7.0701E4,3,10898,EAM0038_S0F3K_V8-NaPho_1-D7_01_4463.mzML,1,1,,Formylation; Carbamylation,K4:Formylation:10.11;K5:Carbamylation:10.11,PEAKS PTM
SSK(+226.08)RKAS(+79.97)VVQRTVE,21.86,1879.9338,14,0.9,627.6511,33.04,1.3402E4,3,8077,EAM0038_S0F3K_V8-NaPho_1-D7_01_4463.mzML,1,1,#DECOY#XP_003451196.1,Biotinylation; Phosphorylation (STY),K3:Biotinylation:0.00;S7:Phosphorylation (STY):0.00,PEAKS PTM
T(+57.02)RGVLK(+43.01)VFLE,21.75,1260.7190,10,-9.8,631.3592,58.79,7.6003E3,3,16974,EAM0038_S0F3K_V8-NaPho_1-D7_01_4463.mzML,1,1,XP_025766521.1,Carbamidomethylation (DHKE  X@N-term); Carbamylation,T1:Carbamidomethylation (DHKE  X@N-term):22.07;K6:Carbamylation:22.07,PEAKS PTM
SRQKQSE,21.70,861.4304,7,6.6,862.4415,62.71,1.2489E5,3,18474,EAM0038_S0F3K_V8-NaPho_1-D7_01_4463.mzML,1,1,,,,PEAKS DB
ARLK(+57.02)S(+44.01)KINLE,21.69,1271.7383,10,-6.0,424.9165,42.49,2.1192E4,3,11373,EAM0038_S0F3K_V8-NaPho_1-D7_01_4463.mzML,1,1,,Carbamidomethylation (DHKE  X@N-term); S-Ethylcystine from Serine,K4:Carbamidomethylation (DHKE  X@N-term):0.00;S5:S-Ethylcystine from Serine:1000.00,PEAKS PTM
L(+27.99)ELAGK(+71.01)LGNLD,21.62,1240.6425,11,9.8,621.3332,30.51,0,3,7231,EAM0038_S0F3K_V8-NaPho_1-D7_01_4463.mzML,0,0,,Formylation; Lactylation,L1:Formylation:1000.00;K6:Lactylation:1000.00,PEAKS PTM
G(+27.99)T(-18.01)K(+31.99)AVTKYTSSK,21.59,1311.6670,12,-7.1,438.2255,20.58,0,3,3952,EAM0038_S0F3K_V8-NaPho_1-D7_01_4463.mzML,0,0,XP_003451196.1:XP_003438147.1,Formylation; Dehydration; Dihydroxy,G1:Formylation:19.69;T2:Dehydration:13.63;K3:Dihydroxy:28.70,PEAKS PTM
RSLEGLE,21.28,802.4185,7,0.8,803.4246,39.32,0,3,10290,EAM0038_S0F3K_V8-NaPho_1-D7_01_4463.mzML,0,0,,,,PEAKS DB
IFER(+28.03)IAAE,21.25,975.5389,8,-4.6,488.7734,35.24,5.1536E4,3,8843,EAM0038_S0F3K_V8-NaPho_1-D7_01_4463.mzML,1,1,XP_003451196.1,Dimethylation(KR),R4:Dimethylation(KR):1000.00,PEAKS PTM
TR(+.98)GVLK(+57.02)VFLE,21.13,1218.6971,10,-6.3,610.3506,51.01,1.6998E5,3,14253,EAM0038_S0F3K_V8-NaPho_1-D7_01_4463.mzML,1,1,XP_025766521.1,Citrullination; Carbamidomethylation (DHKE  X@N-term),R2:Citrullination:1000.00;K6:Carbamidomethylation (DHKE  X@N-term):0.00,PEAKS PTM
IFRSLMYWITIQYD,20.92,1847.9280,14,8.7,616.9872,61.38,1.198E4,3,17816,EAM0038_S0F3K_V8-NaPho_1-D7_01_4463.mzML,1,1,,,,PEAKS DB
SVLR(+31.99)HK(+15.99)DPED,20.88,1242.5840,10,-5.5,622.2945,42.25,0,3,11328,EAM0038_S0F3K_V8-NaPho_1-D7_01_4463.mzML,0,0,,Dihydroxy; Oxidation or Hydroxylation,R4:Dihydroxy:6.65;K6:Oxidation or Hydroxylation:0.00,PEAKS PTM
R(+27.99)K(+71.01)GK(+57.02)DLGAKLAKLD,20.68,1667.9443,14,4.4,556.9899,41.11,1.3431E5,3,10853,EAM0038_S0F3K_V8-NaPho_1-D7_01_4463.mzML,1,1,,Formylation; Lactylation; Carbamidomethylation (DHKE  X@N-term),R1:Formylation:19.05;K2:Lactylation:22.85;K4:Carbamidomethylation (DHKE  X@N-term):0.00,PEAKS PTM
L(+43.01)RFQSSAVM(+15.99)ALQE,20.45,1537.7559,13,-4.6,769.8799,55.98,0,3,16035,EAM0038_S0F3K_V8-NaPho_1-D7_01_4463.mzML,0,0,XP_005463512.2,Carbamylation; Oxidation (M),L1:Carbamylation:1000.00;M9:Oxidation (M):1000.00,PEAKS PTM
NVTILNRSVD,20.38,1129.6091,10,9.3,377.5463,22.88,1.6409E4,3,4689,EAM0038_S0F3K_V8-NaPho_1-D7_01_4463.mzML,1,1,,,,PEAKS DB
GASQARSPQLRAE,20.38,1369.7062,13,-0.4,685.8586,16.91,5.6302E4,3,2632,EAM0038_S0F3K_V8-NaPho_1-D7_01_4463.mzML,1,1,,,,PEAKS DB
TNLEK(+114.04)VRKSARYGRE,20.24,1920.0289,15,6.0,481.0163,39.15,3.5784E4,3,10202,EAM0038_S0F3K_V8-NaPho_1-D7_01_4463.mzML,1,1,,Ubiquitin,K5:Ubiquitin:6.65,PEAKS PTM
GGLFSGGE,20.21,722.3235,8,-9.3,723.3224,30.90,0,3,7369,EAM0038_S0F3K_V8-NaPho_1-D7_01_4463.mzML,0,0,,,,PEAKS DB
VKALIAE,20.16,742.4589,7,-0.8,372.2356,24.23,1.1129E5,3,5122,EAM0038_S0F3K_V8-NaPho_1-D7_01_4463.mzML,1,1,,,,PEAKS DB
LALGISTKAVTALD(-.98)(+15.99),20.09,1386.8082,14,7.7,463.2792,26.61,0,3,5887,EAM0038_S0F3K_V8-NaPho_1-D7_01_4463.mzML,0,0,,Amidation; Oxidation or Hydroxylation,D14:Amidation:1000.00;D14:Oxidation or Hydroxylation:6.04,PEAKS PTM
RIQHVLIID,20.08,1105.6608,9,-8.5,369.5569,28.24,2.0423E4,3,6393,EAM0038_S0F3K_V8-NaPho_1-D7_01_4463.mzML,1,1,,,,PEAKS DB
AVGARAE,19.98,672.3555,7,-0.2,673.3611,50.42,0,3,14127,EAM0038_S0F3K_V8-NaPho_1-D7_01_4463.mzML,0,0,,,,PEAKS DB
V(+27.99)QTAVR(+.98)LLLPGE(+37.95)LAKHAVSE,19.97,2197.1418,20,-2.7,550.2900,48.89,2.9503E5,3,13572,EAM0038_S0F3K_V8-NaPho_1-D7_01_4463.mzML,1,1,XP_003438147.1,Formylation; Citrullination; Replacement of 2 protons by calcium,V1:Formylation:10.86;R6:Citrullination:1000.00;E12:Replacement of 2 protons by calcium:28.38,PEAKS PTM
SMIGMR(+14.02)SYETLVRRS(+114.04)KE,19.87,2170.0986,17,9.2,724.3785,28.52,4.2922E5,3,6451,EAM0038_S0F3K_V8-NaPho_1-D7_01_4463.mzML,1,1,,Methylation(KR); Ubiquitin,R6:Methylation(KR):10.13;S15:Ubiquitin:7.26,PEAKS PTM
SLKQLQE,19.80,844.4654,7,-2.9,423.2378,18.19,5.7996E4,3,3160,EAM0038_S0F3K_V8-NaPho_1-D7_01_4463.mzML,1,1,,,,PEAKS DB
L(+43.01)AKHAVSE(+21.98),19.73,918.4535,8,-3.0,460.2316,20.22,4.2052E4,3,3832,EAM0038_S0F3K_V8-NaPho_1-D7_01_4463.mzML,1,1,XP_003451196.1:XP_003438147.1,Carbamylation; Sodium adduct,L1:Carbamylation:36.05;E8:Sodium adduct:1000.00,PEAKS PTM
GIGTLKE,19.68,716.4069,7,1.5,717.4136,44.33,0,3,12046,EAM0038_S0F3K_V8-NaPho_1-D7_01_4463.mzML,0,0,,,,PEAKS DB
L(+27.99)AGNAARD,19.59,814.3933,8,7.6,815.4050,47.24,0,3,13036,EAM0038_S0F3K_V8-NaPho_1-D7_01_4463.mzML,0,0,XP_013121737.2:XP_003459572.1:XP_003448939.1:XP_003451211.1,Formylation,L1:Formylation:1000.00,PEAKS PTM
QQSIKSELLLD,19.58,1272.6925,11,-5.3,637.3488,50.76,0,3,14248,EAM0038_S0F3K_V8-NaPho_1-D7_01_4463.mzML,0,0,,,,PEAKS DB
INSIRRILD,19.53,1098.6509,9,7.4,550.3356,69.95,0,3,20693,EAM0038_S0F3K_V8-NaPho_1-D7_01_4463.mzML,0,0,,,,PEAKS DB
INSLRRILD,19.53,1098.6509,9,7.4,550.3356,69.95,0,3,20693,EAM0038_S0F3K_V8-NaPho_1-D7_01_4463.mzML,0,0,,,,PEAKS DB
GLVSEIKKEGHNALAKKD,19.52,1936.0741,18,9.5,646.3700,19.63,1.1218E5,3,3561,EAM0038_S0F3K_V8-NaPho_1-D7_01_4463.mzML,1,1,,,,PEAKS DB
IQTAVRLLLPGELAK(+114.04)HAVSE,19.51,2258.2747,20,-2.7,565.5732,47.27,1.2447E4,3,13017,EAM0038_S0F3K_V8-NaPho_1-D7_01_4463.mzML,1,1,XP_003451196.1,Ubiquitin,K15:Ubiquitin:2.44,PEAKS PTM
ATLMSPKGMAVD,19.49,1219.5941,12,-5.8,610.7994,60.61,2.9834E4,3,17524,EAM0038_S0F3K_V8-NaPho_1-D7_01_4463.mzML,1,1,,,,PEAKS DB
IQTAVR(+15.99)LLLPAAE(-.98)(+53.92),19.47,1462.7594,13,2.0,732.3868,47.50,3.3905E5,3,13261,EAM0038_S0F3K_V8-NaPho_1-D7_01_4463.mzML,1,1,,Oxidation or Hydroxylation; Amidation; Replacement of 2 protons by iron,R6:Oxidation or Hydroxylation:42.48;E13:Amidation:1000.00;E13:Replacement of 2 protons by iron:1000.00,PEAKS PTM
G(+43.01)TAGK(+15.99)AAAKLPIAVE,19.28,1454.8092,15,3.9,485.9445,16.81,3.7294E5,3,2476,EAM0038_S0F3K_V8-NaPho_1-D7_01_4463.mzML,1,1,,Carbamylation; Oxidation or Hydroxylation,G1:Carbamylation:5.09;K5:Oxidation or Hydroxylation:9.85,PEAKS PTM
SMQRALE,19.25,833.4065,7,-3.3,834.4092,53.56,0,3,15203,EAM0038_S0F3K_V8-NaPho_1-D7_01_4463.mzML,0,0,,,,PEAKS DB
KVTMQNLNDRLASYLD,19.17,1879.9462,16,2.2,940.9803,59.96,0,3,17364,EAM0038_S0F3K_V8-NaPho_1-D7_01_4463.mzML,0,0,,,,PEAKS DB
QLFCKHERLYPE,19.05,1561.7711,12,-0.2,521.5964,36.51,6.1103E5,3,9252,EAM0038_S0F3K_V8-NaPho_1-D7_01_4463.mzML,1,1,,,,PEAKS DB
LLKIDPD,18.90,812.4644,7,-3.1,407.2373,21.08,3.5532E4,3,4305,EAM0038_S0F3K_V8-NaPho_1-D7_01_4463.mzML,1,1,,,,PEAKS DB
IQTAVR(+.98)LLLP(+31.99)GE(+61.92)LAKHAVSE,18.89,2239.1272,20,1.1,747.3822,48.87,0,3,13589,EAM0038_S0F3K_V8-NaPho_1-D7_01_4463.mzML,0,0,XP_003451196.1,Citrullination; Dihydroxy; Replacement of proton by copper,R6:Citrullination:1000.00;P10:Dihydroxy:25.58;E12:Replacement of proton by copper:42.89,PEAKS PTM
GHNALAKKD,18.82,952.5090,9,-7.3,477.2572,34.24,0,3,8523,EAM0038_S0F3K_V8-NaPho_1-D7_01_4463.mzML,0,0,,,,PEAKS DB
AQSGKLRD,18.79,873.4668,8,-5.8,874.4671,49.26,0,3,13723,EAM0038_S0F3K_V8-NaPho_1-D7_01_4463.mzML,0,0,,,,PEAKS DB
VQNGILYKGNGE,18.62,1290.6567,12,9.9,431.2295,19.19,0,3,3478,EAM0038_S0F3K_V8-NaPho_1-D7_01_4463.mzML,0,0,,,,PEAKS DB
T(+114.04)HHNKIRKYLAK(+18.04)GTD,18.56,1913.0504,15,-1.7,638.6882,69.08,9.7638E3,3,20368,EAM0038_S0F3K_V8-NaPho_1-D7_01_4463.mzML,1,1,#DECOY#XP_003451196.1,Ubiquitin; monomethylation,T1:Ubiquitin:7.69;K12:monomethylation:16.08,PEAKS PTM
SSKRK(+43.01)ASVVQRTVE,18.54,1616.8958,14,-1.9,539.9703,34.38,2.3495E4,3,8530,EAM0038_S0F3K_V8-NaPho_1-D7_01_4463.mzML,1,1,#DECOY#XP_003451196.1,Carbamylation,K5:Carbamylation:0.00,PEAKS PTM
VIS(+86.00)P(+31.99)GEKINMD,18.50,1319.5914,11,-9.1,440.8661,22.42,0,3,4578,EAM0038_S0F3K_V8-NaPho_1-D7_01_4463.mzML,0,0,,Malonylation; Dihydroxy,S3:Malonylation:1000.00;P4:Dihydroxy:0.00,PEAKS PTM
Y(+43.01)LTAEILE(-.98),18.42,992.5178,8,9.3,497.2697,70.44,0,3,20840,EAM0038_S0F3K_V8-NaPho_1-D7_01_4463.mzML,0,0,XP_013121737.2:XP_003459572.1:XP_003448939.1:XP_003451211.1,Carbamylation; Amidation,Y1:Carbamylation:1000.00;E8:Amidation:1000.00,PEAKS PTM
GTK(+43.01)AVTKYTSSK(+21.98),18.38,1334.6805,12,-9.7,668.3396,17.81,6.0794E4,3,2964,EAM0038_S0F3K_V8-NaPho_1-D7_01_4463.mzML,1,1,XP_003451196.1:XP_003438147.1,Carbamylation; Sodium adduct,K3:Carbamylation:0.00;K12:Sodium adduct:1000.00,PEAKS PTM
LKGRGS(+44.01)AT(+79.97)AIGGIHD,18.34,1575.7593,15,6.1,526.2624,38.12,0,3,9862,EAM0038_S0F3K_V8-NaPho_1-D7_01_4463.mzML,0,0,,S-Ethylcystine from Serine; Phosphorylation (STY),S6:S-Ethylcystine from Serine:1000.00;T8:Phosphorylation (STY):1000.00,PEAKS PTM
LAGNAAR(+14.02)D,18.33,800.4141,8,8.1,801.4260,28.16,0,3,6407,EAM0038_S0F3K_V8-NaPho_1-D7_01_4463.mzML,0,0,XP_013121737.2:XP_003459572.1:XP_003448939.1:XP_003451211.1,Methylation(KR),R7:Methylation(KR):1000.00,PEAKS PTM
IAITHHVKE,18.32,1046.5873,9,-1.3,524.2991,29.66,0,3,6930,EAM0038_S0F3K_V8-NaPho_1-D7_01_4463.mzML,0,0,,,,PEAKS DB
EYSKQTRLSPD,18.27,1322.6466,11,1.7,662.3303,38.45,1.66E5,3,9883,EAM0038_S0F3K_V8-NaPho_1-D7_01_4463.mzML,1,1,,,,PEAKS DB
VDGIIAE,18.27,715.3752,7,9.5,716.3876,32.33,0,3,7864,EAM0038_S0F3K_V8-NaPho_1-D7_01_4463.mzML,0,0,,,,PEAKS DB
DRHMSLPEKQKLVE,18.27,1708.8929,14,-3.7,428.2280,40.22,6.9959E4,3,10531,EAM0038_S0F3K_V8-NaPho_1-D7_01_4463.mzML,1,1,,,,PEAKS DB
A(+27.99)SRGNVAIIKRGD,18.23,1383.7582,13,4.8,462.2612,16.92,0,3,2659,EAM0038_S0F3K_V8-NaPho_1-D7_01_4463.mzML,0,0,,Formylation,A1:Formylation:28.42,PEAKS PTM
L(+57.02)AGNAARD(-.98),18.00,842.4359,8,-7.2,843.4352,56.25,0,3,16130,EAM0038_S0F3K_V8-NaPho_1-D7_01_4463.mzML,0,0,XP_013121737.2:XP_003459572.1:XP_003448939.1:XP_003451211.1,Carbamidomethylation (DHKE  X@N-term); Amidation,L1:Carbamidomethylation (DHKE  X@N-term):1000.00;D8:Amidation:1000.00,PEAKS PTM
WQLSTARKQGTSTAGLRE,17.96,1989.0392,18,-8.5,995.5162,16.46,8.7371E4,3,2451,EAM0038_S0F3K_V8-NaPho_1-D7_01_4463.mzML,1,1,,,,PEAKS DB
L(+43.01)AGNAARD,17.84,829.4042,8,3.2,830.4123,51.92,0,3,14651,EAM0038_S0F3K_V8-NaPho_1-D7_01_4463.mzML,0,0,XP_013121737.2:XP_003459572.1:XP_003448939.1:XP_003451211.1,Carbamylation,L1:Carbamylation:1000.00,PEAKS PTM
QIALSAQE,17.69,858.4447,8,2.8,859.4525,33.67,0,3,8326,EAM0038_S0F3K_V8-NaPho_1-D7_01_4463.mzML,0,0,,,,PEAKS DB
RKGK(+27.99)DLGAKLAK(+71.01)LD,17.69,1610.9229,14,5.5,537.9833,40.81,1.5373E6,3,10946,EAM0038_S0F3K_V8-NaPho_1-D7_01_4463.mzML,1,1,,Formylation; Lactylation,K4:Formylation:0.00;K12:Lactylation:13.37,PEAKS PTM
INELNRMIQRLTAE,17.67,1699.9039,14,-4.7,567.6380,61.42,0,3,17842,EAM0038_S0F3K_V8-NaPho_1-D7_01_4463.mzML,0,0,,,,PEAKS DB
SYSTAPLTRK(+27.99)E,17.67,1279.6407,11,1.3,640.8270,27.63,2.1196E5,3,6347,EAM0038_S0F3K_V8-NaPho_1-D7_01_4463.mzML,1,1,,Formylation,K10:Formylation:18.61,PEAKS PTM
RGPKGVHE,17.66,878.4722,8,-9.1,440.2384,24.51,0,3,5262,EAM0038_S0F3K_V8-NaPho_1-D7_01_4463.mzML,0,0,,,,PEAKS DB
AEVTALDE,17.64,846.3970,8,9.4,847.4104,28.73,0,3,6607,EAM0038_S0F3K_V8-NaPho_1-D7_01_4463.mzML,0,0,,,,PEAKS DB
VYKALDNNLSKE,17.60,1392.7249,12,5.2,465.2503,16.65,5.1793E4,3,2529,EAM0038_S0F3K_V8-NaPho_1-D7_01_4463.mzML,1,1,,,,PEAKS DB
TFGMVVKMLIE,17.46,1266.6716,11,-6.8,634.3374,39.97,0,3,10512,EAM0038_S0F3K_V8-NaPho_1-D7_01_4463.mzML,0,0,,,,PEAKS DB
TISAATPE,17.43,788.3916,8,-9.5,789.3896,50.68,0,3,14220,EAM0038_S0F3K_V8-NaPho_1-D7_01_4463.mzML,0,0,,,,PEAKS DB
RRQQLLKSE,17.41,1156.6676,9,-3.5,579.3378,35.57,5.2016E4,3,9078,EAM0038_S0F3K_V8-NaPho_1-D7_01_4463.mzML,1,1,,,,PEAKS DB
LPGERKTKTE,17.38,1157.6404,10,-7.7,579.8217,21.98,0,3,4426,EAM0038_S0F3K_V8-NaPho_1-D7_01_4463.mzML,0,0,,,,PEAKS DB
LNRVIQRLRSEID,17.26,1610.9216,13,6.3,537.9833,40.81,2.1306E6,3,10671,EAM0038_S0F3K_V8-NaPho_1-D7_01_4463.mzML,2,2,,,,PEAKS DB
KPVATMWESKGKITYLKGE(+57.02),17.16,2222.1768,19,9.7,556.5556,22.81,7.6853E4,3,4752,EAM0038_S0F3K_V8-NaPho_1-D7_01_4463.mzML,1,1,|#CONTAM#88194745|ref|YP_499541.1|,Carbamidomethylation (DHKE  X@N-term),E19:Carbamidomethylation (DHKE  X@N-term):11.10,PEAKS PTM
NKSEPGKE,17.09,887.4348,8,5.6,444.7262,19.80,1.4609E5,3,3643,EAM0038_S0F3K_V8-NaPho_1-D7_01_4463.mzML,1,1,,,,PEAKS DB
RQQPLKE,17.09,897.5032,7,-2.6,449.7567,41.08,7.0701E4,3,10814,EAM0038_S0F3K_V8-NaPho_1-D7_01_4463.mzML,1,1,,,,PEAKS DB
QLHQVRTETE,17.08,1239.6207,10,5.7,620.8198,21.46,4.0754E4,3,4245,EAM0038_S0F3K_V8-NaPho_1-D7_01_4463.mzML,1,1,,,,PEAKS DB
IQTAVRLLLP(+15.99)GELAK(+31.99)H(+61.92)AVSE,17.01,2254.1382,20,6.5,564.5443,51.05,4.8422E4,3,14308,EAM0038_S0F3K_V8-NaPho_1-D7_01_4463.mzML,1,1,XP_003451196.1,Oxidation or Hydroxylation; Dihydroxy; Replacement of proton by copper,P10:Oxidation or Hydroxylation:10.19;K15:Dihydroxy:10.19;H16:Replacement of proton by copper:0.00,PEAKS PTM
LKGRGSATAIGGIHD,16.97,1451.7844,15,4.2,363.9541,39.60,1.3895E4,3,10370,EAM0038_S0F3K_V8-NaPho_1-D7_01_4463.mzML,1,1,,,,PEAKS DB
GVKVVIE,16.93,742.4589,7,-0.8,372.2356,24.23,1.1129E5,3,5309,EAM0038_S0F3K_V8-NaPho_1-D7_01_4463.mzML,1,1,,,,PEAKS DB
GQLQTVSVND,16.91,1059.5197,10,-5.4,530.7631,66.59,5.0306E3,3,19572,EAM0038_S0F3K_V8-NaPho_1-D7_01_4463.mzML,1,1,,,,PEAKS DB
LQVTVKEQANAEIKE,16.87,1698.9152,15,5.2,567.3140,43.38,5.4816E5,3,12197,EAM0038_S0F3K_V8-NaPho_1-D7_01_4463.mzML,1,1,,,,PEAKS DB
L(+57.02)AGNAARD(+57.02),16.79,900.4413,8,7.8,451.2304,37.97,0,3,9809,EAM0038_S0F3K_V8-NaPho_1-D7_01_4463.mzML,0,0,XP_013121737.2:XP_003459572.1:XP_003448939.1:XP_003451211.1,Carbamidomethylation (DHKE  X@N-term),L1:Carbamidomethylation (DHKE  X@N-term):1000.00;D8:Carbamidomethylation (DHKE  X@N-term):1000.00,PEAKS PTM
GIKGGGMQSLLSE,16.77,1275.6493,13,-8.9,638.8248,33.73,9.6779E4,3,8279,EAM0038_S0F3K_V8-NaPho_1-D7_01_4463.mzML,1,1,,,,PEAKS DB
AWKPGIFGPLVRWE,16.73,1654.8983,14,-3.9,552.6367,34.59,4.5283E5,3,8784,EAM0038_S0F3K_V8-NaPho_1-D7_01_4463.mzML,1,1,,,,PEAKS DB
SSQVYRRND(+21.98)AK(+15.99)SKTKQAKE,16.68,2261.1487,19,9.8,566.2987,17.22,5.3405E4,3,2766,EAM0038_S0F3K_V8-NaPho_1-D7_01_4463.mzML,1,1,,Sodium adduct; Oxidation or Hydroxylation,D9:Sodium adduct:22.49;K11:Oxidation or Hydroxylation:6.59,PEAKS PTM
L(+43.01)LIRKLPFQRLVRE(+57.02),16.63,1880.1471,14,-2.7,471.0417,54.17,8.4585E4,3,15386,EAM0038_S0F3K_V8-NaPho_1-D7_01_4463.mzML,1,1,XP_005463512.2,Carbamylation; Carbamidomethylation (DHKE  X@N-term),L1:Carbamylation:19.56;E14:Carbamidomethylation (DHKE  X@N-term):17.44,PEAKS PTM
AKTRPMKE,16.60,959.5222,8,4.7,480.7696,19.67,0,3,3646,EAM0038_S0F3K_V8-NaPho_1-D7_01_4463.mzML,0,0,,,,PEAKS DB
KEAVSNSTVE,16.54,1062.5193,10,-0.1,532.2657,33.57,0,3,8294,EAM0038_S0F3K_V8-NaPho_1-D7_01_4463.mzML,0,0,,,,PEAKS DB
LVNSFCLEISVTLGE,16.48,1622.8225,15,-8.6,541.9423,8.46,2.3413E4,3,754,EAM0038_S0F3K_V8-NaPho_1-D7_01_4463.mzML,1,1,,,,PEAKS DB
VDNAYMIKVE,16.39,1180.5798,10,0.2,591.2960,50.63,1.0875E5,3,14344,EAM0038_S0F3K_V8-NaPho_1-D7_01_4463.mzML,1,1,,,,PEAKS DB
GTKAVTK(+14.02)Y(+31.99)TSSK,16.38,1315.6984,12,2.9,439.5737,17.82,0,3,3005,EAM0038_S0F3K_V8-NaPho_1-D7_01_4463.mzML,0,0,XP_003451196.1:XP_003438147.1,Methylation(KR); Dihydroxy,K7:Methylation(KR):6.65;Y8:Dihydroxy:0.00,PEAKS PTM
ARGGAVD,16.36,644.3242,7,-9.5,645.3239,42.41,5.9796E4,3,11445,EAM0038_S0F3K_V8-NaPho_1-D7_01_4463.mzML,1,1,,,,PEAKS DB
I(+43.01)AQDFKTDLRFQSSAVM(+15.99)ALQE,16.29,2456.2004,21,-8.2,819.7322,67.15,0,3,19709,EAM0038_S0F3K_V8-NaPho_1-D7_01_4463.mzML,0,0,XP_005463512.2,Carbamylation; Oxidation (M),I1:Carbamylation:23.70;M17:Oxidation (M):1000.00,PEAKS PTM
S(+57.02)(+114.04)VLRHKDPE,16.28,1250.6367,9,-5.3,626.3209,47.63,0,3,13164,EAM0038_S0F3K_V8-NaPho_1-D7_01_4463.mzML,0,0,,Carbamidomethylation (DHKE  X@N-term); Ubiquitin,S1:Carbamidomethylation (DHKE  X@N-term):48.97;S1:Ubiquitin:38.77,PEAKS PTM
GVNIKRD(-.98),16.27,799.4664,7,-0.9,400.7392,29.95,1.4871E5,3,6940,EAM0038_S0F3K_V8-NaPho_1-D7_01_4463.mzML,1,1,XP_013121737.2,Amidation,D7:Amidation:1000.00,PEAKS PTM
TSGLHLLPLPE,16.27,1175.6550,11,-1.2,588.8328,47.80,0,3,13221,EAM0038_S0F3K_V8-NaPho_1-D7_01_4463.mzML,0,0,,,,PEAKS DB
IQLLQSHISE,16.24,1166.6295,10,-3.9,584.3185,42.49,1.8761E4,3,11493,EAM0038_S0F3K_V8-NaPho_1-D7_01_4463.mzML,1,1,,,,PEAKS DB
S(+86.00)AATR(+28.03)YPVS(-18.01)LWRTEE,16.23,1860.9006,15,-9.8,621.3000,38.91,1.0017E5,3,10053,EAM0038_S0F3K_V8-NaPho_1-D7_01_4463.mzML,1,1,XP_013121737.2,Malonylation; Dimethylation(KR); Dehydration,S1:Malonylation:24.34;R5:Dimethylation(KR):26.08;S9:Dehydration:0.00,PEAKS PTM
RGPKK(+72.02)LE,16.23,898.5236,7,-1.6,450.2673,65.43,0,3,19156,EAM0038_S0F3K_V8-NaPho_1-D7_01_4463.mzML,0,0,,Carboxyethyl,K5:Carboxyethyl:7.21,PEAKS PTM
RAQGSKDTAVQPVGKTVE,16.14,1869.9908,18,8.9,624.3417,51.49,1.7705E4,3,14499,EAM0038_S0F3K_V8-NaPho_1-D7_01_4463.mzML,1,1,,,,PEAKS DB
R(+15.99)TKPRGHE(-.98),16.14,994.5421,8,4.5,498.2794,23.23,0,3,4859,EAM0038_S0F3K_V8-NaPho_1-D7_01_4463.mzML,0,0,,Oxidation or Hydroxylation; Amidation,R1:Oxidation or Hydroxylation:5.99;E8:Amidation:1000.00,PEAKS PTM
MLSELRD,16.10,862.4218,7,-4.4,863.4234,55.40,0,3,15843,EAM0038_S0F3K_V8-NaPho_1-D7_01_4463.mzML,0,0,,,,PEAKS DB
GTK(+42.01)AVTKYTSSK,16.10,1311.7034,12,-1.3,438.2402,22.64,2.5222E4,3,4498,EAM0038_S0F3K_V8-NaPho_1-D7_01_4463.mzML,1,1,XP_003451196.1:XP_003438147.1,Acetylation (K),K3:Acetylation (K):0.00,PEAKS PTM
A(+226.08)SKKKGKSST(-18.01)E,16.09,1357.7024,11,9.8,453.5782,21.42,1.3748E4,3,4207,EAM0038_S0F3K_V8-NaPho_1-D7_01_4463.mzML,1,1,XP_003438147.1,Biotinylation; Dehydration,A1:Biotinylation:11.10;T10:Dehydration:0.00,PEAKS PTM
FQVIIGFHGGLYD,15.98,1464.7401,13,-6.8,733.3707,32.49,2.9414E4,3,7843,EAM0038_S0F3K_V8-NaPho_1-D7_01_4463.mzML,1,1,,,,PEAKS DB
EQLGQILKRE,15.96,1212.6826,10,-5.3,405.2318,19.40,0,3,3549,EAM0038_S0F3K_V8-NaPho_1-D7_01_4463.mzML,0,0,,,,PEAKS DB
NEIATYRNLLE,15.95,1334.6830,11,7.8,668.3525,56.69,0,3,16274,EAM0038_S0F3K_V8-NaPho_1-D7_01_4463.mzML,0,0,,,,PEAKS DB
ITTSLGKEVAT(+79.97)AQERGPKKLE,15.91,2335.2148,21,-8.0,779.4043,54.93,4.8606E5,3,15619,EAM0038_S0F3K_V8-NaPho_1-D7_01_4463.mzML,1,1,,Phosphorylation (STY),T11:Phosphorylation (STY):8.82,PEAKS PTM
AYKPITDADKIE,15.90,1362.7030,12,9.4,682.3636,46.22,0,3,12687,EAM0038_S0F3K_V8-NaPho_1-D7_01_4463.mzML,0,0,,,,PEAKS DB
RLTLWYGE,15.90,1036.5342,8,-9.2,519.2684,21.14,1.6991E5,3,4263,EAM0038_S0F3K_V8-NaPho_1-D7_01_4463.mzML,1,1,,,,PEAKS DB
QKGYLRTSFFE,15.90,1374.6931,11,9.4,688.3588,45.06,0,3,12287,EAM0038_S0F3K_V8-NaPho_1-D7_01_4463.mzML,0,0,,,,PEAKS DB
RHLLASKPLGGLPETAKE,15.87,1916.0842,18,2.2,480.0283,26.67,0,3,5907,EAM0038_S0F3K_V8-NaPho_1-D7_01_4463.mzML,0,0,,,,PEAKS DB
QVSFNTIVIE,15.87,1148.6077,10,2.4,575.3112,22.03,9.3153E4,3,4411,EAM0038_S0F3K_V8-NaPho_1-D7_01_4463.mzML,1,1,,,,PEAKS DB
AAQAVSPVAPKKNSPKE,15.86,1720.9471,17,2.8,431.2443,22.07,0,3,4459,EAM0038_S0F3K_V8-NaPho_1-D7_01_4463.mzML,0,0,,,,PEAKS DB
LALGIS(+79.97)TK(+14.02)AVTALD,15.83,1465.7793,14,7.3,489.6029,50.77,2.658E5,3,14174,EAM0038_S0F3K_V8-NaPho_1-D7_01_4463.mzML,1,1,,Phosphorylation (STY); Methylation(KR),S6:Phosphorylation (STY):0.00;K8:Methylation(KR):1000.00,PEAKS PTM
LLLKKVTEESD,15.82,1273.7129,11,-1.0,637.8617,58.73,3.0794E5,3,16901,EAM0038_S0F3K_V8-NaPho_1-D7_01_4463.mzML,1,1,,,,PEAKS DB
AGIITQE,15.82,730.3861,7,-0.6,731.3913,47.17,0,3,13012,EAM0038_S0F3K_V8-NaPho_1-D7_01_4463.mzML,0,0,,,,PEAKS DB
ENSLAKFSRISPSNPSTLKE,15.81,2204.1436,20,4.8,552.0446,26.78,8.8059E4,3,6049,EAM0038_S0F3K_V8-NaPho_1-D7_01_4463.mzML,1,1,,,,PEAKS DB
S(+57.02)MIGMRS(+114.04)YETLVRRSKE,15.81,2213.1045,17,8.7,738.7136,34.49,9.5267E4,3,8554,EAM0038_S0F3K_V8-NaPho_1-D7_01_4463.mzML,1,1,,Carbamidomethylation (DHKE  X@N-term); Ubiquitin,S1:Carbamidomethylation (DHKE  X@N-term):39.54;S7:Ubiquitin:12.33,PEAKS PTM
SNASIITD,15.80,819.3974,8,8.8,820.4101,47.99,0,3,13283,EAM0038_S0F3K_V8-NaPho_1-D7_01_4463.mzML,0,0,,,,PEAKS DB
TKKLQEKWSLKTPE,15.80,1714.9617,14,3.8,572.6620,9.31,7.6337E3,3,896,EAM0038_S0F3K_V8-NaPho_1-D7_01_4463.mzML,1,1,,,,PEAKS DB
TPNKEAT(-18.01)YLE,15.73,1146.5557,10,-8.2,574.2791,19.17,2.006E4,3,3444,EAM0038_S0F3K_V8-NaPho_1-D7_01_4463.mzML,1,1,,Dehydration,T7:Dehydration:0.00,PEAKS PTM
CSLNQLD,15.71,791.3483,7,6.7,792.3591,48.75,0,3,13541,EAM0038_S0F3K_V8-NaPho_1-D7_01_4463.mzML,0,0,,,,PEAKS DB
S(+27.99)VLR(+18.04)HKDPEDTNLE,15.70,1697.8492,14,-0.7,566.9554,27.63,4.2681E5,3,6141,EAM0038_S0F3K_V8-NaPho_1-D7_01_4463.mzML,1,1,,Formylation; monomethylation,S1:Formylation:7.38;R4:monomethylation:5.03,PEAKS PTM
ASALEKPSE,15.64,930.4658,9,9.0,466.2433,18.74,5.0425E4,3,3312,EAM0038_S0F3K_V8-NaPho_1-D7_01_4463.mzML,1,1,,,,PEAKS DB
ARYCLQERIGE,15.56,1336.6558,11,-3.8,669.3311,40.14,0,3,10570,EAM0038_S0F3K_V8-NaPho_1-D7_01_4463.mzML,0,0,,,,PEAKS DB
ASVSQLPIDSRVEQE,15.56,1656.8318,15,-2.7,829.4191,56.31,0,3,16149,EAM0038_S0F3K_V8-NaPho_1-D7_01_4463.mzML,0,0,,,,PEAKS DB
LQSAALANLD,15.54,1014.5345,10,6.1,508.2765,44.82,0,3,12208,EAM0038_S0F3K_V8-NaPho_1-D7_01_4463.mzML,0,0,,,,PEAKS DB
CLLMTCQVLLLSKRKKLSLLLFE,15.49,2691.5618,23,-1.9,673.8950,15.07,1.2765E5,3,2306,EAM0038_S0F3K_V8-NaPho_1-D7_01_4463.mzML,1,1,,,,PEAKS DB
MAGGKAGKD,15.49,833.4065,9,8.2,834.4188,65.03,0,3,19025,EAM0038_S0F3K_V8-NaPho_1-D7_01_4463.mzML,0,0,XP_003458968.1,,,PEAKS DB
VKRDRVE,15.48,900.5141,7,2.7,451.2646,8.48,0,3,692,EAM0038_S0F3K_V8-NaPho_1-D7_01_4463.mzML,0,0,,,,PEAKS DB
NINLQMKKSE,15.48,1203.6282,10,0.4,602.8203,32.60,2.8951E5,3,7900,EAM0038_S0F3K_V8-NaPho_1-D7_01_4463.mzML,1,1,,,,PEAKS DB
ANGQSLIE,15.46,830.4134,8,-2.3,831.4169,39.46,1.9971E5,3,10468,EAM0038_S0F3K_V8-NaPho_1-D7_01_4463.mzML,1,1,,,,PEAKS DB
ELEHVSRHLRPPQYVTREPPE,15.44,2568.3196,21,3.2,643.0878,41.60,1.5991E7,3,10986,EAM0038_S0F3K_V8-NaPho_1-D7_01_4463.mzML,1,1,,,,PEAKS DB
NYPNGGFTAE,15.43,1068.4512,10,6.4,357.1591,43.85,0,3,11882,EAM0038_S0F3K_V8-NaPho_1-D7_01_4463.mzML,0,0,|#CONTAM#88194745|ref|YP_499541.1|,,,PEAKS DB
SAKIPNE,15.43,757.3970,7,4.9,758.4063,32.68,2.4155E4,3,7998,EAM0038_S0F3K_V8-NaPho_1-D7_01_4463.mzML,1,1,,,,PEAKS DB
GLRRTLD,15.41,829.4770,7,2.3,415.7458,33.32,0,3,8209,EAM0038_S0F3K_V8-NaPho_1-D7_01_4463.mzML,0,0,,,,PEAKS DB
RLSCSHNKALIAVAVPAD,15.41,1863.9989,18,-1.5,467.0053,30.19,1.1609E5,3,7328,EAM0038_S0F3K_V8-NaPho_1-D7_01_4463.mzML,1,1,,,,PEAKS DB
KKSKMRTMTAD,15.38,1295.6689,11,-3.4,648.8381,29.85,3.6599E4,3,7120,EAM0038_S0F3K_V8-NaPho_1-D7_01_4463.mzML,1,1,,,,PEAKS DB
QPQRNRE,15.37,926.4682,7,-8.8,464.2363,36.38,1.2371E5,3,9406,EAM0038_S0F3K_V8-NaPho_1-D7_01_4463.mzML,1,1,,,,PEAKS DB
S(+44.01)VLRHKD(+21.98)PE,15.35,1145.5627,9,9.5,382.8643,9.19,0,3,889,EAM0038_S0F3K_V8-NaPho_1-D7_01_4463.mzML,0,0,,S-Ethylcystine from Serine; Sodium adduct,S1:S-Ethylcystine from Serine:1000.00;D7:Sodium adduct:0.00,PEAKS PTM
QSPKSID,15.33,773.3919,7,5.5,774.4017,39.82,0,3,10460,EAM0038_S0F3K_V8-NaPho_1-D7_01_4463.mzML,0,0,,,,PEAKS DB
AGIGLPSD,15.30,728.3704,8,-1.6,729.3749,66.20,1.8427E4,3,19194,EAM0038_S0F3K_V8-NaPho_1-D7_01_4463.mzML,1,1,,,,PEAKS DB
WEVYQYLD,15.30,1114.4971,8,2.9,558.2562,20.66,2.6842E4,3,3929,EAM0038_S0F3K_V8-NaPho_1-D7_01_4463.mzML,1,1,,,,PEAKS DB
IEALKEE,15.25,830.4385,7,-0.6,416.2253,19.71,6.4073E4,3,3679,EAM0038_S0F3K_V8-NaPho_1-D7_01_4463.mzML,1,1,,,,PEAKS DB
GTRSSKGNRV,15.21,1060.5737,10,3.8,531.2950,75.77,0,3,22136,EAM0038_S0F3K_V8-NaPho_1-D7_01_4463.mzML,0,0,,,,PEAKS DB
LSRTRSE,15.21,847.4512,7,1.0,424.7323,19.51,8.7297E3,3,3493,EAM0038_S0F3K_V8-NaPho_1-D7_01_4463.mzML,1,1,,,,PEAKS DB
AS(+44.01)RLAQYNKRSTITSRE,15.17,2024.0585,17,-6.7,675.6874,19.33,0,3,3525,EAM0038_S0F3K_V8-NaPho_1-D7_01_4463.mzML,0,0,XP_003438147.1,S-Ethylcystine from Serine,S2:S-Ethylcystine from Serine:26.60,PEAKS PTM
GDITLITDNNGNMVNVRRD,15.16,2116.0332,19,3.8,530.0164,49.43,0,3,13786,EAM0038_S0F3K_V8-NaPho_1-D7_01_4463.mzML,0,0,,,,PEAKS DB
AVDVGLVNE,15.15,914.4709,9,-6.9,915.4698,62.62,0,3,18240,EAM0038_S0F3K_V8-NaPho_1-D7_01_4463.mzML,0,0,,,,PEAKS DB
NTLNGHEKE,15.13,1040.4886,9,8.4,521.2548,22.34,3.5247E4,3,4707,EAM0038_S0F3K_V8-NaPho_1-D7_01_4463.mzML,1,1,,,,PEAKS DB
NQKAQIVTE,15.09,1029.5454,9,-4.6,515.7765,21.68,0,3,4325,EAM0038_S0F3K_V8-NaPho_1-D7_01_4463.mzML,0,0,,,,PEAKS DB
VTFSVNQHRRTKQPQE,15.08,1954.0133,16,-4.6,652.3406,34.88,0,3,8750,EAM0038_S0F3K_V8-NaPho_1-D7_01_4463.mzML,0,0,,,,PEAKS DB
AYLVGLFE(+61.92),15.06,972.4017,8,-3.2,487.2055,68.87,2.4205E4,3,20268,EAM0038_S0F3K_V8-NaPho_1-D7_01_4463.mzML,1,1,XP_005463512.2,Replacement of proton by copper,E8:Replacement of proton by copper:1000.00,PEAKS PTM
FPGEAKVGGE,15.04,989.4818,10,6.6,990.4933,66.28,0,3,19430,EAM0038_S0F3K_V8-NaPho_1-D7_01_4463.mzML,0,0,,,,PEAKS DB
GFGQQLE,15.04,777.3657,7,1.9,389.6900,25.21,1.3631E4,3,5393,EAM0038_S0F3K_V8-NaPho_1-D7_01_4463.mzML,1,1,,,,PEAKS DB
RYKQRKRQREE,15.04,1575.8706,11,-4.1,526.2941,28.52,2.6641E6,3,6651,EAM0038_S0F3K_V8-NaPho_1-D7_01_4463.mzML,1,1,,,,PEAKS DB
LTLTKADLE,15.00,1002.5597,9,8.9,502.2905,27.44,0,3,6164,EAM0038_S0F3K_V8-NaPho_1-D7_01_4463.mzML,0,0,,,,PEAKS DB
