Peptide,-10lgP,Mass,Length,ppm,m/z,RT,Area Sample 15,Fraction,Scan,Source File,#Feature,#Feature Sample 15,Accession,PTM,AScore,Found By
LN(+.98)KLLGGVT(-18.01)IAQGGVLPNIQAVLLPKKTEKPVKAK,130.43,3618.1963,35,2.4,724.6528,69.38,8.7934E4,120,24183,EAM0023_G1F2G_V8-AmBic_2-D 4_01_4104.d,1,1,XP_003451211.1,Deamidation (NQ); Dehydration,N2:Deamidation (NQ):44.14;T9:Dehydration:192.68,PEAKS PTM
LNKLLGGVTIAQGGVLPNIQAVLLPKKTE,124.33,2983.7798,29,2.9,597.7687,69.42,1.566E6,120,24202,EAM0023_G1F2G_V8-AmBic_2-D 4_01_4104.d,3,3,XP_003451211.1:XP_013121737.2:XP_003459572.1:XP_003448939.1,,,PEAKS DB
LNKLLGGVTIAQGGVLPNIQAVLLPKKTEKAK,118.69,3311.0068,32,2.3,663.2143,68.99,1.6087E6,120,23931,EAM0023_G1F2G_V8-AmBic_2-D 4_01_4104.d,3,3,XP_013121737.2:XP_003459572.1,,,PEAKS DB
LNKLLGGVTIAQGGVLPNIQAVLLPKKTEKPVKAK,118.53,3635.2229,35,0.4,909.8190,68.78,9.2272E6,120,23815,EAM0023_G1F2G_V8-AmBic_2-D 4_01_4104.d,3,3,XP_003451211.1,,,PEAKS DB
LNKLLGGVTIAQGGVLPNIQAVLLPKKTEKPVKAK(+57.02),111.49,3692.2444,35,-0.6,739.4603,68.74,7.8241E5,120,23816,EAM0023_G1F2G_V8-AmBic_2-D 4_01_4104.d,1,1,XP_003451211.1,Carbamidomethylation (DHKE  X@N-term),K35:Carbamidomethylation (DHKE  X@N-term):0.00,PEAKS PTM
I(+43.01)QTAVRLLLPGELAKHAVSE,109.01,2187.2375,20,1.3,730.0919,69.82,3.2801E5,120,24430,EAM0023_G1F2G_V8-AmBic_2-D 4_01_4104.d,1,1,XP_003451196.1,Carbamylation,I1:Carbamylation:223.86,PEAKS PTM
RKGVSLAALK(+57.02)KALAAGGYDVE,108.82,2173.2219,21,1.3,544.3168,57.97,4.461E5,120,19474,EAM0023_G1F2G_V8-AmBic_2-D 4_01_4104.d,1,1,XP_003459589.1,Carbamidomethylation (DHKE  X@N-term),K10:Carbamidomethylation (DHKE  X@N-term):11.06,PEAKS PTM
RKGVSLAALKKALAAGGYDVE,108.78,2116.2004,21,1.9,530.0617,57.90,6.6809E6,120,19375,EAM0023_G1F2G_V8-AmBic_2-D 4_01_4104.d,4,4,XP_003459589.1,,,PEAKS DB
S(+43.01)EEAPAPAPAPAKAAKKKTTASKPKKVGPSVGE,105.61,3270.7935,33,4.0,818.7140,25.39,0,120,5663,EAM0023_G1F2G_V8-AmBic_2-D 4_01_4104.d,0,0,XP_019210165.1:XP_013130399.2:XP_019210164.1,Carbamylation,S1:Carbamylation:77.79,PEAKS PTM
APTGTFIASGVVVGKD,105.55,1517.8090,16,-0.3,759.9163,53.65,5.6596E4,120,17649,EAM0023_G1F2G_V8-AmBic_2-D 4_01_4104.d,1,1,|#CONTAM#88194745|ref|YP_499541.1|,,,PEAKS DB
LNKLLGGVTIAQGGVLPNIQAVLLPKKTEKPTKSK,104.62,3653.1970,35,5.3,914.3170,68.88,8.2761E5,120,23842,EAM0023_G1F2G_V8-AmBic_2-D 4_01_4104.d,3,3,XP_003448939.1,,,PEAKS DB
IQTAVRLLLPGELAKHAVSE,104.59,2144.2317,20,-0.4,715.7553,63.01,3.5506E7,120,21518,EAM0023_G1F2G_V8-AmBic_2-D 4_01_4104.d,3,3,XP_003451196.1,,,PEAKS DB
LSTTGGNSGSPVFNEKNE,100.10,1836.8490,18,0.1,919.4376,37.88,8.7562E4,120,10815,EAM0023_G1F2G_V8-AmBic_2-D 4_01_4104.d,1,1,|#CONTAM#88194745|ref|YP_499541.1|,,,PEAKS DB
AMQYDLSTTGGNSGSPVFNEKNE,99.02,2445.0754,23,0.5,1223.5532,51.47,1.2566E5,120,16702,EAM0023_G1F2G_V8-AmBic_2-D 4_01_4104.d,2,2,|#CONTAM#88194745|ref|YP_499541.1|,,,PEAKS DB
S(+42.01)EEAPAPAPAPAKAAKKKTTASKPKKVGPSVGE,98.98,3269.7981,33,3.1,654.9730,25.45,2.3762E6,120,5640,EAM0023_G1F2G_V8-AmBic_2-D 4_01_4104.d,1,1,XP_019210165.1:XP_013130399.2:XP_019210164.1,Acetylation (Protein N-term),S1:Acetylation (Protein N-term):1000.00,PEAKS PTM
ASRLAHYN(+.98)KRSTITSRE,97.45,1990.0344,17,3.1,498.5205,22.62,1.7457E6,120,4608,EAM0023_G1F2G_V8-AmBic_2-D 4_01_4104.d,3,3,XP_003451196.1,Deamidation (NQ),N8:Deamidation (NQ):1000.00,PEAKS PTM
L(+43.01)IVKAVAASKE,96.98,1170.6971,11,1.8,586.3605,60.10,8.2783E5,120,20354,EAM0023_G1F2G_V8-AmBic_2-D 4_01_4104.d,1,1,XP_019210165.1:XP_013130399.2:XP_019210164.1:XP_019209840.1:XP_019209845.1,Carbamylation,L1:Carbamylation:77.24,PEAKS PTM
RK(+57.02)GVSLAALKKALAAGGYDVE,96.09,2173.2219,21,1.3,544.3168,57.97,5.8124E5,120,19381,EAM0023_G1F2G_V8-AmBic_2-D 4_01_4104.d,2,2,XP_003459589.1,Carbamidomethylation (DHKE  X@N-term),K2:Carbamidomethylation (DHKE  X@N-term):0.00,PEAKS PTM
L(+57.02)IVKAVAASKE,95.39,1184.7128,11,2.8,395.9151,33.51,6.2004E5,120,8964,EAM0023_G1F2G_V8-AmBic_2-D 4_01_4104.d,3,3,XP_019210165.1:XP_013130399.2:XP_019210164.1:XP_019209840.1:XP_019209845.1,Carbamidomethylation (DHKE  X@N-term),L1:Carbamidomethylation (DHKE  X@N-term):62.26,PEAKS PTM
LNK(+43.01)LLGGVTIAQGGVLPNIQAVLLPKKTEKPVKAK,95.34,3678.2288,35,1.6,736.6588,69.53,3.053E5,120,24260,EAM0023_G1F2G_V8-AmBic_2-D 4_01_4104.d,1,1,XP_003451211.1,Carbamylation,K3:Carbamylation:0.00,PEAKS PTM
ASRLAHYNKRSTITSRE,93.28,1989.0504,17,1.4,498.2737,20.69,6.2421E6,120,3689,EAM0023_G1F2G_V8-AmBic_2-D 4_01_4104.d,4,4,XP_003451196.1,,,PEAKS DB
R(+43.01)KGVSLAALKKALAAGGYDVE,92.07,2159.2061,21,2.1,540.8133,63.59,1.2278E5,120,21758,EAM0023_G1F2G_V8-AmBic_2-D 4_01_4104.d,1,1,XP_003459589.1,Carbamylation,R1:Carbamylation:0.00,PEAKS PTM
KNNARVKIAIKSLVSKGTLVQTKGTGASGSFKLGKKAAE,89.85,3985.3164,39,1.6,798.0768,44.49,1.118E5,120,13716,EAM0023_G1F2G_V8-AmBic_2-D 4_01_4104.d,1,1,XP_003459589.1,,,PEAKS DB
APTGTFIASGVVVGKDTLLTNKHVVD,89.74,2638.4329,26,2.6,660.6213,62.42,1.0342E5,120,21292,EAM0023_G1F2G_V8-AmBic_2-D 4_01_4104.d,1,1,|#CONTAM#88194745|ref|YP_499541.1|,,,PEAKS DB
LIVKAVAASKE,89.69,1127.6914,11,1.0,564.8571,31.98,1.6995E7,120,8277,EAM0023_G1F2G_V8-AmBic_2-D 4_01_4104.d,2,2,XP_019210165.1:XP_013130399.2:XP_019210164.1:XP_019209840.1:XP_019209845.1,,,PEAKS DB
I(+57.02)QTAVRLLLPGELAKHAVSE,89.15,2201.2532,20,0.4,734.7632,64.74,6.4704E5,120,22206,EAM0023_G1F2G_V8-AmBic_2-D 4_01_4104.d,2,2,XP_003451196.1,Carbamidomethylation (DHKE  X@N-term),I1:Carbamidomethylation (DHKE  X@N-term):94.57,PEAKS PTM
Q(-17.03)ILKVVTASKE,87.84,1197.6969,11,1.8,599.8605,55.00,1.4669E5,120,18175,EAM0023_G1F2G_V8-AmBic_2-D 4_01_4104.d,1,1,XP_003459589.1,Pyro-glu from Q,Q1:Pyro-glu from Q:1000.00,PEAKS PTM
LNKLLGGVTIAQGGVLPNIQAVLLPKKTGQSAPSSGKAGKKASSQSQEY,86.87,4918.7241,49,-0.1,984.7581,68.67,2.4037E5,120,23785,EAM0023_G1F2G_V8-AmBic_2-D 4_01_4104.d,2,2,XP_003446914.1,,,PEAKS DB
SEEAPAPAPAPAKAAKKKTTASKPK(+57.02)KVGPSVGE,86.74,3284.8091,33,1.6,657.9742,22.21,3.2626E5,120,4272,EAM0023_G1F2G_V8-AmBic_2-D 4_01_4104.d,1,1,XP_019210165.1:XP_013130399.2:XP_019210164.1,Carbamidomethylation (DHKE  X@N-term),K25:Carbamidomethylation (DHKE  X@N-term):0.00,PEAKS PTM
LIVKAVAASK(+156.12)E,85.24,1283.8064,11,-8.6,428.9417,27.84,1.5871E6,120,6572,EAM0023_G1F2G_V8-AmBic_2-D 4_01_4104.d,2,2,XP_019210165.1:XP_013130399.2:XP_019210164.1:XP_019209840.1:XP_019209845.1,4-hydroxynonenal (HNE),K10:4-hydroxynonenal (HNE):134.33,PEAKS PTM
SEEAPAPAPAPAKAAKKKTTASKPKKVGPSVGE,84.47,3227.7876,33,2.2,646.5703,22.25,2.1838E6,120,4283,EAM0023_G1F2G_V8-AmBic_2-D 4_01_4104.d,4,4,XP_019210165.1:XP_013130399.2:XP_019210164.1,,,PEAKS DB
LIVKAVAASK(+43.01)E,83.40,1170.6971,11,3.4,586.3615,39.31,9.784E4,120,11478,EAM0023_G1F2G_V8-AmBic_2-D 4_01_4104.d,2,2,XP_019210165.1:XP_013130399.2:XP_019210164.1:XP_019209840.1:XP_019209845.1,Carbamylation,K10:Carbamylation:72.73,PEAKS PTM
TQVNQNITVTGYPGDKPVATMWE,82.25,2548.2268,23,2.0,850.4232,63.60,1.8033E5,120,21746,EAM0023_G1F2G_V8-AmBic_2-D 4_01_4104.d,1,1,|#CONTAM#88194745|ref|YP_499541.1|,,,PEAKS DB
IQTAVRLLLPGELAKH(+57.02)AVSE,80.99,2201.2532,20,2.3,551.3253,62.91,9.834E5,120,21421,EAM0023_G1F2G_V8-AmBic_2-D 4_01_4104.d,3,3,XP_003451196.1,Carbamidomethylation (DHKE  X@N-term),H16:Carbamidomethylation (DHKE  X@N-term):12.28,PEAKS PTM
I(+57.02)QTAVRLLLPGE,80.94,1365.7980,12,1.3,683.9114,66.72,2.571E5,120,23006,EAM0023_G1F2G_V8-AmBic_2-D 4_01_4104.d,2,2,XP_003451196.1,Carbamidomethylation (DHKE  X@N-term),I1:Carbamidomethylation (DHKE  X@N-term):173.84,PEAKS PTM
GTKAVTKYTSSK,80.77,1269.6929,12,3.2,424.2422,18.82,2.4313E5,120,2994,EAM0023_G1F2G_V8-AmBic_2-D 4_01_4104.d,2,2,XP_003451196.1:XP_003438147.1,,,PEAKS DB
IQTAVRLLLPGELAK(+57.02)HAVSE,80.38,2201.2532,20,2.3,551.3253,62.91,5.6571E5,120,21630,EAM0023_G1F2G_V8-AmBic_2-D 4_01_4104.d,1,1,XP_003451196.1,Carbamidomethylation (DHKE  X@N-term),K15:Carbamidomethylation (DHKE  X@N-term):21.94,PEAKS PTM
IAQDFKTDLRFQSSAVMALQE,80.19,2397.1997,21,0.6,800.0793,64.98,1.6405E7,120,23930,EAM0023_G1F2G_V8-AmBic_2-D 4_01_4104.d,3,3,XP_005463512.2,,,PEAKS DB
LIVKAVAASK(+57.02)E,79.85,1184.7128,11,2.7,395.9151,32.15,3.9667E5,120,8265,EAM0023_G1F2G_V8-AmBic_2-D 4_01_4104.d,1,1,XP_019210165.1:XP_013130399.2:XP_019210164.1:XP_019209840.1:XP_019209845.1,Carbamidomethylation (DHKE  X@N-term),K10:Carbamidomethylation (DHKE  X@N-term):0.00,PEAKS PTM
G(+43.01)TKAVTKYTSSK,79.58,1312.6986,12,2.4,657.3622,26.00,1.6287E6,120,5868,EAM0023_G1F2G_V8-AmBic_2-D 4_01_4104.d,3,3,XP_003451196.1:XP_003438147.1,Carbamylation,G1:Carbamylation:14.63,PEAKS PTM
LIVK(+43.01)AVAASKE,79.12,1170.6971,11,1.6,586.3604,41.67,1.7934E5,120,12476,EAM0023_G1F2G_V8-AmBic_2-D 4_01_4104.d,1,1,XP_019210165.1:XP_013130399.2:XP_019210164.1:XP_019209840.1:XP_019209845.1,Carbamylation,K4:Carbamylation:77.24,PEAKS PTM
LIVK(+57.02)AVAASKE,78.66,1184.7128,11,1.5,593.3682,32.15,1.8195E5,120,8382,EAM0023_G1F2G_V8-AmBic_2-D 4_01_4104.d,1,1,XP_019210165.1:XP_013130399.2:XP_019210164.1:XP_019209840.1:XP_019209845.1,Carbamidomethylation (DHKE  X@N-term),K4:Carbamidomethylation (DHKE  X@N-term):56.34,PEAKS PTM
IQTAVRLLLPGE,77.97,1308.7765,12,1.6,655.4006,65.40,1.5317E7,120,22474,EAM0023_G1F2G_V8-AmBic_2-D 4_01_4104.d,3,3,XP_003451196.1,,,PEAKS DB
SEEAPAPAPAPAKAAKKKKTTASKPKKVGPSVGE,77.67,3355.8826,34,2.7,672.1898,20.28,2.133E6,120,3534,EAM0023_G1F2G_V8-AmBic_2-D 4_01_4104.d,2,2,XP_019209840.1:XP_019209845.1,,,PEAKS DB
LRFQSSAVMALQE,76.90,1478.7551,13,0.0,740.3894,57.62,2.1046E6,120,19291,EAM0023_G1F2G_V8-AmBic_2-D 4_01_4104.d,1,1,XP_005463512.2,,,PEAKS DB
RKGVSLAALK(+43.01)KALAAGGYDVE,76.14,2159.2061,21,1.2,540.8128,67.32,1.4633E5,120,23259,EAM0023_G1F2G_V8-AmBic_2-D 4_01_4104.d,2,2,XP_003459589.1,Carbamylation,K10:Carbamylation:12.28,PEAKS PTM
QILKVVTASKE,74.86,1214.7234,11,1.3,608.3735,36.43,3.8699E5,120,10190,EAM0023_G1F2G_V8-AmBic_2-D 4_01_4104.d,3,3,XP_003459589.1,,,PEAKS DB
VIGIHWGGVPNEFNGAVFINE,73.98,2268.1328,21,5.7,1135.0872,69.57,9.8949E4,120,24306,EAM0023_G1F2G_V8-AmBic_2-D 4_01_4104.d,1,1,|#CONTAM#88194745|ref|YP_499541.1|,,,PEAKS DB
I(+43.01)QTAVRLLLPGE,72.50,1351.7823,12,1.0,676.9033,70.70,1.5207E5,120,24806,EAM0023_G1F2G_V8-AmBic_2-D 4_01_4104.d,1,1,XP_003451196.1,Carbamylation,I1:Carbamylation:1000.00,PEAKS PTM
IQ(+.98)T(+114.04)AVR(+14.02)LLLPGELAKHAVSE,72.22,2273.2742,20,0.5,758.7704,67.14,5.0286E6,120,23173,EAM0023_G1F2G_V8-AmBic_2-D 4_01_4104.d,3,3,XP_003451196.1,Deamidation (NQ); Ubiquitin; Methylation(KR),Q2:Deamidation (NQ):1000.00;T3:Ubiquitin:141.82;R6:Methylation(KR):184.54,PEAKS PTM
VVKPATMSNNAE,71.78,1259.6179,12,1.0,630.8208,25.30,2.3568E5,120,5545,EAM0023_G1F2G_V8-AmBic_2-D 4_01_4104.d,1,1,|#CONTAM#88194745|ref|YP_499541.1|,,,PEAKS DB
LDSLIKATIAGGGVIPHIHKSLIGKKGQQKTV,71.74,3306.9502,32,1.8,662.4026,54.45,3.3777E5,120,17911,EAM0023_G1F2G_V8-AmBic_2-D 4_01_4104.d,2,2,XP_005464230.1:XP_003458968.1,,,PEAKS DB
GTK(+43.01)AVTKYTSSK,71.33,1312.6986,12,1.8,657.3618,23.46,5.6615E5,120,4832,EAM0023_G1F2G_V8-AmBic_2-D 4_01_4104.d,2,2,XP_003451196.1:XP_003438147.1,Carbamylation,K3:Carbamylation:8.22,PEAKS PTM
RKGTSLAAIKKYLTAKNVDVPKANKRINTAVAKLVE,71.28,3908.3049,36,0.4,782.6734,53.93,1.142E5,120,17740,EAM0023_G1F2G_V8-AmBic_2-D 4_01_4104.d,1,1,XP_005461836.1,,,PEAKS DB
GTKAVTK(+43.01)YTSSK,71.14,1312.6986,12,0.6,657.3611,22.31,7.8282E5,120,4369,EAM0023_G1F2G_V8-AmBic_2-D 4_01_4104.d,2,2,XP_003451196.1:XP_003438147.1,Carbamylation,K7:Carbamylation:51.63,PEAKS PTM
VAPAAAPAPATE,70.96,1064.5502,12,1.3,533.2864,29.54,1.6879E6,120,7272,EAM0023_G1F2G_V8-AmBic_2-D 4_01_4104.d,2,2,XP_003448795.2,,,PEAKS DB
RVGAGAPVYLAAVLE,69.34,1484.8351,15,2.1,743.4310,69.27,9.6495E6,120,24115,EAM0023_G1F2G_V8-AmBic_2-D 4_01_4104.d,4,4,XP_003451211.1:XP_013121737.2:XP_003459572.1:XP_003448939.1:XP_003446914.1,,,PEAKS DB
AQAATGFIIDPVENR(+14.02)K(+72.02)LTVE,69.06,2257.1953,20,1.5,753.4115,62.73,1.0257E5,120,21411,EAM0023_G1F2G_V8-AmBic_2-D 4_01_4104.d,1,1,|#CONTAM#525507390|ref|NP_112598.3|,Methylation(KR); Carboxyethyl,R15:Methylation(KR):1000.00;K16:Carboxyethyl:1000.00,PEAKS PTM
ASRLAHYNK(+57.02)RSTITSRE,69.06,2046.0719,17,2.6,512.5298,20.62,6.5965E5,120,3677,EAM0023_G1F2G_V8-AmBic_2-D 4_01_4104.d,2,2,XP_003451196.1,Carbamidomethylation (DHKE  X@N-term),K9:Carbamidomethylation (DHKE  X@N-term):21.55,PEAKS PTM
IAQDFKTDLRFQSSAVM(+15.99)ALQE,69.02,2413.1948,21,-0.5,805.4102,60.99,4.7933E6,120,20668,EAM0023_G1F2G_V8-AmBic_2-D 4_01_4104.d,3,3,XP_005463512.2,Oxidation (M),M17:Oxidation (M):1000.00,PEAKS PTM
NVIRDAVTYTE,68.49,1279.6409,11,4.1,640.8343,45.68,3.5317E7,120,14207,EAM0023_G1F2G_V8-AmBic_2-D 4_01_4104.d,1,1,XP_025766521.1,,,PEAKS DB
LRFQSSAVM(+15.99)ALQE,66.65,1494.7500,13,0.7,748.3875,51.41,3.6552E5,120,16623,EAM0023_G1F2G_V8-AmBic_2-D 4_01_4104.d,1,1,XP_005463512.2,Oxidation (M),M9:Oxidation (M):1000.00,PEAKS PTM
SYAIYVYKVLKQVHPD,66.08,1922.0302,16,1.8,481.5186,66.76,2.6929E5,120,23010,EAM0023_G1F2G_V8-AmBic_2-D 4_01_4104.d,1,1,XP_003451196.1,,,PEAKS DB
IQTAVRLLLPGELAK(+43.01)HAVSE,63.78,2187.2375,20,3.0,730.0932,68.92,3.4415E4,120,23944,EAM0023_G1F2G_V8-AmBic_2-D 4_01_4104.d,1,1,XP_003451196.1,Carbamylation,K15:Carbamylation:70.05,PEAKS PTM
GPSLPKLIVASVTE,63.52,1409.8130,14,2.5,705.9199,69.06,2.0561E5,120,24010,EAM0023_G1F2G_V8-AmBic_2-D 4_01_4104.d,1,1,XP_005461836.1,,,PEAKS DB
NKK(+114.04)TR(+.98)IIPRHLQLAVRNDEE,63.41,2544.3884,20,2.0,509.8891,37.47,3.7356E5,120,10657,EAM0023_G1F2G_V8-AmBic_2-D 4_01_4104.d,1,1,XP_003451211.1:XP_013121737.2:XP_003459572.1:XP_003448939.1:XP_003446914.1,Ubiquitin; Citrullination,K3:Ubiquitin:10.11;R5:Citrullination:19.86,PEAKS PTM
LSTTGGNSGSPVFNE,62.81,1465.6685,15,2.8,733.8481,44.53,6.385E4,120,13753,EAM0023_G1F2G_V8-AmBic_2-D 4_01_4104.d,1,1,|#CONTAM#88194745|ref|YP_499541.1|,,,PEAKS DB
IQTAVRLLLPGELAK(+15.99)H(+156.12)AVS(+114.04)E,60.58,2430.3845,20,5.5,608.6105,59.71,5.1055E5,120,20186,EAM0023_G1F2G_V8-AmBic_2-D 4_01_4104.d,2,2,XP_003451196.1,Oxidation or Hydroxylation; 4-hydroxynonenal (HNE); Ubiquitin,K15:Oxidation or Hydroxylation:52.68;H16:4-hydroxynonenal (HNE):1000.00;S19:Ubiquitin:107.12,PEAKS PTM
N(+43.01)VIRDAVTYTE,59.80,1322.6466,11,0.3,662.3349,60.68,9.5501E5,120,20585,EAM0023_G1F2G_V8-AmBic_2-D 4_01_4104.d,1,1,XP_025766521.1,Carbamylation,N1:Carbamylation:1000.00,PEAKS PTM
L(+43.01)AKHAVSE,59.52,896.4716,8,1.9,449.2467,22.80,1.5079E5,120,4553,EAM0023_G1F2G_V8-AmBic_2-D 4_01_4104.d,1,1,XP_003451196.1:XP_003438147.1,Carbamylation,L1:Carbamylation:0.00,PEAKS PTM
SEEAPAPAPAPAKAAKKKTTASKPK(+14.02)K(+43.01)VGPSVGE,59.50,3284.8091,33,1.6,657.9742,22.21,3.2626E5,120,4254,EAM0023_G1F2G_V8-AmBic_2-D 4_01_4104.d,1,1,XP_019210165.1:XP_013130399.2:XP_019210164.1,Methylation(KR); Carbamylation,K25:Methylation(KR):9.40;K26:Carbamylation:17.01,PEAKS PTM
A(+43.01)SRLAHYNKRSTITSRE,59.04,2032.0562,17,3.3,509.0262,29.47,1.5219E5,120,7282,EAM0023_G1F2G_V8-AmBic_2-D 4_01_4104.d,1,1,XP_003451196.1,Carbamylation,A1:Carbamylation:55.76,PEAKS PTM
DTNLC(+57.02)AIHAKRVTIMPKD,58.96,2082.0713,18,2.4,521.5296,41.67,3.5921E5,120,12475,EAM0023_G1F2G_V8-AmBic_2-D 4_01_4104.d,1,1,XP_005463512.2,Carbamidomethylation,C5:Carbamidomethylation:1000.00,PEAKS PTM
VAPAPAAAPAKPAKKKASKPKKTGPSVSDQILKVVTASKE,58.73,3994.3306,40,1.5,799.8796,43.90,6.1815E5,120,13420,EAM0023_G1F2G_V8-AmBic_2-D 4_01_4104.d,1,1,XP_003459589.1,,,PEAKS DB
R(+43.01)VGAGAPVYLAAVLE,58.30,1527.8408,15,0.8,764.9330,70.00,2.1438E5,120,24534,EAM0023_G1F2G_V8-AmBic_2-D 4_01_4104.d,1,1,XP_003451211.1:XP_013121737.2:XP_003459572.1:XP_003448939.1:XP_003446914.1,Carbamylation,R1:Carbamylation:1000.00,PEAKS PTM
LQSQLSMKAGLE,58.29,1303.6805,12,2.3,652.8531,47.33,6.6654E4,120,14931,EAM0023_G1F2G_V8-AmBic_2-D 4_01_4104.d,1,1,|#CONTAM#131412228|ref|NP_002265.2|:|#CONTAM#131412225|ref|NP_705694.2|,,,PEAKS DB
AEEAPASAPAK(+14.02)APAKAPKKKSAPRAKKE,58.12,2841.6187,28,3.1,569.3363,18.03,1.099E5,120,2735,EAM0023_G1F2G_V8-AmBic_2-D 4_01_4104.d,1,1,XP_005461836.1,Methylation(KR),K11:Methylation(KR):6.65,PEAKS PTM
ASRLAHYNKR(+.98)STITSRE,57.92,1990.0344,17,2.7,399.0177,22.94,7.3255E5,120,4596,EAM0023_G1F2G_V8-AmBic_2-D 4_01_4104.d,2,2,XP_003451196.1,Citrullination,R10:Citrullination:37.50,PEAKS PTM
IATYRKLLE,57.04,1105.6495,9,2.7,553.8370,41.60,4.0729E5,120,12445,EAM0023_G1F2G_V8-AmBic_2-D 4_01_4104.d,2,2,|#CONTAM#372466577|ref|NP_001243222.1|:|#CONTAM#4504919|ref|NP_002264.1|:|#CONTAM#372466572|ref|NP_001243211.1|:|#CONTAM#1034578051|ref|XP_016874323.1|:|#CONTAM#1034578053|ref|XP_016874324.1|:|#CONTAM#1034578049|ref|XP_016874322.1|:|#CONTAM#1034578055|ref|XP_016874325.1|:|#CONTAM#226246663|ref|NP_001139697.1|:|#CONTAM#28372503|ref|NP_542785.1|:|#CONTAM#226246665|ref|NP_001139698.1|,,,PEAKS DB
LST(+114.04)TGGN(+.98)SGSPVFNEKNE,55.95,1951.8759,18,1.1,976.9523,41.99,4.7253E4,120,12649,EAM0023_G1F2G_V8-AmBic_2-D 4_01_4104.d,1,1,|#CONTAM#88194745|ref|YP_499541.1|,Ubiquitin; Deamidation (NQ),T3:Ubiquitin:17.01;N7:Deamidation (NQ):89.55,PEAKS PTM
IAQDFKTD,55.85,936.4552,8,2.1,469.2388,28.53,2.0184E6,120,6855,EAM0023_G1F2G_V8-AmBic_2-D 4_01_4104.d,1,1,XP_005463512.2,,,PEAKS DB
N(+57.02)VIRDAVTYTE,55.29,1336.6622,11,0.3,669.3428,50.43,4.3987E5,120,16229,EAM0023_G1F2G_V8-AmBic_2-D 4_01_4104.d,1,1,XP_025766521.1,Carbamidomethylation (DHKE  X@N-term),N1:Carbamidomethylation (DHKE  X@N-term):31.27,PEAKS PTM
TRGVLKVFLE,54.56,1160.6917,10,1.2,581.3574,56.19,1.8031E7,120,18688,EAM0023_G1F2G_V8-AmBic_2-D 4_01_4104.d,2,2,XP_025766521.1,,,PEAKS DB
T(+57.02)RGVLKVFLE,54.48,1217.7131,10,2.3,406.9151,58.67,1.2764E5,120,19719,EAM0023_G1F2G_V8-AmBic_2-D 4_01_4104.d,1,1,XP_025766521.1,Carbamidomethylation (DHKE  X@N-term),T1:Carbamidomethylation (DHKE  X@N-term):56.51,PEAKS PTM
LIVKAVKE,54.39,898.5851,8,2.1,450.3036,29.92,1.4359E6,120,7447,EAM0023_G1F2G_V8-AmBic_2-D 4_01_4104.d,1,1,XP_003448795.2,,,PEAKS DB
ETRGVLKVFLE,53.20,1289.7343,11,2.0,430.9222,60.27,4.4584E6,120,20397,EAM0023_G1F2G_V8-AmBic_2-D 4_01_4104.d,2,2,XP_025766521.1,,,PEAKS DB
NKKTRIIPRHLQLAVRNDEE,53.08,2429.3616,20,2.6,608.3530,34.56,1.9619E5,120,9410,EAM0023_G1F2G_V8-AmBic_2-D 4_01_4104.d,1,1,XP_003451211.1:XP_013121737.2:XP_003459572.1:XP_003448939.1:XP_003446914.1,,,PEAKS DB
TLLTNKHVVD,53.06,1138.6346,10,3.3,380.5558,34.14,4.8361E4,120,9244,EAM0023_G1F2G_V8-AmBic_2-D 4_01_4104.d,1,1,|#CONTAM#88194745|ref|YP_499541.1|,,,PEAKS DB
IFERIAAE,52.99,947.5076,8,1.5,474.7647,42.05,2.4841E6,120,12641,EAM0023_G1F2G_V8-AmBic_2-D 4_01_4104.d,1,1,XP_003451196.1,,,PEAKS DB
AEVAPAPAAAPAKPAKKKASKPKKTGPSVSDQILKVVTASKE,52.91,4194.4102,42,1.4,839.8957,44.81,2.6132E5,120,13843,EAM0023_G1F2G_V8-AmBic_2-D 4_01_4104.d,1,1,XP_003459589.1,,,PEAKS DB
N(+.98)VIRDAVTYTE,52.84,1280.6249,11,1.4,641.3246,57.51,9.0796E5,120,19233,EAM0023_G1F2G_V8-AmBic_2-D 4_01_4104.d,2,2,XP_025766521.1,Deamidation (NQ),N1:Deamidation (NQ):1000.00,PEAKS PTM
VAPAPAAAPAKPAKKKASKPKKTGPSVSD,52.64,2797.6177,29,2.4,560.5356,18.82,7.9449E4,120,2995,EAM0023_G1F2G_V8-AmBic_2-D 4_01_4104.d,2,2,XP_003459589.1,,,PEAKS DB
NVIRD(-18.01)AVTYTE,51.89,1261.6302,11,1.7,631.8274,41.64,2.2522E5,120,12453,EAM0023_G1F2G_V8-AmBic_2-D 4_01_4104.d,1,1,XP_025766521.1,Dehydration,D5:Dehydration:28.36,PEAKS PTM
LVARGYDVE,51.83,1020.5240,9,0.5,511.2727,34.96,1.3016E6,120,9550,EAM0023_G1F2G_V8-AmBic_2-D 4_01_4104.d,1,1,XP_003448795.2,,,PEAKS DB
LLIRKLPFQRLVRE,51.14,1780.1199,14,3.3,446.0415,54.58,4.9415E5,120,17923,EAM0023_G1F2G_V8-AmBic_2-D 4_01_4104.d,2,2,XP_005463512.2,,,PEAKS DB
GDLAIVKFSPNEQNKHIGE,50.94,2095.0698,19,4.2,524.7802,49.24,1.3737E5,120,15736,EAM0023_G1F2G_V8-AmBic_2-D 4_01_4104.d,2,2,|#CONTAM#88194745|ref|YP_499541.1|,,,PEAKS DB
AYMNKVELE,50.79,1095.5270,9,2.6,548.7756,42.37,5.2735E4,120,12788,EAM0023_G1F2G_V8-AmBic_2-D 4_01_4104.d,1,1,|#CONTAM#372466577|ref|NP_001243222.1|:|#CONTAM#4504919|ref|NP_002264.1|:|#CONTAM#372466572|ref|NP_001243211.1|,,,PEAKS DB
ATHGDPHALKAFPSAINQD,49.99,1988.9703,19,1.5,664.0025,42.97,2.1382E4,120,13071,EAM0023_G1F2G_V8-AmBic_2-D 4_01_4104.d,1,1,|#CONTAM#88194745|ref|YP_499541.1|,,,PEAKS DB
LRFQSSAVMALQEASE,49.97,1765.8668,16,0.8,883.9469,61.13,1.5056E5,120,20739,EAM0023_G1F2G_V8-AmBic_2-D 4_01_4104.d,1,1,XP_005463512.2,,,PEAKS DB
LAK(+43.01)HAVSE,49.43,896.4716,8,1.9,449.2467,22.80,1.5079E5,120,4528,EAM0023_G1F2G_V8-AmBic_2-D 4_01_4104.d,1,1,XP_003451196.1:XP_003438147.1,Carbamylation,K3:Carbamylation:11.10,PEAKS PTM
GTKAVTKYTSSK(+43.01),49.31,1312.6986,12,1.7,438.5769,22.31,4.8203E5,120,4341,EAM0023_G1F2G_V8-AmBic_2-D 4_01_4104.d,1,1,XP_003451196.1:XP_003438147.1,Carbamylation,K12:Carbamylation:29.85,PEAKS PTM
R(+57.02)KGVSLAALKKALAAGGYDVE,48.69,2173.2219,21,1.6,544.3170,58.98,6.9374E4,120,19868,EAM0023_G1F2G_V8-AmBic_2-D 4_01_4104.d,1,1,XP_003459589.1,Carbamidomethylation (DHKE  X@N-term),R1:Carbamidomethylation (DHKE  X@N-term):0.00,PEAKS PTM
NVRNFLKQNIE,48.48,1373.7415,11,2.0,458.9249,44.71,7.3444E4,120,13845,EAM0023_G1F2G_V8-AmBic_2-D 4_01_4104.d,1,1,|#CONTAM#88194745|ref|YP_499541.1|,,,PEAKS DB
MDSVKRYLE,47.73,1139.5645,9,2.1,570.7943,40.06,1.0798E5,120,11781,EAM0023_G1F2G_V8-AmBic_2-D 4_01_4104.d,2,2,|#CONTAM#525507390|ref|NP_112598.3|,,,PEAKS DB
TTN(+.98)GHYAPVTYIQVE,46.81,1692.7994,15,1.3,847.4133,56.01,5.4515E4,120,18617,EAM0023_G1F2G_V8-AmBic_2-D 4_01_4104.d,1,1,|#CONTAM#88194745|ref|YP_499541.1|,Deamidation (NQ),N3:Deamidation (NQ):107.14,PEAKS PTM
AQAATGFVIDPVRNLR(+31.99)LSVE(-.98)(+57.02),46.43,2243.2021,20,-8.8,748.7394,59.96,6.7847E4,120,20311,EAM0023_G1F2G_V8-AmBic_2-D 4_01_4104.d,1,1,|#CONTAM#525507390|ref|NP_112598.3|,Dihydroxy; Amidation; Carbamidomethylation (DHKE  X@N-term),R16:Dihydroxy:3.29;E20:Amidation:1000.00;E20:Carbamidomethylation (DHKE  X@N-term):12.23,PEAKS PTM
TRGVLK(+57.02)VFLE,45.66,1217.7131,10,1.8,406.9149,56.74,3.0764E5,120,18825,EAM0023_G1F2G_V8-AmBic_2-D 4_01_4104.d,1,1,XP_025766521.1,Carbamidomethylation (DHKE  X@N-term),K6:Carbamidomethylation (DHKE  X@N-term):42.89,PEAKS PTM
LNKLLGGVTIAQGGVLPNIQAVLLPK(+156.12)K(+226.08)TE,44.26,3365.9724,29,-4.9,674.2026,68.94,0,120,23950,EAM0023_G1F2G_V8-AmBic_2-D 4_01_4104.d,0,0,XP_003451211.1:XP_013121737.2:XP_003459572.1:XP_003448939.1,4-hydroxynonenal (HNE); Biotinylation,K26:4-hydroxynonenal (HNE):11.06;K27:Biotinylation:11.06,PEAKS PTM
FVVLK(+14.02)KDVDAAYMNKVE,44.14,1982.0547,17,1.5,661.6973,52.88,7.4327E4,120,17308,EAM0023_G1F2G_V8-AmBic_2-D 4_01_4104.d,1,1,|#CONTAM#1034578051|ref|XP_016874323.1|:|#CONTAM#1034578053|ref|XP_016874324.1|:|#CONTAM#1034578049|ref|XP_016874322.1|:|#CONTAM#1034578055|ref|XP_016874325.1|:|#CONTAM#226246663|ref|NP_001139697.1|:|#CONTAM#28372503|ref|NP_542785.1|:|#CONTAM#226246665|ref|NP_001139698.1|,Methylation(KR),K5:Methylation(KR):8.69,PEAKS PTM
YLTAEVLE,43.98,936.4804,8,2.2,469.2514,56.47,9.4906E4,120,18783,EAM0023_G1F2G_V8-AmBic_2-D 4_01_4104.d,1,1,XP_005464230.1:XP_003458968.1,,,PEAKS DB
IAQDFKTDLR(+14.02)FQSSAVMALQE,43.28,2411.2153,21,2.1,804.7524,70.00,6.5686E6,120,24835,EAM0023_G1F2G_V8-AmBic_2-D 4_01_4104.d,2,2,XP_005463512.2,Methylation(KR),R10:Methylation(KR):19.56,PEAKS PTM
G(+57.02)T(+79.97)K(+114.04)AVTKYTSSK,43.03,1520.7235,12,-0.5,507.9180,29.12,6.9471E4,120,7128,EAM0023_G1F2G_V8-AmBic_2-D 4_01_4104.d,1,1,XP_003451196.1:XP_003438147.1,Carbamidomethylation (DHKE  X@N-term); Phosphorylation (STY); Ubiquitin,G1:Carbamidomethylation (DHKE  X@N-term):62.39;T2:Phosphorylation (STY):42.89;K3:Ubiquitin:49.37,PEAKS PTM
IATYRSLLE,41.80,1064.5865,9,1.6,533.3047,52.36,1.4361E5,120,17057,EAM0023_G1F2G_V8-AmBic_2-D 4_01_4104.d,1,1,|#CONTAM#131412228|ref|NP_002265.2|:|#CONTAM#131412225|ref|NP_705694.2|,,,PEAKS DB
IAQDFK(+14.02)TDLRFQSSAVMALQE,41.72,2411.2153,21,2.4,804.7526,65.23,4.7887E6,120,22658,EAM0023_G1F2G_V8-AmBic_2-D 4_01_4104.d,1,1,XP_005463512.2,Methylation(KR),K6:Methylation(KR):25.70,PEAKS PTM
AS(-18.01)R(+28.03)LAQ(+.98)YNKRSTITSRE,41.61,1991.0548,17,3.5,498.7758,20.68,0,120,3723,EAM0023_G1F2G_V8-AmBic_2-D 4_01_4104.d,0,0,XP_003438147.1,Dehydration; Dimethylation(KR); Deamidation (NQ),S2:Dehydration:10.19;R3:Dimethylation(KR):36.87;Q6:Deamidation (NQ):0.00,PEAKS PTM
VDPNIQAVRTQE,41.60,1368.6997,12,2.3,457.2444,40.88,0,120,12153,EAM0023_G1F2G_V8-AmBic_2-D 4_01_4104.d,0,0,|#CONTAM#372466577|ref|NP_001243222.1|:|#CONTAM#4504919|ref|NP_002264.1|:|#CONTAM#372466572|ref|NP_001243211.1|,,,PEAKS DB
R(+57.02)VGAGAPVYLAAVLE,41.15,1541.8566,15,1.3,771.9413,69.38,0,120,24191,EAM0023_G1F2G_V8-AmBic_2-D 4_01_4104.d,0,0,XP_003451211.1:XP_013121737.2:XP_003459572.1:XP_003448939.1:XP_003446914.1,Carbamidomethylation (DHKE  X@N-term),R1:Carbamidomethylation (DHKE  X@N-term):47.75,PEAKS PTM
AQAATGFVIDPVRNLR(+31.99)LSVE(+57.02),40.95,2244.1863,20,-10.2,749.0664,61.52,8.3198E4,120,20938,EAM0023_G1F2G_V8-AmBic_2-D 4_01_4104.d,1,1,|#CONTAM#525507390|ref|NP_112598.3|,Dihydroxy; Carbamidomethylation (DHKE  X@N-term),R16:Dihydroxy:0.00;E20:Carbamidomethylation (DHKE  X@N-term):15.38,PEAKS PTM
ASRLAHYNK(+43.01)RSTITSRE,40.62,2032.0562,17,1.8,407.4218,26.84,1.6962E5,120,6204,EAM0023_G1F2G_V8-AmBic_2-D 4_01_4104.d,2,2,XP_003451196.1,Carbamylation,K9:Carbamylation:15.34,PEAKS PTM
HGIRLLE,40.15,836.4868,7,2.3,419.2542,41.14,1.9039E5,120,12266,EAM0023_G1F2G_V8-AmBic_2-D 4_01_4104.d,1,1,|#CONTAM#525507390|ref|NP_112598.3|,,,PEAKS DB
IAQDFK(+14.02)TDLRFQSSAVM(+15.99)ALQE,39.96,2427.2104,21,0.8,810.0831,61.27,6.9198E5,120,20776,EAM0023_G1F2G_V8-AmBic_2-D 4_01_4104.d,1,1,XP_005463512.2,Methylation(KR); Oxidation (M),K6:Methylation(KR):11.12;M17:Oxidation (M):1000.00,PEAKS PTM
IQTAVRLLLPGELAK(+114.04)HAVSE,39.87,2258.2747,20,2.5,565.5809,64.12,4.7854E4,120,21982,EAM0023_G1F2G_V8-AmBic_2-D 4_01_4104.d,1,1,XP_003451196.1,Ubiquitin,K15:Ubiquitin:6.65,PEAKS PTM
NVIRDAVTYTE(+57.02),37.34,1336.6622,11,2.5,669.3442,46.42,8.8726E4,120,14531,EAM0023_G1F2G_V8-AmBic_2-D 4_01_4104.d,1,1,XP_025766521.1,Carbamidomethylation (DHKE  X@N-term),E11:Carbamidomethylation (DHKE  X@N-term):42.88,PEAKS PTM
G(+43.01)TK(+57.02)AVTKYTSSK,37.00,1369.7201,12,1.0,457.5840,26.21,7.5523E4,120,5959,EAM0023_G1F2G_V8-AmBic_2-D 4_01_4104.d,1,1,XP_003451196.1:XP_003438147.1,Carbamylation; Carbamidomethylation (DHKE  X@N-term),G1:Carbamylation:14.04;K3:Carbamidomethylation (DHKE  X@N-term):14.04,PEAKS PTM
AEVAPAPAAAPAKPAKKKASKPKKTGPSVSD,36.83,2997.6973,31,1.9,600.5516,20.03,1.3008E4,120,3462,EAM0023_G1F2G_V8-AmBic_2-D 4_01_4104.d,1,1,XP_003459589.1,,,PEAKS DB
ETRGVLK(+57.02)VFLE,36.80,1346.7557,11,1.3,449.9292,60.41,7.1491E4,120,20474,EAM0023_G1F2G_V8-AmBic_2-D 4_01_4104.d,1,1,XP_025766521.1,Carbamidomethylation (DHKE  X@N-term),K7:Carbamidomethylation (DHKE  X@N-term):49.79,PEAKS PTM
LIVKAVK(+57.02)E,36.28,955.6066,8,2.1,478.8145,30.12,1.2812E6,120,7477,EAM0023_G1F2G_V8-AmBic_2-D 4_01_4104.d,1,1,XP_003448795.2,Carbamidomethylation (DHKE  X@N-term),K7:Carbamidomethylation (DHKE  X@N-term):0.00,PEAKS PTM
LIVKAVAAS(+79.97)K(+114.04)E(+57.02),35.21,1378.7220,11,-0.5,690.3723,41.82,3.0772E4,120,12561,EAM0023_G1F2G_V8-AmBic_2-D 4_01_4104.d,1,1,XP_019210165.1:XP_013130399.2:XP_019210164.1:XP_019209840.1:XP_019209845.1,Phosphorylation (STY); Ubiquitin; Carbamidomethylation (DHKE  X@N-term),S9:Phosphorylation (STY):1000.00;K10:Ubiquitin:47.38;E11:Carbamidomethylation (DHKE  X@N-term):41.18,PEAKS PTM
G(+57.02)PSLPK(+72.02)LIVASVTE,35.11,1538.8555,14,-1.8,770.4384,69.49,1.687E5,120,24200,EAM0023_G1F2G_V8-AmBic_2-D 4_01_4104.d,1,1,XP_005461836.1,Carbamidomethylation (DHKE  X@N-term); Carboxyethyl,G1:Carbamidomethylation (DHKE  X@N-term):49.46;K6:Carboxyethyl:1000.00,PEAKS PTM
RVRQLTIE,35.07,1013.5981,8,-9.1,507.8049,26.03,7.6187E4,120,5871,EAM0023_G1F2G_V8-AmBic_2-D 4_01_4104.d,1,1,|#CONTAM#4502443|ref|NP_001714.1|,,,PEAKS DB
RHQITDTTN(+.98)GHYAPVTYIQVE,33.90,2443.1768,21,1.8,815.4061,51.97,3.0886E4,120,16906,EAM0023_G1F2G_V8-AmBic_2-D 4_01_4104.d,1,1,|#CONTAM#88194745|ref|YP_499541.1|,Deamidation (NQ),N9:Deamidation (NQ):0.00,PEAKS PTM
LIVK(+43.01)AVKE,33.68,941.5909,8,0.2,471.8058,38.80,4.8302E4,120,11239,EAM0023_G1F2G_V8-AmBic_2-D 4_01_4104.d,1,1,XP_003448795.2,Carbamylation,K4:Carbamylation:30.32,PEAKS PTM
LALRQSVE,33.67,914.5185,8,-6.1,458.2666,33.38,0,120,8924,EAM0023_G1F2G_V8-AmBic_2-D 4_01_4104.d,0,0,|#CONTAM#131412228|ref|NP_002265.2|:|#CONTAM#131412225|ref|NP_705694.2|,,,PEAKS DB
VVKPATMSN(+.98)NAE,33.41,1260.6019,12,5.4,631.3156,25.76,0,120,5801,EAM0023_G1F2G_V8-AmBic_2-D 4_01_4104.d,0,0,|#CONTAM#88194745|ref|YP_499541.1|,Deamidation (NQ),N9:Deamidation (NQ):10.11,PEAKS PTM
YLTAEILE,32.51,950.4960,8,2.9,476.2596,62.35,4.1736E5,120,21236,EAM0023_G1F2G_V8-AmBic_2-D 4_01_4104.d,1,1,XP_003451211.1:XP_013121737.2:XP_003459572.1:XP_003448939.1:XP_003446914.1,,,PEAKS DB
DIANRSRAEAE,32.50,1230.5952,11,3.6,411.2097,20.48,7.0085E4,120,3621,EAM0023_G1F2G_V8-AmBic_2-D 4_01_4104.d,1,1,|#CONTAM#372466577|ref|NP_001243222.1|:|#CONTAM#4504919|ref|NP_002264.1|:|#CONTAM#372466572|ref|NP_001243211.1|,,,PEAKS DB
T(+79.97)RGVLK(+57.02)VFLENVIRDAVTYTE,32.50,2559.3098,21,-9.7,854.1075,45.68,2.4198E5,120,14210,EAM0023_G1F2G_V8-AmBic_2-D 4_01_4104.d,1,1,XP_025766521.1,Phosphorylation (STY); Carbamidomethylation (DHKE  X@N-term),T1:Phosphorylation (STY):50.90;K6:Carbamidomethylation (DHKE  X@N-term):8.64,PEAKS PTM
NAIK(+28.03)GIGKSAAGALVE,31.65,1525.8827,16,8.1,763.9595,39.17,1.9458E5,120,11415,EAM0023_G1F2G_V8-AmBic_2-D 4_01_4104.d,2,2,,Dimethylation(KR),K4:Dimethylation(KR):14.19,PEAKS PTM
QPADGRVVALAYGKSSE,31.59,1746.8900,17,-7.3,583.3033,46.44,0,120,14551,EAM0023_G1F2G_V8-AmBic_2-D 4_01_4104.d,0,0,,,,PEAKS DB
R(+.98)K(+28.03)GLSLAAIKKDLVARGYDVE,31.32,2330.3320,21,-8.5,583.5889,61.98,0,120,21126,EAM0023_G1F2G_V8-AmBic_2-D 4_01_4104.d,0,0,XP_003448795.2,Citrullination; Dimethylation(KR),R1:Citrullination:43.92;K2:Dimethylation(KR):29.57,PEAKS PTM
ATRVASQQRPPNGTLTE,31.32,1824.9442,17,-6.6,609.3218,59.18,0,120,19983,EAM0023_G1F2G_V8-AmBic_2-D 4_01_4104.d,0,0,,,,PEAKS DB
T(+57.02)R(+.98)GVLKVFLE,30.76,1218.6971,10,-2.2,407.2413,64.06,6.0204E4,120,21969,EAM0023_G1F2G_V8-AmBic_2-D 4_01_4104.d,1,1,XP_025766521.1,Carbamidomethylation (DHKE  X@N-term); Citrullination,T1:Carbamidomethylation (DHKE  X@N-term):39.44;R2:Citrullination:1000.00,PEAKS PTM
KSDKK(+28.03)PTP(+15.99)PAKAKTSAGPD,30.56,1967.0687,19,-9.5,492.7729,41.21,2.3471E6,120,12237,EAM0023_G1F2G_V8-AmBic_2-D 4_01_4104.d,1,1,,Dimethylation(KR); Oxidation or Hydroxylation,K5:Dimethylation(KR):2.81;P8:Oxidation or Hydroxylation:0.00,PEAKS PTM
A(+57.02)YLVGLFE,30.12,967.5015,8,1.4,484.7617,70.17,8.8259E4,120,24664,EAM0023_G1F2G_V8-AmBic_2-D 4_01_4104.d,1,1,XP_005463512.2,Carbamidomethylation (DHKE  X@N-term),A1:Carbamidomethylation (DHKE  X@N-term):38.64,PEAKS PTM
AAQAVSPVAPKKNSPKE,30.12,1720.9471,17,8.4,574.6647,41.78,4.0834E5,120,12465,EAM0023_G1F2G_V8-AmBic_2-D 4_01_4104.d,1,1,,,,PEAKS DB
AQAATGFIIDPVEN(+15.99)RK(+71.01)LTVE,29.91,2258.1667,20,5.9,753.7386,64.25,3.2971E4,120,22025,EAM0023_G1F2G_V8-AmBic_2-D 4_01_4104.d,1,1,|#CONTAM#525507390|ref|NP_112598.3|,Oxidation or Hydroxylation; Lactylation,N14:Oxidation or Hydroxylation:0.00;K16:Lactylation:1000.00,PEAKS PTM
IAQDFKTDLRFQSSAVM(+15.99)ALQE(-.98),29.75,2412.2107,21,4.2,805.0859,67.64,0,120,23393,EAM0023_G1F2G_V8-AmBic_2-D 4_01_4104.d,0,0,XP_005463512.2,Oxidation (M); Amidation,M17:Oxidation (M):1000.00;E21:Amidation:1000.00,PEAKS PTM
R(+.98)KGLSLAAIKKDLVARGYD(-18.01),29.56,2056.1792,19,7.3,412.2487,50.18,3.0656E5,120,16145,EAM0023_G1F2G_V8-AmBic_2-D 4_01_4104.d,2,2,XP_003448795.2,Citrullination; Dehydration,R1:Citrullination:24.79;D19:Dehydration:0.00,PEAKS PTM
IAQDFK(+14.02)TD,29.22,950.4709,8,2.0,476.2466,29.33,4.4646E5,120,7157,EAM0023_G1F2G_V8-AmBic_2-D 4_01_4104.d,1,1,XP_005463512.2,Methylation(KR),K6:Methylation(KR):1000.00,PEAKS PTM
IAPVGALE,29.02,768.4381,8,1.7,385.2294,55.80,3.4463E5,120,18481,EAM0023_G1F2G_V8-AmBic_2-D 4_01_4104.d,1,1,,,,PEAKS DB
FVLLKKDVD,28.53,1075.6277,9,1.9,359.5527,43.52,2.1006E4,120,13308,EAM0023_G1F2G_V8-AmBic_2-D 4_01_4104.d,1,1,,,,PEAKS DB
FVLIKKDVD,28.53,1075.6277,9,1.9,359.5527,43.52,2.1006E4,120,13308,EAM0023_G1F2G_V8-AmBic_2-D 4_01_4104.d,1,1,|#CONTAM#372466577|ref|NP_001243222.1|:|#CONTAM#4504919|ref|NP_002264.1|:|#CONTAM#372466572|ref|NP_001243211.1|,,,PEAKS DB
KAPAKVAK(+114.04)ATAALK(+42.01)SKVATAE,28.39,2209.2793,21,6.7,442.8688,17.76,2.0502E4,120,2601,EAM0023_G1F2G_V8-AmBic_2-D 4_01_4104.d,1,1,,Ubiquitin; Acetylation (K),K8:Ubiquitin:5.99;K14:Acetylation (K):2.36,PEAKS PTM
LSNNGILAINEYGRVATQIKTYE,28.11,2566.3391,23,-4.5,514.2760,68.74,5.2165E4,120,23848,EAM0023_G1F2G_V8-AmBic_2-D 4_01_4104.d,1,1,,,,PEAKS DB
LIVKAVK(+43.01)ESKE(-.98),27.91,1284.7765,11,1.3,643.4003,31.77,3.6198E4,120,8225,EAM0023_G1F2G_V8-AmBic_2-D 4_01_4104.d,1,1,XP_003448795.2,Carbamylation; Amidation,K7:Carbamylation:0.00;E11:Amidation:1000.00,PEAKS PTM
AYLVGLFE,27.90,910.4800,8,3.5,456.2517,77.53,6.2567E2,120,26882,EAM0023_G1F2G_V8-AmBic_2-D 4_01_4104.d,1,1,XP_005463512.2,,,PEAKS DB
VIGIHWGGVPNEFNGAVFINE(-.98),27.87,2267.1487,21,3.9,756.7311,69.55,0,120,24291,EAM0023_G1F2G_V8-AmBic_2-D 4_01_4104.d,0,0,|#CONTAM#88194745|ref|YP_499541.1|,Amidation,E21:Amidation:1000.00,PEAKS PTM
IAQDFKTDLR(+28.03)FQSSAVMALQE,27.85,2425.2312,21,0.1,809.4228,70.30,0,120,24669,EAM0023_G1F2G_V8-AmBic_2-D 4_01_4104.d,0,0,XP_005463512.2,Dimethylation(KR),R10:Dimethylation(KR):25.11,PEAKS PTM
T(+43.01)RGVLKVFLE,27.71,1203.6975,10,-0.1,602.8597,77.56,2.9442E5,120,26879,EAM0023_G1F2G_V8-AmBic_2-D 4_01_4104.d,3,3,XP_025766521.1,Carbamylation,T1:Carbamylation:23.70,PEAKS PTM
GDLAIVKFSPNE,27.21,1288.6663,12,-5.7,645.3408,57.04,0,120,19063,EAM0023_G1F2G_V8-AmBic_2-D 4_01_4104.d,0,0,|#CONTAM#88194745|ref|YP_499541.1|,,,PEAKS DB
GTKAVTK(+57.02)YTSSK,26.98,1326.7144,12,3.6,443.2497,18.96,2.4177E4,120,3038,EAM0023_G1F2G_V8-AmBic_2-D 4_01_4104.d,1,1,XP_003451196.1:XP_003438147.1,Carbamidomethylation (DHKE  X@N-term),K7:Carbamidomethylation (DHKE  X@N-term):17.07,PEAKS PTM
I(+57.02)AQDFKTD,26.47,993.4767,8,2.5,497.7499,29.51,5.9901E4,120,7287,EAM0023_G1F2G_V8-AmBic_2-D 4_01_4104.d,1,1,XP_005463512.2,Carbamidomethylation (DHKE  X@N-term),I1:Carbamidomethylation (DHKE  X@N-term):44.44,PEAKS PTM
GTKAVT(+114.04)K(+57.02)Y(+79.97)TSSK,26.44,1520.7235,12,-1.0,761.3730,24.86,8.603E4,120,5411,EAM0023_G1F2G_V8-AmBic_2-D 4_01_4104.d,2,2,XP_003451196.1:XP_003438147.1,Ubiquitin; Carbamidomethylation (DHKE  X@N-term); Phosphorylation (STY),T6:Ubiquitin:28.36;K7:Carbamidomethylation (DHKE  X@N-term):46.62;Y8:Phosphorylation (STY):30.46,PEAKS PTM
LLAKKRGAKGKLETPVSPAPE,26.07,2189.2896,21,2.5,548.3344,28.91,1.9995E4,120,7025,EAM0023_G1F2G_V8-AmBic_2-D 4_01_4104.d,1,1,,,,PEAKS DB
LRFQSSAVMALQE(+57.02),25.85,1535.7766,13,2.5,512.9373,45.19,3.6424E5,120,13933,EAM0023_G1F2G_V8-AmBic_2-D 4_01_4104.d,1,1,XP_005463512.2,Carbamidomethylation (DHKE  X@N-term),E13:Carbamidomethylation (DHKE  X@N-term):42.22,PEAKS PTM
IAQDFKTD(-18.01)LRFQSSAVMALQE,25.83,2379.1892,21,5.6,794.0797,67.52,0,120,23348,EAM0023_G1F2G_V8-AmBic_2-D 4_01_4104.d,0,0,XP_005463512.2,Dehydration,D8:Dehydration:0.00,PEAKS PTM
LLNTR(+31.99)IAAR(+15.99)GE,25.70,1260.6786,11,-6.5,631.3464,77.16,0,120,26782,EAM0023_G1F2G_V8-AmBic_2-D 4_01_4104.d,0,0,,Dihydroxy; Oxidation or Hydroxylation,R5:Dihydroxy:8.02;R9:Oxidation or Hydroxylation:8.02,PEAKS PTM
ARLK(+14.02)SKINLE,25.45,1184.7241,10,-7.6,395.9148,41.68,1.0906E4,120,12502,EAM0023_G1F2G_V8-AmBic_2-D 4_01_4104.d,1,1,,Methylation(KR),K4:Methylation(KR):5.03,PEAKS PTM
SLKRYLD(-.98),25.15,892.5130,7,-0.2,447.2664,24.34,2.5919E5,120,5212,EAM0023_G1F2G_V8-AmBic_2-D 4_01_4104.d,1,1,,Amidation,D7:Amidation:1000.00,PEAKS PTM
HKVFILGPTGEALQGRGNLRIVQE,25.15,2631.4609,24,0.2,527.3029,26.31,0,120,6005,EAM0023_G1F2G_V8-AmBic_2-D 4_01_4104.d,0,0,,,,PEAKS DB
LNKLLGGVTIAQGGVLPNIQAVLLPK(+14.02)K(+42.01)TE,24.98,3039.8059,29,-9.2,608.9667,69.20,4.8438E5,120,24054,EAM0023_G1F2G_V8-AmBic_2-D 4_01_4104.d,1,1,XP_003451211.1:XP_013121737.2:XP_003459572.1:XP_003448939.1,Methylation(KR); Acetylation (K),K26:Methylation(KR):0.00;K27:Acetylation (K):0.00,PEAKS PTM
LTGRFIANSVE,24.96,1205.6404,11,1.3,402.8904,37.68,2.5073E6,120,10704,EAM0023_G1F2G_V8-AmBic_2-D 4_01_4104.d,1,1,,,,PEAKS DB
ETPAPAP(+15.99)APAK(+43.01)AAKKKKTTASKPKKVGPSVGE,24.66,3228.8193,32,-7.2,808.2113,21.69,3.1113E5,120,4337,EAM0023_G1F2G_V8-AmBic_2-D 4_01_4104.d,1,1,,Oxidation or Hydroxylation; Carbamylation,P7:Oxidation or Hydroxylation:0.00;K11:Carbamylation:0.00,PEAKS PTM
LGILAMAWAIKE,24.47,1314.7369,12,7.5,658.3848,69.42,1.9768E5,120,24216,EAM0023_G1F2G_V8-AmBic_2-D 4_01_4104.d,1,1,,,,PEAKS DB
AQAATH(+57.02)TLVDPITGQRLWVD,24.46,2248.1599,20,-3.6,750.3959,66.07,1.5996E5,120,22764,EAM0023_G1F2G_V8-AmBic_2-D 4_01_4104.d,1,1,|#CONTAM#525507390|ref|NP_112598.3|,Carbamidomethylation (DHKE  X@N-term),H6:Carbamidomethylation (DHKE  X@N-term):3.56,PEAKS PTM
VVYRTNLFD,24.43,1125.5818,9,-5.4,563.7986,49.93,5.0713E5,120,16023,EAM0023_G1F2G_V8-AmBic_2-D 4_01_4104.d,1,1,,,,PEAKS DB
KNSK(+15.99)ILEVLD(-.98),24.34,1172.6764,10,1.0,587.3497,26.10,1.0181E7,120,5867,EAM0023_G1F2G_V8-AmBic_2-D 4_01_4104.d,2,2,,Oxidation or Hydroxylation; Amidation,K4:Oxidation or Hydroxylation:60.92;D10:Amidation:1000.00,PEAKS PTM
LKKQKSRVEE,24.28,1243.7247,10,-7.3,622.8690,44.07,2.7186E5,120,13534,EAM0023_G1F2G_V8-AmBic_2-D 4_01_4104.d,1,1,|#CONTAM#4502443|ref|NP_001714.1|,,,PEAKS DB
AKVPVPSKTIKSSGKYAKAAKKAVEAAKPKE,24.25,3209.8862,31,-6.8,642.9841,31.03,1.132E5,120,7872,EAM0023_G1F2G_V8-AmBic_2-D 4_01_4104.d,1,1,,,,PEAKS DB
S(-18.01)F(+31.99)R(+.98)TAVILGGILKHAFLRE,24.18,2142.1948,19,4.5,536.5617,55.42,1.0099E5,120,18348,EAM0023_G1F2G_V8-AmBic_2-D 4_01_4104.d,1,1,,Dehydration; Dihydroxy; Citrullination,S1:Dehydration:6.63;F2:Dihydroxy:60.81;R3:Citrullination:64.53,PEAKS PTM
RSGVSAAALK(+31.99)KALAAGGYD,24.04,1836.9692,19,3.2,460.2539,44.35,9.5488E4,120,13623,EAM0023_G1F2G_V8-AmBic_2-D 4_01_4104.d,1,1,XP_019210165.1:XP_013130399.2:XP_019210164.1:XP_019209840.1,Dihydroxy,K10:Dihydroxy:0.00,PEAKS PTM
I(+43.01)ATYRKLLE,23.88,1148.6553,9,0.3,575.3387,63.56,2.0296E4,120,21768,EAM0023_G1F2G_V8-AmBic_2-D 4_01_4104.d,1,1,|#CONTAM#372466577|ref|NP_001243222.1|:|#CONTAM#4504919|ref|NP_002264.1|:|#CONTAM#372466572|ref|NP_001243211.1|:|#CONTAM#1034578051|ref|XP_016874323.1|:|#CONTAM#1034578053|ref|XP_016874324.1|:|#CONTAM#1034578049|ref|XP_016874322.1|:|#CONTAM#1034578055|ref|XP_016874325.1|:|#CONTAM#226246663|ref|NP_001139697.1|:|#CONTAM#28372503|ref|NP_542785.1|:|#CONTAM#226246665|ref|NP_001139698.1|,Carbamylation,I1:Carbamylation:30.64,PEAKS PTM
DTNLC(+156.12)AIHAK(+114.04)R(+28.03)VTIMPKD,23.62,2323.2393,18,-8.0,581.8160,46.91,2.5923E5,120,14703,EAM0023_G1F2G_V8-AmBic_2-D 4_01_4104.d,1,1,XP_005463512.2,4-hydroxynonenal (HNE); Ubiquitin; Dimethylation(KR),C5:4-hydroxynonenal (HNE):12.33;K10:Ubiquitin:7.31;R11:Dimethylation(KR):13.13,PEAKS PTM
TK(+15.99)WALLQE,23.56,1003.5338,8,1.8,502.7782,56.09,2.0248E5,120,18640,EAM0023_G1F2G_V8-AmBic_2-D 4_01_4104.d,1,1,,Oxidation or Hydroxylation,K2:Oxidation or Hydroxylation:1000.00,PEAKS PTM
YKGIGMKRLGGGLSLRD,23.52,1820.0090,17,-4.6,607.6779,39.44,0,120,11536,EAM0023_G1F2G_V8-AmBic_2-D 4_01_4104.d,0,0,,,,PEAKS DB
VAPAAAPAP(+15.99)ATE,23.49,1080.5450,12,1.9,541.2842,30.09,1.6548E4,120,7518,EAM0023_G1F2G_V8-AmBic_2-D 4_01_4104.d,1,1,XP_003448795.2,Oxidation or Hydroxylation,P9:Oxidation or Hydroxylation:11.10,PEAKS PTM
IAQDFK(+14.02)TDLRFQ(+.98)SSAVMALQE,23.41,2412.1995,21,6.3,805.0839,66.62,0,120,22993,EAM0023_G1F2G_V8-AmBic_2-D 4_01_4104.d,0,0,XP_005463512.2,Methylation(KR); Deamidation (NQ),K6:Methylation(KR):0.00;Q12:Deamidation (NQ):0.00,PEAKS PTM
QIGQGLIYIYE,23.37,1295.6761,11,-1.2,432.9015,43.56,7.45E4,120,13335,EAM0023_G1F2G_V8-AmBic_2-D 4_01_4104.d,1,1,,,,PEAKS DB
IAQDFK(+14.02)TDLRFQSSAVMALQ(+.98)E,23.33,2412.1995,21,2.4,805.0807,68.16,0,120,23596,EAM0023_G1F2G_V8-AmBic_2-D 4_01_4104.d,0,0,XP_005463512.2,Methylation(KR); Deamidation (NQ),K6:Methylation(KR):16.51;Q20:Deamidation (NQ):39.31,PEAKS PTM
VAQVRLE,23.18,813.4708,7,2.4,407.7462,39.21,6.1271E4,120,11424,EAM0023_G1F2G_V8-AmBic_2-D 4_01_4104.d,1,1,,,,PEAKS DB
IAQDFKTD(-.98),23.13,935.4712,8,1.1,468.7463,26.31,6.1661E4,120,5997,EAM0023_G1F2G_V8-AmBic_2-D 4_01_4104.d,1,1,XP_005463512.2,Amidation,D8:Amidation:1000.00,PEAKS PTM
VRK(+57.02)LT(-18.01)LRGLPATE,23.06,1491.8885,13,1.5,373.9823,34.86,4.5845E6,120,9736,EAM0023_G1F2G_V8-AmBic_2-D 4_01_4104.d,1,1,,Carbamidomethylation (DHKE  X@N-term); Dehydration,K3:Carbamidomethylation (DHKE  X@N-term):0.00;T5:Dehydration:20.76,PEAKS PTM
NEIATYRNLLE,22.80,1334.6830,11,2.8,668.3548,62.49,3.8993E5,120,21815,EAM0023_G1F2G_V8-AmBic_2-D 4_01_4104.d,1,1,,,,PEAKS DB
K(+43.01)CSLSGVR(+28.03)SQLVVKISE,22.74,1903.0560,17,-6.9,476.7710,39.22,4.0277E5,120,11392,EAM0023_G1F2G_V8-AmBic_2-D 4_01_4104.d,1,1,,Carbamylation; Dimethylation(KR),K1:Carbamylation:46.63;R8:Dimethylation(KR):18.01,PEAKS PTM
QVGGLVPGYAGRRE,22.69,1457.7738,14,1.0,365.4534,20.52,3.7548E4,120,3641,EAM0023_G1F2G_V8-AmBic_2-D 4_01_4104.d,1,1,,,,PEAKS DB
HVK(+42.01)VVLEPVTAGLNTE,22.59,1746.9515,16,-6.3,437.7451,41.78,0,120,12551,EAM0023_G1F2G_V8-AmBic_2-D 4_01_4104.d,0,0,,Acetylation (K),K3:Acetylation (K):1000.00,PEAKS PTM
KQDMRKKRLANFVIE,22.49,1875.0513,15,-2.7,626.0266,49.38,2.2215E4,120,15833,EAM0023_G1F2G_V8-AmBic_2-D 4_01_4104.d,1,1,,,,PEAKS DB
FARSSANLLD,22.45,1092.5564,10,-9.8,547.2835,36.70,4.408E6,120,10521,EAM0023_G1F2G_V8-AmBic_2-D 4_01_4104.d,1,1,,,,PEAKS DB
QGAKQQVRLLHRQDRVLFLVLEIQVRFLE,22.40,3531.0312,29,7.4,707.2231,49.00,3.4903E4,120,15658,EAM0023_G1F2G_V8-AmBic_2-D 4_01_4104.d,1,1,|#CONTAM#1034578053|ref|XP_016874324.1|:|#CONTAM#1034578049|ref|XP_016874322.1|,,,PEAKS DB
NALPVTDGRGALIE,22.31,1424.7623,14,1.6,475.9318,46.61,7.2252E4,120,14609,EAM0023_G1F2G_V8-AmBic_2-D 4_01_4104.d,1,1,,,,PEAKS DB
RLASYLD(-18.01),22.28,818.4286,7,3.0,410.2254,39.42,8.8011E4,120,11503,EAM0023_G1F2G_V8-AmBic_2-D 4_01_4104.d,1,1,,Dehydration,D7:Dehydration:24.32,PEAKS PTM
Q(+.98)VLAGTIS(+79.97)PE,22.26,1094.4896,10,-2.8,365.8384,31.79,0,120,8253,EAM0023_G1F2G_V8-AmBic_2-D 4_01_4104.d,0,0,|#CONTAM#525507390|ref|NP_112598.3|,Deamidation (NQ); Phosphorylation (STY),Q1:Deamidation (NQ):1000.00;S8:Phosphorylation (STY):0.00,PEAKS PTM
YSKQTRLSPDE,22.24,1322.6466,11,9.7,662.3411,33.72,2.296E7,120,9433,EAM0023_G1F2G_V8-AmBic_2-D 4_01_4104.d,1,1,,,,PEAKS DB
LIAQRSRAE,22.11,1042.5883,9,1.8,522.3056,29.81,7.8824E4,120,7419,EAM0023_G1F2G_V8-AmBic_2-D 4_01_4104.d,1,1,,,,PEAKS DB
ARRSSVFDNALIPE,22.08,1573.8212,14,-9.4,525.6127,45.50,7.0981E4,120,14142,EAM0023_G1F2G_V8-AmBic_2-D 4_01_4104.d,1,1,,,,PEAKS DB
QPNNPDNPDNPNNPD(-.98),22.05,1659.6873,15,1.6,830.8574,21.90,6.3155E4,120,4201,EAM0023_G1F2G_V8-AmBic_2-D 4_01_4104.d,1,1,|#CONTAM#88194745|ref|YP_499541.1|,Amidation,D15:Amidation:1000.00,PEAKS PTM
TNNTLRCLKLELERKD,21.95,1945.0415,16,5.7,649.3622,41.10,2.193E5,120,12210,EAM0023_G1F2G_V8-AmBic_2-D 4_01_4104.d,1,1,|#CONTAM#4502443|ref|NP_001714.1|,,,PEAKS DB
LQRVPAVT(-18.01)GD(+57.02)GGAAQLGGLTALK(+71.01)KGE,21.79,2616.4109,26,3.5,524.2946,45.43,6.7489E4,120,14120,EAM0023_G1F2G_V8-AmBic_2-D 4_01_4104.d,1,1,,Dehydration; Carbamidomethylation (DHKE  X@N-term); Lactylation,T8:Dehydration:54.40;D10:Carbamidomethylation (DHKE  X@N-term):2.84;K23:Lactylation:0.00,PEAKS PTM
A(+42.01)S(-18.01)KK(+43.01)KGKSSTE,21.55,1216.6411,11,-0.6,609.3312,70.69,0,120,24818,EAM0023_G1F2G_V8-AmBic_2-D 4_01_4104.d,0,0,XP_003438147.1,Acetylation (Protein N-term); Dehydration; Carbamylation,A1:Acetylation (Protein N-term):1000.00;S2:Dehydration:38.32;K4:Carbamylation:0.00,PEAKS PTM
QIALSAQE,21.50,858.4447,8,2.4,430.2333,41.28,1.7682E5,120,12326,EAM0023_G1F2G_V8-AmBic_2-D 4_01_4104.d,1,1,,,,PEAKS DB
ISSKGVQE,21.41,846.4447,8,-8.2,424.2288,38.20,9.4899E5,120,10955,EAM0023_G1F2G_V8-AmBic_2-D 4_01_4104.d,2,2,,,,PEAKS DB
N(+57.02)KKT(-18.01)R(+15.99)IIPRHLQLAVRNDEE,21.40,2484.3672,20,7.2,497.8874,34.06,5.994E6,120,9069,EAM0023_G1F2G_V8-AmBic_2-D 4_01_4104.d,1,1,XP_003451211.1:XP_013121737.2:XP_003459572.1:XP_003448939.1:XP_003446914.1,Carbamidomethylation (DHKE  X@N-term); Dehydration; Oxidation or Hydroxylation,N1:Carbamidomethylation (DHKE  X@N-term):0.00;T4:Dehydration:26.30;R5:Oxidation or Hydroxylation:0.00,PEAKS PTM
MFQNNHYPVSRPKDTPE,21.39,2058.9580,17,4.2,687.3337,61.20,1.872E5,120,20775,EAM0023_G1F2G_V8-AmBic_2-D 4_01_4104.d,1,1,,,,PEAKS DB
TPNLLNE,21.34,799.4076,7,1.6,400.7142,26.70,1.123E5,120,6112,EAM0023_G1F2G_V8-AmBic_2-D 4_01_4104.d,1,1,,,,PEAKS DB
DAVLISVT(-18.01)AE,21.33,998.5284,10,4.1,500.2766,49.52,5.7952E4,120,15827,EAM0023_G1F2G_V8-AmBic_2-D 4_01_4104.d,1,1,,Dehydration,T8:Dehydration:15.21,PEAKS PTM
APTGTFIASGVVVGK(+14.02)D(-.98),21.22,1530.8406,16,-0.6,511.2903,39.46,1.147E6,120,11495,EAM0023_G1F2G_V8-AmBic_2-D 4_01_4104.d,1,1,|#CONTAM#88194745|ref|YP_499541.1|,Methylation(KR); Amidation,K15:Methylation(KR):1000.00;D16:Amidation:1000.00,PEAKS PTM
I(+43.01)RRYQKSTE,21.19,1222.6418,9,3.3,408.5584,23.53,2.0362E5,120,4871,EAM0023_G1F2G_V8-AmBic_2-D 4_01_4104.d,1,1,XP_005463512.2,Carbamylation,I1:Carbamylation:10.65,PEAKS PTM
LQQWLTD,21.09,902.4498,7,6.9,452.2381,65.37,4.8522E4,120,22488,EAM0023_G1F2G_V8-AmBic_2-D 4_01_4104.d,1,1,,,,PEAKS DB
IAQDFK(+28.03)TD,21.04,964.4865,8,1.9,483.2544,29.69,1.8807E5,120,7363,EAM0023_G1F2G_V8-AmBic_2-D 4_01_4104.d,1,1,XP_005463512.2,Dimethylation(KR),K6:Dimethylation(KR):1000.00,PEAKS PTM
SPTINLRRWRRTPRGGMLLKVGD,20.93,2678.5027,23,-6.6,670.6327,46.10,1.3926E4,120,14409,EAM0023_G1F2G_V8-AmBic_2-D 4_01_4104.d,1,1,,,,PEAKS DB
KTQEPRSSRCGCE,20.92,1479.6558,13,-9.7,494.2242,50.70,2.463E4,120,16386,EAM0023_G1F2G_V8-AmBic_2-D 4_01_4104.d,1,1,XP_003448795.2,,,PEAKS DB
ASRGNVAIIK(+14.02)RGDVQR(+14.02)G,20.92,1824.0442,17,-3.9,457.0194,24.44,9.2982E4,120,5232,EAM0023_G1F2G_V8-AmBic_2-D 4_01_4104.d,1,1,,Methylation(KR),K10:Methylation(KR):0.00;R16:Methylation(KR):30.64,PEAKS PTM
GQAKLVRPAGKAR(+14.02)EGAEKS(-18.01)E,20.91,2077.1392,20,-5.7,520.2924,22.88,0,120,4601,EAM0023_G1F2G_V8-AmBic_2-D 4_01_4104.d,0,0,,Methylation(KR); Dehydration,R13:Methylation(KR):0.00;S19:Dehydration:1000.00,PEAKS PTM
GISVVAQQFHE,20.91,1213.6091,11,-1.1,405.5457,56.19,1.9672E5,120,18889,EAM0023_G1F2G_V8-AmBic_2-D 4_01_4104.d,1,1,,,,PEAKS DB
MQIKTKAGELITRVWD,20.73,1888.0240,16,3.6,473.0179,27.42,9.3942E4,120,6419,EAM0023_G1F2G_V8-AmBic_2-D 4_01_4104.d,1,1,,,,PEAKS DB
FVVLKK(+14.02)DVDAAYMNKVE,20.48,1982.0547,17,2.1,496.5251,52.89,8.0521E4,120,17295,EAM0023_G1F2G_V8-AmBic_2-D 4_01_4104.d,1,1,|#CONTAM#1034578051|ref|XP_016874323.1|:|#CONTAM#1034578053|ref|XP_016874324.1|:|#CONTAM#1034578049|ref|XP_016874322.1|:|#CONTAM#1034578055|ref|XP_016874325.1|:|#CONTAM#226246663|ref|NP_001139697.1|:|#CONTAM#28372503|ref|NP_542785.1|:|#CONTAM#226246665|ref|NP_001139698.1|,Methylation(KR),K6:Methylation(KR):14.02,PEAKS PTM
LKGRGSATAIGGIHDASRGNVAIIKRGD,20.40,2789.5371,28,-6.6,558.9145,54.36,0,120,17925,EAM0023_G1F2G_V8-AmBic_2-D 4_01_4104.d,0,0,,,,PEAKS DB
RSGVSAAALKKALAAGGY(-18.01)D,20.30,1786.9689,19,-1.1,596.6666,46.52,4.8395E4,120,14565,EAM0023_G1F2G_V8-AmBic_2-D 4_01_4104.d,1,1,XP_019210165.1:XP_013130399.2:XP_019210164.1:XP_019209840.1,Dehydration,Y18:Dehydration:0.00,PEAKS PTM
AKLLDVME,20.00,917.4892,8,3.1,459.7562,52.29,2.42E4,120,17075,EAM0023_G1F2G_V8-AmBic_2-D 4_01_4104.d,1,1,,,,PEAKS DB
LK(+15.99)AIGKVVQT(+79.97)LPE,19.95,1490.8109,13,-8.4,373.7092,24.07,0,120,5111,EAM0023_G1F2G_V8-AmBic_2-D 4_01_4104.d,0,0,,Oxidation or Hydroxylation; Phosphorylation (STY),K2:Oxidation or Hydroxylation:12.23;T10:Phosphorylation (STY):1000.00,PEAKS PTM
FVLIKKDVDE,19.68,1204.6703,10,1.9,402.5673,41.88,6.9323E3,120,12608,EAM0023_G1F2G_V8-AmBic_2-D 4_01_4104.d,1,1,|#CONTAM#372466577|ref|NP_001243222.1|:|#CONTAM#4504919|ref|NP_002264.1|:|#CONTAM#372466572|ref|NP_001243211.1|,,,PEAKS DB
K(+43.01)MAAEESILK(+14.02)GSLSQIQLYNSE,19.62,2495.2578,22,-4.7,624.8227,33.86,4.2891E4,120,9093,EAM0023_G1F2G_V8-AmBic_2-D 4_01_4104.d,1,1,,Carbamylation; Methylation(KR),K1:Carbamylation:22.83;K10:Methylation(KR):22.83,PEAKS PTM
FADYRNIAQE,19.54,1225.5728,10,-4.7,613.7946,46.06,1.4167E5,120,14358,EAM0023_G1F2G_V8-AmBic_2-D 4_01_4104.d,1,1,,,,PEAKS DB
TKNRYCGQLQMIQE,19.54,1710.8181,14,4.5,856.4255,55.11,2.1454E5,120,18189,EAM0023_G1F2G_V8-AmBic_2-D 4_01_4104.d,1,1,,,,PEAKS DB
LQRVPAVT(+79.97)GD(-18.01)GGAAQLGGLTALK(+57.02)KGE,19.46,2625.3638,26,-6.5,657.3480,50.93,0,120,16488,EAM0023_G1F2G_V8-AmBic_2-D 4_01_4104.d,0,0,,Phosphorylation (STY); Dehydration; Carbamidomethylation (DHKE  X@N-term),T8:Phosphorylation (STY):16.97;D10:Dehydration:19.07;K23:Carbamidomethylation (DHKE  X@N-term):0.00,PEAKS PTM
KSRAQASSYVRE,19.45,1380.7109,12,8.4,461.2510,25.07,0,120,5512,EAM0023_G1F2G_V8-AmBic_2-D 4_01_4104.d,0,0,,,,PEAKS DB
LSGYGYLRVYTICYYRIYVE,19.45,2493.2402,20,0.2,624.3214,28.95,1.4871E4,120,7052,EAM0023_G1F2G_V8-AmBic_2-D 4_01_4104.d,1,1,,,,PEAKS DB
RK(+43.01)GLSLAAIKKD,19.45,1341.8092,12,-9.4,448.2756,25.14,0,120,5544,EAM0023_G1F2G_V8-AmBic_2-D 4_01_4104.d,0,0,XP_003448795.2,Carbamylation,K2:Carbamylation:0.00,PEAKS PTM
LAIVKFSPNE,19.44,1116.6179,10,3.9,373.2170,32.78,1.7124E5,120,8656,EAM0023_G1F2G_V8-AmBic_2-D 4_01_4104.d,1,1,|#CONTAM#88194745|ref|YP_499541.1|,,,PEAKS DB
NMFESYINNLRRQLETLGQE,19.43,2454.1960,20,9.9,819.0858,56.33,2.7497E6,120,19176,EAM0023_G1F2G_V8-AmBic_2-D 4_01_4104.d,1,1,|#CONTAM#372466577|ref|NP_001243222.1|:|#CONTAM#4504919|ref|NP_002264.1|:|#CONTAM#372466572|ref|NP_001243211.1|,,,PEAKS DB
K(+42.01)GLSRDTGSAK(+57.02)PGKQE,19.36,1756.9067,16,-7.4,586.6422,43.17,2.739E5,120,13135,EAM0023_G1F2G_V8-AmBic_2-D 4_01_4104.d,1,1,,Acetylation (K); Carbamidomethylation (DHKE  X@N-term),K1:Acetylation (K):30.19;K11:Carbamidomethylation (DHKE  X@N-term):22.45,PEAKS PTM
QSQEGRFVE,19.24,1078.5043,9,5.2,540.2656,67.70,1.2819E5,120,23366,EAM0023_G1F2G_V8-AmBic_2-D 4_01_4104.d,1,1,,,,PEAKS DB
VPKANKRINTAVAKLVE,19.23,1850.1101,17,2.4,617.7159,41.98,2.1662E4,120,12621,EAM0023_G1F2G_V8-AmBic_2-D 4_01_4104.d,1,1,XP_005461836.1,,,PEAKS DB
LQAKLDNLQQE,19.19,1298.6830,11,-6.6,650.3485,60.13,1.4227E5,120,20361,EAM0023_G1F2G_V8-AmBic_2-D 4_01_4104.d,1,1,,,,PEAKS DB
SEEAPAPAP(+15.99)APAKAAKKKTTASKPKKVGPSVGE,19.17,3243.7825,33,2.2,649.7692,27.26,1.0512E6,120,6362,EAM0023_G1F2G_V8-AmBic_2-D 4_01_4104.d,1,1,XP_019210165.1:XP_013130399.2:XP_019210164.1,Oxidation or Hydroxylation,P9:Oxidation or Hydroxylation:0.00,PEAKS PTM
IQAGSRKEELMKFE,19.05,1664.8556,14,-1.4,555.9618,53.46,6.9089E4,120,17576,EAM0023_G1F2G_V8-AmBic_2-D 4_01_4104.d,1,1,,,,PEAKS DB
LCLELNPGRVSSTCVE,19.01,1718.8331,16,2.1,430.7191,38.20,1.9863E5,120,10940,EAM0023_G1F2G_V8-AmBic_2-D 4_01_4104.d,1,1,,,,PEAKS DB
QNKSHPISAKLDVLESLIKD,18.93,2234.2271,20,-5.0,559.5647,55.32,0,120,18320,EAM0023_G1F2G_V8-AmBic_2-D 4_01_4104.d,0,0,,,,PEAKS DB
TRGVLKVF(+31.99)LE,18.93,1192.6815,10,2.5,597.3532,56.23,1.728E4,120,18730,EAM0023_G1F2G_V8-AmBic_2-D 4_01_4104.d,1,1,XP_025766521.1,Dihydroxy,F8:Dihydroxy:33.18,PEAKS PTM
IAQDFK(+28.03)TDLRFQSSAVMALQE,18.88,2425.2312,21,2.0,809.4243,65.62,0,120,22605,EAM0023_G1F2G_V8-AmBic_2-D 4_01_4104.d,0,0,XP_005463512.2,Dimethylation(KR),K6:Dimethylation(KR):0.00,PEAKS PTM
YSCLYAAPCKSGFRFYPSNYSLKYHE,18.80,3093.4153,26,6.1,774.3706,76.61,0,120,26611,EAM0023_G1F2G_V8-AmBic_2-D 4_01_4104.d,0,0,,,,PEAKS DB
VVK(+114.04)EAHAQGVGFGIGSFQK(+43.01)IE,18.79,2357.2126,21,-6.4,590.3103,52.22,0,120,17042,EAM0023_G1F2G_V8-AmBic_2-D 4_01_4104.d,0,0,,Ubiquitin; Carbamylation,K3:Ubiquitin:23.99;K19:Carbamylation:22.53,PEAKS PTM
IALKS(-18.01)KAEAETLYQTKIQ(+.98)E,18.78,2146.1521,19,-6.4,716.3912,53.23,4.7757E4,120,17469,EAM0023_G1F2G_V8-AmBic_2-D 4_01_4104.d,1,1,|#CONTAM#1034578051|ref|XP_016874323.1|:|#CONTAM#1034578053|ref|XP_016874324.1|:|#CONTAM#1034578049|ref|XP_016874322.1|:|#CONTAM#1034578055|ref|XP_016874325.1|:|#CONTAM#226246663|ref|NP_001139697.1|:|#CONTAM#28372503|ref|NP_542785.1|,Dehydration; Deamidation (NQ),S5:Dehydration:0.00;Q18:Deamidation (NQ):87.62,PEAKS PTM
ASR(+15.99)LAQYNKRSTITSR(+28.03)E,18.75,2024.0763,17,-2.7,507.0281,41.14,1.2976E5,120,12225,EAM0023_G1F2G_V8-AmBic_2-D 4_01_4104.d,1,1,XP_003438147.1,Oxidation or Hydroxylation; Dimethylation(KR),R3:Oxidation or Hydroxylation:30.64;R16:Dimethylation(KR):0.00,PEAKS PTM
KAEALRLLE,18.67,1041.6182,9,-8.8,521.8150,44.25,8.8689E4,120,13591,EAM0023_G1F2G_V8-AmBic_2-D 4_01_4104.d,1,1,|#CONTAM#525507390|ref|NP_112598.3|,,,PEAKS DB
LVVSVAE,18.64,715.4116,7,3.3,358.7165,28.46,3.9581E4,120,6872,EAM0023_G1F2G_V8-AmBic_2-D 4_01_4104.d,1,1,,,,PEAKS DB
KVAAVKQLEE,18.58,1113.6393,10,2.9,557.8320,48.17,1.0264E5,120,15266,EAM0023_G1F2G_V8-AmBic_2-D 4_01_4104.d,1,1,,,,PEAKS DB
ARLKSK(+42.01)INLE,18.52,1212.7190,10,1.2,607.3713,43.42,1.7956E5,120,13265,EAM0023_G1F2G_V8-AmBic_2-D 4_01_4104.d,1,1,,Acetylation (K),K6:Acetylation (K):9.40,PEAKS PTM
ISTKKEQLSE,18.40,1161.6240,10,4.2,581.8253,41.58,9.3615E3,120,12530,EAM0023_G1F2G_V8-AmBic_2-D 4_01_4104.d,1,1,,,,PEAKS DB
KSDKKPT(-18.01)PP(+15.99)AKAKTSAGPD,18.40,1921.0269,19,2.4,481.2681,40.75,0,120,12102,EAM0023_G1F2G_V8-AmBic_2-D 4_01_4104.d,0,0,,Dehydration; Oxidation or Hydroxylation,T7:Dehydration:3.36;P9:Oxidation or Hydroxylation:0.00,PEAKS PTM
VATAQERGPKKLE,18.39,1425.7939,13,-1.2,476.2743,37.26,5.8356E3,120,10583,EAM0023_G1F2G_V8-AmBic_2-D 4_01_4104.d,1,1,,,,PEAKS DB
G(+43.01)VK(+15.99)HVQKTVDIELAGFD,18.36,1913.9846,17,4.5,479.5085,65.92,3.3714E4,120,22716,EAM0023_G1F2G_V8-AmBic_2-D 4_01_4104.d,1,1,,Carbamylation; Oxidation or Hydroxylation,G1:Carbamylation:0.00;K3:Oxidation or Hydroxylation:0.00,PEAKS PTM
LRGSSAGLSE,18.34,975.4985,10,6.8,488.7629,37.91,9.6573E4,120,10829,EAM0023_G1F2G_V8-AmBic_2-D 4_01_4104.d,1,1,,,,PEAKS DB
GFRQTGNALVK(+31.99)E,18.31,1350.6891,12,-9.9,676.3494,42.44,6.7145E4,120,13317,EAM0023_G1F2G_V8-AmBic_2-D 4_01_4104.d,1,1,,Dihydroxy,K11:Dihydroxy:61.14,PEAKS PTM
KEQILKQK(+114.04)E,18.30,1256.7089,9,2.8,419.9140,41.99,2.3009E5,120,12611,EAM0023_G1F2G_V8-AmBic_2-D 4_01_4104.d,1,1,,Ubiquitin,K8:Ubiquitin:44.72,PEAKS PTM
QKSGGRGFQDSSCHAE,18.21,1692.7274,16,0.7,565.2537,23.70,3.6793E4,120,4946,EAM0023_G1F2G_V8-AmBic_2-D 4_01_4104.d,1,1,,,,PEAKS DB
GQAKLVRPAGKAREGAE,18.17,1736.9645,17,-7.4,435.2479,23.49,2.0603E5,120,4845,EAM0023_G1F2G_V8-AmBic_2-D 4_01_4104.d,1,1,,,,PEAKS DB
ASLISSSRRVE,18.15,1203.6571,11,4.1,402.2304,37.23,1.8165E4,120,10544,EAM0023_G1F2G_V8-AmBic_2-D 4_01_4104.d,1,1,,,,PEAKS DB
VRAQYEEIALK(+42.01)SKAE(-.98),18.13,1774.9576,15,9.3,444.7536,28.05,1.2304E6,120,6660,EAM0023_G1F2G_V8-AmBic_2-D 4_01_4104.d,1,1,|#CONTAM#1034578051|ref|XP_016874323.1|:|#CONTAM#1034578053|ref|XP_016874324.1|:|#CONTAM#1034578049|ref|XP_016874322.1|:|#CONTAM#1034578055|ref|XP_016874325.1|:|#CONTAM#226246663|ref|NP_001139697.1|:|#CONTAM#28372503|ref|NP_542785.1|:|#CONTAM#226246665|ref|NP_001139698.1|,Acetylation (K); Amidation,K11:Acetylation (K):0.00;E15:Amidation:1000.00,PEAKS PTM
TETSTAPAKAKKASKPKKPASHPKYSD,18.13,2853.5347,27,4.0,571.7200,17.79,2.942E4,120,2633,EAM0023_G1F2G_V8-AmBic_2-D 4_01_4104.d,1,1,,,,PEAKS DB
K(+14.02)SEAAQRLVNRLP,17.99,1494.8630,13,-8.1,499.2940,27.44,0,120,6449,EAM0023_G1F2G_V8-AmBic_2-D 4_01_4104.d,0,0,,Methylation(KR),K1:Methylation(KR):0.00,PEAKS PTM
RQQPLKE,17.99,897.5032,7,1.8,449.7625,48.90,2.3234E5,120,15750,EAM0023_G1F2G_V8-AmBic_2-D 4_01_4104.d,1,1,,,,PEAKS DB
DAVKVGLVGRELSE,17.97,1470.8042,14,2.9,491.2798,51.26,8.0946E4,120,16584,EAM0023_G1F2G_V8-AmBic_2-D 4_01_4104.d,1,1,|#CONTAM#525507390|ref|NP_112598.3|,,,PEAKS DB
LLRCGNLE,17.84,916.4800,8,-5.4,459.2477,54.69,0,120,18059,EAM0023_G1F2G_V8-AmBic_2-D 4_01_4104.d,0,0,,,,PEAKS DB
AKRK(+43.01)APKSAKGKAE(+57.02),17.82,1568.9110,14,9.8,393.2413,38.37,5.3045E4,120,11033,EAM0023_G1F2G_V8-AmBic_2-D 4_01_4104.d,1,1,,Carbamylation; Carbamidomethylation (DHKE  X@N-term),K4:Carbamylation:4.05;E14:Carbamidomethylation (DHKE  X@N-term):7.32,PEAKS PTM
MF(+31.99)GLSLGIRGE(-.98),17.81,1209.6176,11,-9.2,404.2119,39.97,0,120,11767,EAM0023_G1F2G_V8-AmBic_2-D 4_01_4104.d,0,0,,Dihydroxy; Amidation,F2:Dihydroxy:43.57;E11:Amidation:1000.00,PEAKS PTM
K(+14.02)AATERLLLVGE,17.78,1312.7714,12,8.6,657.4027,65.38,0,120,22513,EAM0023_G1F2G_V8-AmBic_2-D 4_01_4104.d,0,0,,Methylation(KR),K1:Methylation(KR):5.81,PEAKS PTM
SKERKGTSLAAIKKYLT(+114.04)AK(+14.02)NVD,17.61,2548.4336,22,-5.4,510.6944,48.30,3.6476E4,120,15341,EAM0023_G1F2G_V8-AmBic_2-D 4_01_4104.d,1,1,XP_005461836.1,Ubiquitin; Methylation(KR),T17:Ubiquitin:0.00;K19:Methylation(KR):12.96,PEAKS PTM
KKKKK(+28.03)T(+79.97)VGKAAKKSGGKE,17.60,2008.1921,18,5.5,402.6504,28.50,2.0152E4,120,6881,EAM0023_G1F2G_V8-AmBic_2-D 4_01_4104.d,1,1,,Dimethylation(KR); Phosphorylation (STY),K5:Dimethylation(KR):7.28;T6:Phosphorylation (STY):16.76,PEAKS PTM
NQRSAQKQKIVQQQKE,17.55,1940.0552,16,6.7,486.0273,21.66,0,120,4096,EAM0023_G1F2G_V8-AmBic_2-D 4_01_4104.d,0,0,,,,PEAKS DB
QVVLSAALATLAPISVT(-18.01)E,17.53,1764.0033,18,6.7,883.0203,67.53,1.8971E5,120,23314,EAM0023_G1F2G_V8-AmBic_2-D 4_01_4104.d,1,1,,Dehydration,T17:Dehydration:32.28,PEAKS PTM
APTGTFIASGVVVGKD(-.98),17.46,1516.8250,16,1.1,380.2163,39.38,1.8697E5,120,11479,EAM0023_G1F2G_V8-AmBic_2-D 4_01_4104.d,1,1,|#CONTAM#88194745|ref|YP_499541.1|,Amidation,D16:Amidation:1000.00,PEAKS PTM
RQRAIKQCE,17.45,1130.5978,9,-2.9,566.3080,40.27,1.0341E5,120,11877,EAM0023_G1F2G_V8-AmBic_2-D 4_01_4104.d,1,1,,,,PEAKS DB
QTK(+31.99)ISVTVNKSLLAPLNVE(+57.02),17.45,2142.1895,19,9.1,429.4517,55.42,1.8658E4,120,18341,EAM0023_G1F2G_V8-AmBic_2-D 4_01_4104.d,1,1,|#CONTAM#1034578051|ref|XP_016874323.1|,Dihydroxy; Carbamidomethylation (DHKE  X@N-term),K3:Dihydroxy:47.00;E19:Carbamidomethylation (DHKE  X@N-term):0.00,PEAKS PTM
LIVGNVKNVKRLAIFANGPE,17.42,2151.2527,20,-2.7,431.2593,45.92,1.7882E5,120,14329,EAM0023_G1F2G_V8-AmBic_2-D 4_01_4104.d,1,1,,,,PEAKS DB
LQSQLSMKASLENSLE,17.34,1776.8927,16,-0.9,593.3080,30.54,3.0109E4,120,7706,EAM0023_G1F2G_V8-AmBic_2-D 4_01_4104.d,1,1,,,,PEAKS DB
R(+15.99)AAK(+71.01)VLAGAK(+31.99)AAKTAPD,17.34,1756.9557,17,-3.8,440.2473,38.55,2.5377E5,120,11326,EAM0023_G1F2G_V8-AmBic_2-D 4_01_4104.d,1,1,,Oxidation or Hydroxylation; Lactylation; Dihydroxy,R1:Oxidation or Hydroxylation:19.64;K4:Lactylation:15.75;K10:Dihydroxy:7.77,PEAKS PTM
QESQKTAAKLIQEQTAIKGQPVSGRVPQLKLE,17.23,3502.9470,32,-8.7,701.5949,61.87,3.615E4,120,21070,EAM0023_G1F2G_V8-AmBic_2-D 4_01_4104.d,1,1,,,,PEAKS DB
L(+43.01)RQVSGSLLE,17.23,1143.6248,10,-6.4,382.2155,27.71,1.2825E5,120,6557,EAM0023_G1F2G_V8-AmBic_2-D 4_01_4104.d,1,1,,Carbamylation,L1:Carbamylation:1000.00,PEAKS PTM
RACLAGFLEQGGE,17.21,1349.6398,13,-1.6,675.8303,50.48,0,120,16291,EAM0023_G1F2G_V8-AmBic_2-D 4_01_4104.d,0,0,,,,PEAKS DB
IAQDFK(+14.02)TDLR(+28.03)FQ(+.98)SSAVMALQE,17.20,2440.2307,21,1.5,814.4238,69.56,1.1247E5,120,24290,EAM0023_G1F2G_V8-AmBic_2-D 4_01_4104.d,1,1,XP_005463512.2,Methylation(KR); Dimethylation(KR); Deamidation (NQ),K6:Methylation(KR):0.00;R10:Dimethylation(KR):0.00;Q12:Deamidation (NQ):3.04,PEAKS PTM
RTKPRGHERK(+156.12)GKD(-.98),17.18,1719.0016,13,5.5,430.7627,53.00,0,120,17372,EAM0023_G1F2G_V8-AmBic_2-D 4_01_4104.d,0,0,,4-hydroxynonenal (HNE); Amidation,K10:4-hydroxynonenal (HNE):0.00;D13:Amidation:1000.00,PEAKS PTM
IDPEIQR(+15.99)VRTQE,17.18,1498.7739,12,-5.6,750.3947,43.80,2.242E5,120,13395,EAM0023_G1F2G_V8-AmBic_2-D 4_01_4104.d,1,1,,Oxidation or Hydroxylation,R7:Oxidation or Hydroxylation:10.65,PEAKS PTM
Y(+15.99)GAQSGGLEKLLE,17.15,1379.6932,13,-6.6,690.8536,34.58,1.5952E5,120,9372,EAM0023_G1F2G_V8-AmBic_2-D 4_01_4104.d,1,1,|#CONTAM#525507390|ref|NP_112598.3|,Oxidation or Hydroxylation,Y1:Oxidation or Hydroxylation:42.99,PEAKS PTM
A(+57.02)E(+57.02)IALKKIE,17.04,1127.6550,9,6.7,376.8972,40.42,0,120,11967,EAM0023_G1F2G_V8-AmBic_2-D 4_01_4104.d,0,0,,Carbamidomethylation (DHKE  X@N-term),A1:Carbamidomethylation (DHKE  X@N-term):52.68;E2:Carbamidomethylation (DHKE  X@N-term):58.99,PEAKS PTM
LKLIWDSLE,17.04,1115.6227,9,8.3,558.8267,45.82,8.3916E4,120,14272,EAM0023_G1F2G_V8-AmBic_2-D 4_01_4104.d,1,1,,,,PEAKS DB
IAQDFK(+28.03)TDLRFQSSAVM(+15.99)ALQE,17.04,2441.2261,21,-0.1,814.7543,61.41,1.1042E5,120,20852,EAM0023_G1F2G_V8-AmBic_2-D 4_01_4104.d,1,1,XP_005463512.2,Dimethylation(KR); Oxidation (M),K6:Dimethylation(KR):28.70;M17:Oxidation (M):1000.00,PEAKS PTM
AKTK(+114.04)AT(-18.01)PKAAK,17.03,1209.7194,11,2.7,404.2507,36.87,6.5272E5,120,10364,EAM0023_G1F2G_V8-AmBic_2-D 4_01_4104.d,1,1,,Ubiquitin; Dehydration,K4:Ubiquitin:7.21;T6:Dehydration:9.42,PEAKS PTM
RLNEKYLE,16.93,1063.5662,8,2.6,355.5325,24.37,3.0106E4,120,5219,EAM0023_G1F2G_V8-AmBic_2-D 4_01_4104.d,1,1,,,,PEAKS DB
SVLRHK(+15.99)D(+57.02)PE,16.90,1152.5887,9,-2.5,577.3038,36.81,2.3875E5,120,10374,EAM0023_G1F2G_V8-AmBic_2-D 4_01_4104.d,1,1,,Oxidation or Hydroxylation; Carbamidomethylation (DHKE  X@N-term),K6:Oxidation or Hydroxylation:18.53;D7:Carbamidomethylation (DHKE  X@N-term):22.85,PEAKS PTM
N(+43.01)(+.98)IGLFNAPQIKKKID,16.86,1741.9727,15,1.2,436.5037,41.85,1.4859E4,120,12571,EAM0023_G1F2G_V8-AmBic_2-D 4_01_4104.d,1,1,,Carbamylation; Deamidation (NQ),N1:Carbamylation:11.05;N1:Deamidation (NQ):19.39,PEAKS PTM
LIVK(+114.04)AVAASK(+31.99)E,16.86,1273.7241,11,-5.2,637.8700,74.95,0,120,26068,EAM0023_G1F2G_V8-AmBic_2-D 4_01_4104.d,0,0,XP_019210165.1:XP_013130399.2:XP_019210164.1:XP_019209840.1:XP_019209845.1,Ubiquitin; Dihydroxy,K4:Ubiquitin:10.19;K10:Dihydroxy:10.62,PEAKS PTM
ASRLAHYNKRSTITSR(+.98)E,16.81,1990.0344,17,-0.8,996.0299,23.03,1.5264E4,120,4800,EAM0023_G1F2G_V8-AmBic_2-D 4_01_4104.d,1,1,XP_003451196.1,Citrullination,R16:Citrullination:2.36,PEAKS PTM
LTSSLNLGSE,16.80,1019.5135,10,-8.2,510.7630,40.44,3.9293E4,120,11969,EAM0023_G1F2G_V8-AmBic_2-D 4_01_4104.d,1,1,,,,PEAKS DB
A(+57.02)AK(+31.99)LRK(+43.01)AGKNVRNPYRGSGLLE,16.79,2529.3887,22,8.3,844.1490,66.90,5.07E6,120,23090,EAM0023_G1F2G_V8-AmBic_2-D 4_01_4104.d,2,2,,Carbamidomethylation (DHKE  X@N-term); Dihydroxy; Carbamylation,A1:Carbamidomethylation (DHKE  X@N-term):23.26;K3:Dihydroxy:45.01;K6:Carbamylation:0.00,PEAKS PTM
ETGACRGSGVLAVGVPNNLE,16.78,1941.9578,20,4.0,648.3331,67.46,7.2664E4,120,23302,EAM0023_G1F2G_V8-AmBic_2-D 4_01_4104.d,1,1,,,,PEAKS DB
SVLRHK(+14.02)DPE,16.76,1093.5880,9,6.1,365.5411,35.91,2.0768E4,120,9979,EAM0023_G1F2G_V8-AmBic_2-D 4_01_4104.d,1,1,,Methylation(KR),K6:Methylation(KR):18.23,PEAKS PTM
SC(+114.04)ARFK(+71.01)N(+15.99)VSPATGRLAE,16.75,2006.9718,17,6.4,670.0063,49.07,3.1133E5,120,15630,EAM0023_G1F2G_V8-AmBic_2-D 4_01_4104.d,1,1,,Ubiquitin; Lactylation; Oxidation or Hydroxylation,C2:Ubiquitin:0.00;K6:Lactylation:1000.00;N7:Oxidation or Hydroxylation:0.00,PEAKS PTM
NPDNPNNPDNPNNPD,16.73,1646.6556,15,6.4,824.3455,21.59,2.4538E4,120,4421,EAM0023_G1F2G_V8-AmBic_2-D 4_01_4104.d,1,1,|#CONTAM#88194745|ref|YP_499541.1|,,,PEAKS DB
QRLQERREALAE,16.63,1497.8011,12,8.8,375.4632,44.45,9.6177E4,120,13706,EAM0023_G1F2G_V8-AmBic_2-D 4_01_4104.d,1,1,,,,PEAKS DB
NEIQTYRSLLE,16.62,1364.6936,11,7.3,455.9113,34.96,1.1593E5,120,9569,EAM0023_G1F2G_V8-AmBic_2-D 4_01_4104.d,1,1,,,,PEAKS DB
GAEKSEAAQRLVNRLP,16.59,1737.9485,16,-7.0,869.9808,62.69,1.4328E5,120,21352,EAM0023_G1F2G_V8-AmBic_2-D 4_01_4104.d,1,1,,,,PEAKS DB
TSPSSGSAVSSSKVLDKPSRLTEKE,16.56,2576.3293,25,8.4,516.2807,40.91,0,120,12166,EAM0023_G1F2G_V8-AmBic_2-D 4_01_4104.d,0,0,,,,PEAKS DB
TIKVAREPLNVLE,16.55,1480.8613,13,-7.9,741.4367,34.24,2.5886E4,120,9258,EAM0023_G1F2G_V8-AmBic_2-D 4_01_4104.d,1,1,,,,PEAKS DB
LQVDSTKICRE,16.52,1290.6602,11,-3.9,431.2283,34.99,0,120,9592,EAM0023_G1F2G_V8-AmBic_2-D 4_01_4104.d,0,0,,,,PEAKS DB
AKQQAQKERE,16.49,1214.6367,10,2.9,405.8899,43.03,3.0646E4,120,13086,EAM0023_G1F2G_V8-AmBic_2-D 4_01_4104.d,1,1,,,,PEAKS DB
AKMAGIGIRE,16.47,1044.5750,10,-3.6,523.2961,43.65,0,120,13374,EAM0023_G1F2G_V8-AmBic_2-D 4_01_4104.d,0,0,,,,PEAKS DB
ISVVTVISVYVLAILGCNDSQLSAVAVLESCKSGGGATE,16.42,3851.9900,39,3.7,771.4129,62.51,0,120,21340,EAM0023_G1F2G_V8-AmBic_2-D 4_01_4104.d,0,0,,,,PEAKS DB
QILKVVTAS(-18.01)K(+28.03)E,16.33,1224.7441,11,3.1,409.2591,50.75,2.2653E5,120,16375,EAM0023_G1F2G_V8-AmBic_2-D 4_01_4104.d,1,1,XP_003459589.1,Dehydration; Dimethylation(KR),S9:Dehydration:30.83;K10:Dimethylation(KR):23.62,PEAKS PTM
LFQACHKE,16.29,974.4644,8,-6.7,488.2392,62.35,2.0657E5,120,21212,EAM0023_G1F2G_V8-AmBic_2-D 4_01_4104.d,1,1,,,,PEAKS DB
KVVQRLVERGRSLD,16.29,1653.9637,14,-5.6,552.3289,23.39,9.2052E4,120,4875,EAM0023_G1F2G_V8-AmBic_2-D 4_01_4104.d,1,1,,,,PEAKS DB
VYAKKSAD,16.23,880.4654,8,-4.7,441.2406,44.70,3.9229E4,120,13842,EAM0023_G1F2G_V8-AmBic_2-D 4_01_4104.d,1,1,,,,PEAKS DB
RKGKDLGAK(+43.01)LAK(+42.01)LD,16.23,1596.9310,14,-7.3,400.2396,46.91,8.6746E4,120,14751,EAM0023_G1F2G_V8-AmBic_2-D 4_01_4104.d,1,1,,Carbamylation; Acetylation (K),K9:Carbamylation:28.36;K12:Acetylation (K):28.36,PEAKS PTM
GQAK(+43.01)LVR(+28.03)PAGK(+114.04)ARE,16.17,1664.9434,14,2.8,417.2469,25.47,0,120,5698,EAM0023_G1F2G_V8-AmBic_2-D 4_01_4104.d,0,0,,Carbamylation; Dimethylation(KR); Ubiquitin,K4:Carbamylation:0.00;R7:Dimethylation(KR):18.88;K11:Ubiquitin:23.73,PEAKS PTM
LLQALDEGRGD,16.14,1185.5989,11,2.4,593.8118,38.38,2.0456E4,120,11067,EAM0023_G1F2G_V8-AmBic_2-D 4_01_4104.d,1,1,,,,PEAKS DB
VEGVINPTNAE,16.14,1141.5615,11,-4.4,381.5285,29.98,9.5926E6,120,7880,EAM0023_G1F2G_V8-AmBic_2-D 4_01_4104.d,1,1,,,,PEAKS DB
KMAMQNLNDRLASYLE,16.06,1895.9233,16,3.3,632.9877,63.21,6.5531E4,120,21590,EAM0023_G1F2G_V8-AmBic_2-D 4_01_4104.d,1,1,,,,PEAKS DB
SRRKSVILKSPGPD,16.02,1538.8892,14,-4.2,385.7303,32.57,2.7331E4,120,8554,EAM0023_G1F2G_V8-AmBic_2-D 4_01_4104.d,1,1,,,,PEAKS DB
GT(-18.01)KAVTK(+14.02)YTSSK,15.98,1265.6979,12,5.0,422.9113,37.86,0,120,10820,EAM0023_G1F2G_V8-AmBic_2-D 4_01_4104.d,0,0,XP_003451196.1:XP_003438147.1,Dehydration; Methylation(KR),T2:Dehydration:11.12;K7:Methylation(KR):11.12,PEAKS PTM
LSTTGGN(+.98)S(+114.04)GSPVFNEKNE,15.95,1951.8759,18,-1.9,651.6354,31.74,6.919E4,120,8219,EAM0023_G1F2G_V8-AmBic_2-D 4_01_4104.d,1,1,|#CONTAM#88194745|ref|YP_499541.1|,Deamidation (NQ); Ubiquitin,N7:Deamidation (NQ):3.61;S8:Ubiquitin:8.22,PEAKS PTM
IKFFKCLYE,15.94,1189.6205,9,7.3,397.5528,21.48,5.6244E3,120,4034,EAM0023_G1F2G_V8-AmBic_2-D 4_01_4104.d,1,1,|#CONTAM#1034578051|ref|XP_016874323.1|:|#CONTAM#1034578053|ref|XP_016874324.1|:|#CONTAM#1034578049|ref|XP_016874322.1|:|#CONTAM#1034578055|ref|XP_016874325.1|:|#CONTAM#226246663|ref|NP_001139697.1|:|#CONTAM#28372503|ref|NP_542785.1|:|#CONTAM#226246665|ref|NP_001139698.1|,,,PEAKS DB
K(+226.08)AEALRLLE,15.93,1267.6958,9,2.7,423.5763,55.52,8.6358E4,120,18407,EAM0023_G1F2G_V8-AmBic_2-D 4_01_4104.d,1,1,|#CONTAM#525507390|ref|NP_112598.3|,Biotinylation,K1:Biotinylation:1000.00,PEAKS PTM
IAQDFK(+14.02)TDLR(+.98)FQSSAVMALQE,15.91,2412.1995,21,9.2,805.0862,66.10,0,120,22791,EAM0023_G1F2G_V8-AmBic_2-D 4_01_4104.d,0,0,XP_005463512.2,Methylation(KR); Citrullination,K6:Methylation(KR):1000.00;R10:Citrullination:1000.00,PEAKS PTM
IEGLK(+43.01)GQRASLE,15.91,1342.7205,12,1.8,448.5844,26.31,2.6523E5,120,5970,EAM0023_G1F2G_V8-AmBic_2-D 4_01_4104.d,1,1,|#CONTAM#372466577|ref|NP_001243222.1|:|#CONTAM#4504919|ref|NP_002264.1|:|#CONTAM#372466572|ref|NP_001243211.1|,Carbamylation,K5:Carbamylation:52.86,PEAKS PTM
AGVFVKE,15.87,748.4119,7,2.8,375.2166,38.72,2.4142E4,120,11215,EAM0023_G1F2G_V8-AmBic_2-D 4_01_4104.d,1,1,,,,PEAKS DB
K(+71.01)K(+31.99)NGFGFNSKSSAKLQLQRMSGGE,15.84,2701.3367,24,-2.6,676.3439,45.57,2.8664E5,120,14178,EAM0023_G1F2G_V8-AmBic_2-D 4_01_4104.d,1,1,,Lactylation; Dihydroxy,K1:Lactylation:0.00;K2:Dihydroxy:0.00,PEAKS PTM
V(+226.08)TLAGTR(+28.03)RQD,15.79,1369.7136,10,7.1,457.5846,41.00,2.2367E5,120,12175,EAM0023_G1F2G_V8-AmBic_2-D 4_01_4104.d,1,1,,Biotinylation; Dimethylation(KR),V1:Biotinylation:1000.00;R7:Dimethylation(KR):0.00,PEAKS PTM
GRVTTGVSSIASE,15.78,1262.6466,13,6.2,632.3384,47.68,1.0919E5,120,15096,EAM0023_G1F2G_V8-AmBic_2-D 4_01_4104.d,1,1,,,,PEAKS DB
GQGTPQK(+43.01)PMLNNAANAE,15.77,1782.8319,17,4.2,595.2908,53.16,1.8057E5,120,17433,EAM0023_G1F2G_V8-AmBic_2-D 4_01_4104.d,1,1,,Carbamylation,K7:Carbamylation:7.97,PEAKS PTM
YLHAQGVVHRD,15.72,1293.6578,11,9.2,647.8462,42.48,7.7056E4,120,12859,EAM0023_G1F2G_V8-AmBic_2-D 4_01_4104.d,1,1,,,,PEAKS DB
G(+57.02)LAS(-18.01)FISSVPD,15.69,1130.5608,11,3.9,566.2934,22.28,6.5454E3,120,4352,EAM0023_G1F2G_V8-AmBic_2-D 4_01_4104.d,1,1,,Carbamidomethylation (DHKE  X@N-term); Dehydration,G1:Carbamidomethylation (DHKE  X@N-term):26.19;S4:Dehydration:0.00,PEAKS PTM
AGSTAPLFTD,15.68,978.4658,10,1.2,490.2438,30.12,7.3434E4,120,7502,EAM0023_G1F2G_V8-AmBic_2-D 4_01_4104.d,1,1,,,,PEAKS DB
VTDLRRTLQGLEIE,15.65,1641.9049,14,2.5,548.3137,63.11,1.7775E5,120,21574,EAM0023_G1F2G_V8-AmBic_2-D 4_01_4104.d,1,1,,,,PEAKS DB
SPEPSVQRQE,15.62,1155.5520,10,3.9,578.7891,51.65,2.4579E4,120,16783,EAM0023_G1F2G_V8-AmBic_2-D 4_01_4104.d,1,1,,,,PEAKS DB
YLFVLKMKNGSTQLNRRMLLYITGYMSRLAKQVQD,15.57,4178.2319,35,5.0,523.2921,73.75,0,120,25690,EAM0023_G1F2G_V8-AmBic_2-D 4_01_4104.d,0,0,,,,PEAKS DB
RAAK(+43.01)VLAGAKAAKTAPD(-18.01),15.56,1662.9529,17,-0.5,416.7479,56.02,2.701E4,120,18616,EAM0023_G1F2G_V8-AmBic_2-D 4_01_4104.d,1,1,,Carbamylation; Dehydration,K4:Carbamylation:4.52;D17:Dehydration:9.42,PEAKS PTM
VP(+31.99)KANKRINT(+79.97)AVAKLVE,15.56,1962.0663,17,-4.6,491.5246,21.00,8.0345E5,120,3829,EAM0023_G1F2G_V8-AmBic_2-D 4_01_4104.d,1,1,XP_005461836.1,Dihydroxy; Phosphorylation (STY),P2:Dihydroxy:0.00;T10:Phosphorylation (STY):1000.00,PEAKS PTM
QTSWKQKKLD,15.45,1260.6826,10,-1.6,631.3515,77.11,0,120,26767,EAM0023_G1F2G_V8-AmBic_2-D 4_01_4104.d,0,0,,,,PEAKS DB
LNKLLGRVTIAQGGVLPNIQAVLLPK(+71.01)K(+156.12)TEKAK,15.40,3637.2146,32,4.2,910.3204,68.73,0,120,23847,EAM0023_G1F2G_V8-AmBic_2-D 4_01_4104.d,0,0,,Lactylation; 4-hydroxynonenal (HNE),K26:Lactylation:0.00;K27:4-hydroxynonenal (HNE):0.00,PEAKS PTM
EKIVAERQQE,15.40,1228.6411,10,3.2,615.3336,24.20,1.0167E5,120,5161,EAM0023_G1F2G_V8-AmBic_2-D 4_01_4104.d,1,1,,,,PEAKS DB
AQAGKRRE,15.33,914.5046,8,-9.2,458.2582,65.37,1.5765E5,120,22497,EAM0023_G1F2G_V8-AmBic_2-D 4_01_4104.d,1,1,,,,PEAKS DB
QQNKVLETK(+42.01)WT(-18.01)LLQE,15.30,1880.9996,15,-1.8,471.2592,25.07,1.0206E4,120,5507,EAM0023_G1F2G_V8-AmBic_2-D 4_01_4104.d,1,1,,Acetylation (K); Dehydration,K9:Acetylation (K):79.02;T11:Dehydration:32.97,PEAKS PTM
DSQLTTRSKAIASKTKEIE,15.30,2105.1328,19,-6.8,527.2902,30.08,0,120,7534,EAM0023_G1F2G_V8-AmBic_2-D 4_01_4104.d,0,0,,,,PEAKS DB
ET(-18.01)RGVLKVFLE,15.29,1271.7238,11,0.1,636.8732,67.91,8.2305E4,120,23492,EAM0023_G1F2G_V8-AmBic_2-D 4_01_4104.d,1,1,XP_025766521.1,Dehydration,T2:Dehydration:1000.00,PEAKS PTM
KGSASALYPTGLRE,15.29,1448.7623,14,-5.4,483.9285,23.56,7.3752E3,120,4895,EAM0023_G1F2G_V8-AmBic_2-D 4_01_4104.d,1,1,,,,PEAKS DB
LQ(+.98)AVNRSAE,15.26,987.4985,9,-9.3,494.7550,28.81,3.5671E5,120,6932,EAM0023_G1F2G_V8-AmBic_2-D 4_01_4104.d,1,1,,Deamidation (NQ),Q2:Deamidation (NQ):44.84,PEAKS PTM
IKFTLVLRFITLVQITGQFITKCIFFD,15.21,3203.8184,27,6.1,1602.9362,79.38,1.2395E5,120,27988,EAM0023_G1F2G_V8-AmBic_2-D 4_01_4104.d,1,1,,,,PEAKS DB
IQKVNSE,15.19,816.4341,7,-1.8,409.2261,28.95,3.2219E4,120,6953,EAM0023_G1F2G_V8-AmBic_2-D 4_01_4104.d,1,1,,,,PEAKS DB
QT(-18.01)K(+15.99)ISVTVNKSLLAPLNVE,15.18,2051.1626,19,2.2,513.8022,19.69,5.3143E4,120,3325,EAM0023_G1F2G_V8-AmBic_2-D 4_01_4104.d,1,1,|#CONTAM#1034578051|ref|XP_016874323.1|,Dehydration; Oxidation or Hydroxylation,T2:Dehydration:12.33;K3:Oxidation or Hydroxylation:53.33,PEAKS PTM
VDPN(+.98)IQAVRTQE,15.18,1369.6837,12,2.5,685.8551,46.49,7.7027E4,120,14579,EAM0023_G1F2G_V8-AmBic_2-D 4_01_4104.d,1,1,|#CONTAM#372466577|ref|NP_001243222.1|:|#CONTAM#4504919|ref|NP_002264.1|:|#CONTAM#372466572|ref|NP_001243211.1|,Deamidation (NQ),N4:Deamidation (NQ):33.18,PEAKS PTM
RKGVSLAALKKALAAGGYD,15.14,1888.0894,19,-2.8,378.6264,23.11,1.6681E4,120,4693,EAM0023_G1F2G_V8-AmBic_2-D 4_01_4104.d,1,1,XP_003459589.1,,,PEAKS DB
WQLSQPPSSLAD(-.98)(+15.99),15.10,1342.6517,12,6.6,672.3417,63.26,0,120,21643,EAM0023_G1F2G_V8-AmBic_2-D 4_01_4104.d,0,0,,Amidation; Oxidation or Hydroxylation,D12:Amidation:1000.00;D12:Oxidation or Hydroxylation:19.39,PEAKS PTM
TTNGH(+156.12)YAPVTYIQVE,15.07,1847.9305,15,4.6,616.9908,47.83,8.1761E4,120,15150,EAM0023_G1F2G_V8-AmBic_2-D 4_01_4104.d,1,1,|#CONTAM#88194745|ref|YP_499541.1|,4-hydroxynonenal (HNE),H5:4-hydroxynonenal (HNE):1000.00,PEAKS PTM
LTVLLNNMRAE,15.03,1272.6860,11,5.7,637.3578,40.02,2.0021E5,120,12055,EAM0023_G1F2G_V8-AmBic_2-D 4_01_4104.d,1,1,,,,PEAKS DB
TN(+.98)LEK(+14.02)VRKSARYGRE,15.03,1820.9856,15,-5.5,456.2540,47.12,3.3734E4,120,14889,EAM0023_G1F2G_V8-AmBic_2-D 4_01_4104.d,1,1,,Deamidation (NQ); Methylation(KR),N2:Deamidation (NQ):1000.00;K5:Methylation(KR):11.10,PEAKS PTM
