Peptide,-10lgP,Mass,Length,ppm,m/z,RT,Area Sample 4,Fraction,Scan,Source File,#Feature,#Feature Sample 4,Accession,PTM,AScore,Found By
K(+56.03)(+56.03)KTGPTVSDLILK(+56.03)ALSTSTQR,82.87,2411.3635,21,-9.9,804.7825,69.57,4.6892E5,4,23261,EAM0041_S1F1K_PropTryp_1-B1_01_4551.d,1,1,XP_003446112.1,Propionate labeling reagent light,K1:Propionate labeling reagent light:0.00;K1:Propionate labeling reagent light:0.00;K13:Propionate labeling reagent light:47.09,PEAKS DB
DAVTYTEHAK(+56.03)R,71.97,1345.6626,11,-5.6,673.8309,22.66,2.3062E6,4,4232,EAM0041_S1F1K_PropTryp_1-B1_01_4551.d,2,2,XP_025766521.1,Propionate labeling reagent light,K10:Propionate labeling reagent light:184.54,PEAKS DB
RYQK(+56.03)STELLIR,67.49,1461.8303,11,-2.4,488.2801,35.23,2.8962E6,4,9001,EAM0041_S1F1K_PropTryp_1-B1_01_4551.d,2,2,XP_005463512.2,Propionate labeling reagent light,K4:Propionate labeling reagent light:33.98,PEAKS DB
D(+56.03)AVTYTEHAK(+56.03)R,66.48,1401.6888,11,-7.2,701.8426,36.26,7.9509E5,4,9381,EAM0041_S1F1K_PropTryp_1-B1_01_4551.d,1,1,XP_025766521.1,Propionate labeling reagent light,D1:Propionate labeling reagent light:1000.00;K10:Propionate labeling reagent light:1000.00,PEAKS DB
D(+43.01)AVTYTEHAK(+56.03)R,66.03,1388.6685,11,-7.3,695.3325,31.51,1.4026E6,4,7538,EAM0041_S1F1K_PropTryp_1-B1_01_4551.d,2,2,XP_025766521.1,Carbamylation; Propionate labeling reagent light,D1:Carbamylation:197.55;K10:Propionate labeling reagent light:197.55,PEAKS PTM
GYDVEHNSAHVR,64.03,1382.6327,12,0.2,461.8823,16.98,1.4052E4,4,2177,EAM0041_S1F1K_PropTryp_1-B1_01_4551.d,1,1,XP_003448795.2,,,PEAKS DB
KS(+56.03)APATGGVK(+56.03)K(+56.03)PHR,63.08,1600.9049,14,-4.9,534.6365,26.25,8.4909E5,4,5607,EAM0041_S1F1K_PropTryp_1-B1_01_4551.d,1,1,XP_005463512.2,Propionate labeling reagent light,S2:Propionate labeling reagent light:0.00;K10:Propionate labeling reagent light:130.84;K11:Propionate labeling reagent light:154.29,PEAKS DB
AGLQFPVGR,61.03,943.5239,9,-0.1,472.7665,38.74,1.558E7,4,10403,EAM0041_S1F1K_PropTryp_1-B1_01_4551.d,2,2,XP_003451211.1:XP_003448939.1:XP_003446914.1:XP_003458968.1:XP_005464230.1,,,PEAKS DB
R(+43.01)YQK(+56.03)STELLIR,60.84,1504.8362,11,-1.9,502.6155,45.90,1.4769E6,4,13421,EAM0041_S1F1K_PropTryp_1-B1_01_4551.d,2,2,XP_005463512.2,Carbamylation; Propionate labeling reagent light,R1:Carbamylation:53.53;K4:Propionate labeling reagent light:22.69,PEAKS PTM
V(+43.01)ATVSLPR,60.67,884.5079,8,-3.0,443.2574,45.52,8.5238E6,4,13081,EAM0041_S1F1K_PropTryp_1-B1_01_4551.d,3,3,|#CONTAM#242253868|ref|NP_001156363.1|,Carbamylation,V1:Carbamylation:1000.00,PEAKS PTM
EIAQDFK(+56.03)TDLR,60.24,1390.7092,11,-7.0,696.3530,48.20,7.4098E6,4,14332,EAM0041_S1F1K_PropTryp_1-B1_01_4551.d,3,3,XP_005463512.2,Propionate labeling reagent light,K7:Propionate labeling reagent light:134.33,PEAKS DB
VTIMPK(+56.03)DIQLAR,58.08,1439.8170,12,-7.8,720.9060,52.20,3.9161E6,4,16045,EAM0041_S1F1K_PropTryp_1-B1_01_4551.d,3,3,XP_005463512.2,Propionate labeling reagent light,K6:Propionate labeling reagent light:142.99,PEAKS DB
I(+43.01)SGLIYEETR,57.21,1222.6194,10,-7.5,612.3088,64.74,2.6424E6,4,21144,EAM0041_S1F1K_PropTryp_1-B1_01_4551.d,2,2,XP_025766521.1,Carbamylation,I1:Carbamylation:1000.00,PEAKS PTM
HTK(+56.03)GIGASGSFR,56.78,1272.6575,12,-0.9,425.2236,22.24,2.32E5,4,4115,EAM0041_S1F1K_PropTryp_1-B1_01_4551.d,2,2,XP_003438501.2,Propionate labeling reagent light,K3:Propionate labeling reagent light:54.01,PEAKS DB
K(+56.03)(+56.03)GVSLAALKK(+56.03)ALAAGGYDVEK(+56.03)NNAR,56.69,2767.5232,25,-9.7,692.8774,69.36,1.8175E4,4,23172,EAM0041_S1F1K_PropTryp_1-B1_01_4551.d,1,1,XP_003459589.1,Propionate labeling reagent light,K1:Propionate labeling reagent light:0.00;K1:Propionate labeling reagent light:0.00;K10:Propionate labeling reagent light:3.61;K21:Propionate labeling reagent light:97.89,PEAKS DB
VTIM(+15.99)PK(+56.03)DIQLAR,55.75,1455.8119,12,-1.6,486.2744,45.91,1.4641E6,4,13420,EAM0041_S1F1K_PropTryp_1-B1_01_4551.d,2,2,XP_005463512.2,Oxidation (M); Propionate labeling reagent light,M4:Oxidation (M):1000.00;K6:Propionate labeling reagent light:96.93,PEAKS PTM
I(+56.03)SGLIYEETR,55.08,1235.6398,10,-6.7,618.8195,68.90,2.64E5,4,22863,EAM0041_S1F1K_PropTryp_1-B1_01_4551.d,1,1,XP_025766521.1,Propionate labeling reagent light,I1:Propionate labeling reagent light:17.01,PEAKS DB
V(+56.03)ATVSLPR,54.96,897.5283,8,-3.0,449.7675,51.03,6.2558E6,4,15447,EAM0041_S1F1K_PropTryp_1-B1_01_4551.d,4,4,|#CONTAM#242253868|ref|NP_001156363.1|,Propionate labeling reagent light,V1:Propionate labeling reagent light:91.04,PEAKS DB
A(+43.01)GLQFPVGR,54.89,986.5297,9,-2.7,494.2679,50.53,3.444E6,4,15360,EAM0041_S1F1K_PropTryp_1-B1_01_4551.d,2,2,XP_003451211.1:XP_003448939.1:XP_003446914.1:XP_003458968.1:XP_005464230.1,Carbamylation,A1:Carbamylation:1000.00,PEAKS PTM
Y(+43.01)RPGTVALR,54.77,1074.5934,9,-2.8,538.2994,30.47,1.111E7,4,7175,EAM0041_S1F1K_PropTryp_1-B1_01_4551.d,2,2,XP_005463512.2,Carbamylation,Y1:Carbamylation:1000.00,PEAKS PTM
K(+56.03)(+56.03)GNYAER,54.22,948.4664,7,-2.5,475.2366,30.82,6.4092E5,4,7278,EAM0041_S1F1K_PropTryp_1-B1_01_4551.d,1,1,XP_003451211.1:XP_003448939.1:XP_003446914.1,Propionate labeling reagent light,K1:Propionate labeling reagent light:1000.00;K1:Propionate labeling reagent light:1000.00,PEAKS DB
E(+43.01)IAQDFK(+56.03)TDLR,54.01,1433.7150,11,-4.1,717.8577,63.45,3.5752E6,4,21407,EAM0041_S1F1K_PropTryp_1-B1_01_4551.d,1,1,XP_005463512.2,Carbamylation; Propionate labeling reagent light,E1:Carbamylation:134.33;K7:Propionate labeling reagent light:134.33,PEAKS PTM
DAVTYTE(+57.02)HAK(+56.03)R,53.71,1402.6841,11,-1.4,468.5653,22.62,5.6069E5,4,4169,EAM0041_S1F1K_PropTryp_1-B1_01_4551.d,2,2,XP_025766521.1,Carbamidomethylation (DHKE  X@N-term); Propionate labeling reagent light,E7:Carbamidomethylation (DHKE  X@N-term):21.94;K10:Propionate labeling reagent light:127.49,PEAKS PTM
K(+56.03)SAPATGGVK(+56.03)K(+56.03)PHR,53.43,1600.9049,14,-4.9,534.6365,26.25,8.4909E5,4,5619,EAM0041_S1F1K_PropTryp_1-B1_01_4551.d,1,1,XP_005463512.2,Propionate labeling reagent light,K1:Propionate labeling reagent light:9.34;K10:Propionate labeling reagent light:161.49;K11:Propionate labeling reagent light:182.71,PEAKS DB
V(+43.01)TIMPK(+56.03)DIQLAR,53.12,1482.8228,12,-9.5,742.4073,66.83,2.9111E6,4,21958,EAM0041_S1F1K_PropTryp_1-B1_01_4551.d,3,3,XP_005463512.2,Carbamylation; Propionate labeling reagent light,V1:Carbamylation:119.32;K6:Propionate labeling reagent light:119.32,PEAKS PTM
H(+57.02)LQLAVR,53.06,892.5243,7,-2.2,447.2659,18.99,1.5933E6,4,2927,EAM0041_S1F1K_PropTryp_1-B1_01_4551.d,4,4,XP_003451211.1:XP_003448939.1:XP_003446914.1,Carbamidomethylation (DHKE  X@N-term),H1:Carbamidomethylation (DHKE  X@N-term):1000.00,PEAKS PTM
ISGLIYEETR,52.85,1179.6135,10,-4.3,590.8081,36.44,6.5567E6,4,9455,EAM0041_S1F1K_PropTryp_1-B1_01_4551.d,2,2,XP_025766521.1,,,PEAKS DB
Y(+43.01)QK(+56.03)STELLIR,52.84,1348.7350,10,-6.1,675.3668,59.99,9.072E5,4,19113,EAM0041_S1F1K_PropTryp_1-B1_01_4551.d,1,1,XP_005463512.2,Carbamylation; Propionate labeling reagent light,Y1:Carbamylation:45.01;K3:Propionate labeling reagent light:33.98,PEAKS PTM
R(+56.03)YQK(+56.03)STELLIR,52.83,1517.8566,11,-2.4,506.9554,48.34,5.4391E5,4,14450,EAM0041_S1F1K_PropTryp_1-B1_01_4551.d,2,2,XP_005463512.2,Propionate labeling reagent light,R1:Propionate labeling reagent light:42.89;K4:Propionate labeling reagent light:27.96,PEAKS DB
V(+57.02)ATVSLPR,52.22,898.5236,8,-2.1,450.2656,28.77,5.9586E5,4,6411,EAM0041_S1F1K_PropTryp_1-B1_01_4551.d,2,2,|#CONTAM#242253868|ref|NP_001156363.1|,Carbamidomethylation (DHKE  X@N-term),V1:Carbamidomethylation (DHKE  X@N-term):1000.00,PEAKS PTM
VATVSLPR,52.19,841.5021,8,2.5,421.7570,27.42,5.435E7,4,6113,EAM0041_S1F1K_PropTryp_1-B1_01_4551.d,4,4,|#CONTAM#242253868|ref|NP_001156363.1|,,,PEAKS DB
K(+56.03)GNYAER,52.14,892.4402,7,-1.7,447.2241,17.07,5.7935E4,4,2204,EAM0041_S1F1K_PropTryp_1-B1_01_4551.d,1,1,XP_003451211.1:XP_003448939.1:XP_003446914.1,Propionate labeling reagent light,K1:Propionate labeling reagent light:1000.00,PEAKS DB
ISGLIY(+15.99)EETR,51.85,1195.6084,10,-6.4,598.8042,36.44,0,4,9540,EAM0041_S1F1K_PropTryp_1-B1_01_4551.d,0,0,XP_025766521.1,Oxidation or Hydroxylation,Y6:Oxidation or Hydroxylation:19.86,PEAKS PTM
YQK(+56.03)STELLIR,51.81,1305.7292,10,-4.7,653.8651,43.40,5.9946E6,4,12362,EAM0041_S1F1K_PropTryp_1-B1_01_4551.d,2,2,XP_005463512.2,Propionate labeling reagent light,K3:Propionate labeling reagent light:40.00,PEAKS DB
A(+57.02)GLQFPVGR,51.64,1000.5453,9,-1.8,501.2762,38.85,8.3885E4,4,10469,EAM0041_S1F1K_PropTryp_1-B1_01_4551.d,1,1,XP_003451211.1:XP_003448939.1:XP_003446914.1:XP_003458968.1:XP_005464230.1,Carbamidomethylation (DHKE  X@N-term),A1:Carbamidomethylation (DHKE  X@N-term):1000.00,PEAKS PTM
Y(+56.03)RPGTVALR,51.62,1087.6138,9,-3.0,544.8094,34.92,3.9391E6,4,8909,EAM0041_S1F1K_PropTryp_1-B1_01_4551.d,2,2,XP_005463512.2,Propionate labeling reagent light,Y1:Propionate labeling reagent light:1000.00,PEAKS DB
VTIMPK(+43.01)DIQLAR,50.99,1426.7966,12,-2.5,476.6022,48.82,5.8991E4,4,14648,EAM0041_S1F1K_PropTryp_1-B1_01_4551.d,1,1,XP_005463512.2,Carbamylation,K6:Carbamylation:28.89,PEAKS PTM
GVLK(+56.03)VFLENVIR,50.47,1441.8656,12,-9.4,721.9291,69.50,2.9754E5,4,23216,EAM0041_S1F1K_PropTryp_1-B1_01_4551.d,2,2,XP_025766521.1,Propionate labeling reagent light,K4:Propionate labeling reagent light:26.52,PEAKS DB
A(+56.03)GLQFPVGR,50.23,999.5501,9,-3.3,500.7778,57.71,1.5729E6,4,18274,EAM0041_S1F1K_PropTryp_1-B1_01_4551.d,1,1,XP_003451211.1:XP_003448939.1:XP_003446914.1:XP_003458968.1:XP_005464230.1,Propionate labeling reagent light,A1:Propionate labeling reagent light:1000.00,PEAKS DB
Y(+15.99)RPGTVALR,50.14,1047.5825,9,1.0,350.1998,19.54,1.1231E5,4,3097,EAM0041_S1F1K_PropTryp_1-B1_01_4551.d,1,1,XP_005463512.2,Oxidation or Hydroxylation,Y1:Oxidation or Hydroxylation:0.00,PEAKS PTM
RYQK(+43.01)STELLIR,50.04,1448.8099,11,-3.6,483.9394,30.37,1.2062E5,4,7134,EAM0041_S1F1K_PropTryp_1-B1_01_4551.d,1,1,XP_005463512.2,Carbamylation,K4:Carbamylation:14.84,PEAKS PTM
H(+43.01)LQLAVR,49.15,878.5086,7,-2.6,440.2579,30.09,9.5857E6,4,7176,EAM0041_S1F1K_PropTryp_1-B1_01_4551.d,1,1,XP_003451211.1:XP_003448939.1:XP_003446914.1,Carbamylation,H1:Carbamylation:1000.00,PEAKS PTM
EIAQDFK(+28.03)TDLR,49.12,1362.7142,11,-7.3,682.3555,33.08,2.0317E5,4,8227,EAM0041_S1F1K_PropTryp_1-B1_01_4551.d,1,1,XP_005463512.2,Dimethylation(KR),K7:Dimethylation(KR):37.48,PEAKS PTM
YRPGTVALR,48.63,1031.5875,9,-3.0,516.7965,19.54,2.8719E6,4,3281,EAM0041_S1F1K_PropTryp_1-B1_01_4551.d,1,1,XP_005463512.2,,,PEAKS DB
YQK(+14.02)S(+79.97)TELLIR,47.56,1343.6849,10,-8.3,448.8959,43.40,9.1035E4,4,12400,EAM0041_S1F1K_PropTryp_1-B1_01_4551.d,1,1,XP_005463512.2,Methylation(KR); Phosphorylation (STY),K3:Methylation(KR):61.82;S4:Phosphorylation (STY):20.92,PEAKS PTM
AGLQFP(+15.99)VGR,47.35,959.5188,9,-3.2,480.7624,38.74,2.9176E5,4,10419,EAM0041_S1F1K_PropTryp_1-B1_01_4551.d,1,1,XP_003451211.1:XP_003448939.1:XP_003446914.1:XP_003458968.1:XP_005464230.1,Oxidation or Hydroxylation,P6:Oxidation or Hydroxylation:7.77,PEAKS PTM
H(+43.01)(+57.02)LQLAVR,46.70,935.5301,7,-3.3,468.7681,29.53,1.0314E6,4,6709,EAM0041_S1F1K_PropTryp_1-B1_01_4551.d,1,1,XP_003451211.1:XP_003448939.1:XP_003446914.1,Carbamylation; Carbamidomethylation (DHKE  X@N-term),H1:Carbamylation:1000.00;H1:Carbamidomethylation (DHKE  X@N-term):1000.00,PEAKS PTM
Y(+56.03)QK(+56.03)STELLIR,46.69,1361.7554,10,-7.4,681.8760,64.04,1.5148E6,4,20863,EAM0041_S1F1K_PropTryp_1-B1_01_4551.d,1,1,XP_005463512.2,Propionate labeling reagent light,Y1:Propionate labeling reagent light:92.25;K3:Propionate labeling reagent light:40.00,PEAKS DB
HLQLAVR,46.50,835.5028,7,-0.3,418.7562,19.20,8.8978E6,4,2963,EAM0041_S1F1K_PropTryp_1-B1_01_4551.d,1,1,XP_003451211.1:XP_003448939.1:XP_003446914.1,,,PEAKS DB
K(+56.03)(+28.03)SAPATGGVK(+56.03)KPHR,45.26,1572.9099,14,0.3,394.2326,17.93,6.9601E5,4,2278,EAM0041_S1F1K_PropTryp_1-B1_01_4551.d,1,1,XP_005463512.2,Propionate labeling reagent light; Dimethylation(KR),K1:Propionate labeling reagent light:0.00;K1:Dimethylation(KR):71.03;K10:Propionate labeling reagent light:14.02,PEAKS PTM
Y(+15.99)QK(+56.03)STELLIR,44.82,1321.7241,10,-7.8,661.8604,43.40,1.0063E6,4,12393,EAM0041_S1F1K_PropTryp_1-B1_01_4551.d,1,1,XP_005463512.2,Oxidation or Hydroxylation; Propionate labeling reagent light,Y1:Oxidation or Hydroxylation:54.01;K3:Propionate labeling reagent light:40.00,PEAKS PTM
LVAAGTLR,44.42,799.4916,8,-2.0,400.7500,21.04,4.6174E5,4,3616,EAM0041_S1F1K_PropTryp_1-B1_01_4551.d,1,1,XP_003438501.2,,,PEAKS DB
YR(+15.99)PGTVALR,44.30,1047.5825,9,1.0,350.1998,19.54,2.3317E5,4,3287,EAM0041_S1F1K_PropTryp_1-B1_01_4551.d,2,2,XP_005463512.2,Oxidation or Hydroxylation,R2:Oxidation or Hydroxylation:0.00,PEAKS PTM
H(+56.03)TK(+56.03)GIGASGSFR,44.23,1328.6837,12,5.0,665.3486,31.89,1.8345E5,4,8334,EAM0041_S1F1K_PropTryp_1-B1_01_4551.d,1,1,XP_003438501.2,Propionate labeling reagent light,H1:Propionate labeling reagent light:131.47;K3:Propionate labeling reagent light:89.05,PEAKS DB
K(+56.03)QLATK(+56.03)AAR,44.11,1097.6556,9,-2.5,549.8306,24.81,9.7546E6,4,5247,EAM0041_S1F1K_PropTryp_1-B1_01_4551.d,3,3,XP_005463512.2,Propionate labeling reagent light,K1:Propionate labeling reagent light:1000.00;K6:Propionate labeling reagent light:1000.00,PEAKS DB
K(+56.03)(+56.03)QLATK(+56.03)AAR,44.02,1153.6819,9,-5.5,577.8417,51.55,1.9548E6,4,15828,EAM0041_S1F1K_PropTryp_1-B1_01_4551.d,1,1,XP_005463512.2,Propionate labeling reagent light,K1:Propionate labeling reagent light:1000.00;K1:Propionate labeling reagent light:1000.00;K6:Propionate labeling reagent light:1000.00,PEAKS DB
E(+56.03)IQTAVR,44.01,871.4763,7,-0.7,436.7426,34.85,6.4183E5,4,8870,EAM0041_S1F1K_PropTryp_1-B1_01_4551.d,1,1,XP_003451196.1:XP_019219600.2,Propionate labeling reagent light,E1:Propionate labeling reagent light:1000.00,PEAKS DB
AGLQ(+.98)FPVGR,43.90,944.5079,9,-2.7,473.2573,40.47,5.0086E5,4,11119,EAM0041_S1F1K_PropTryp_1-B1_01_4551.d,1,1,XP_003451211.1:XP_003448939.1:XP_003446914.1:XP_003458968.1:XP_005464230.1,Deamidation (NQ),Q4:Deamidation (NQ):1000.00,PEAKS PTM
EIAQDFK(+14.02)TDLR,43.89,1348.6986,11,-6.8,675.3481,32.94,6.294E5,4,8079,EAM0041_S1F1K_PropTryp_1-B1_01_4551.d,2,2,XP_005463512.2,Methylation(KR),K7:Methylation(KR):33.81,PEAKS PTM
I(+56.03)AAEASR,43.10,772.4079,7,-0.4,387.2088,30.20,6.1853E5,4,6906,EAM0041_S1F1K_PropTryp_1-B1_01_4551.d,2,2,XP_003451196.1:XP_019219600.2,Propionate labeling reagent light,I1:Propionate labeling reagent light:76.17,PEAKS DB
DAVTYTEHAK(+43.01)R,42.60,1332.6422,11,-4.8,667.3214,19.29,5.73E4,4,2956,EAM0041_S1F1K_PropTryp_1-B1_01_4551.d,1,1,XP_025766521.1,Carbamylation,K10:Carbamylation:46.57,PEAKS PTM
YQK(+43.01)STELLIR,42.51,1292.7089,10,-6.2,647.3540,37.97,3.5046E5,4,10096,EAM0041_S1F1K_PropTryp_1-B1_01_4551.d,2,2,XP_005463512.2,Carbamylation,K3:Carbamylation:32.28,PEAKS PTM
H(+56.03)(+57.02)LQLAVR,42.35,948.5505,7,-1.9,475.2789,35.75,3.8974E5,4,9205,EAM0041_S1F1K_PropTryp_1-B1_01_4551.d,1,1,XP_003451211.1:XP_003448939.1:XP_003446914.1,Propionate labeling reagent light; Carbamidomethylation (DHKE  X@N-term),H1:Propionate labeling reagent light:1000.00;H1:Carbamidomethylation (DHKE  X@N-term):1000.00,PEAKS PTM
H(+56.03)LQLAVR,42.18,891.5290,7,-1.4,446.7686,36.33,2.7677E6,4,9439,EAM0041_S1F1K_PropTryp_1-B1_01_4551.d,1,1,XP_003451211.1:XP_003448939.1:XP_003446914.1,Propionate labeling reagent light,H1:Propionate labeling reagent light:1000.00,PEAKS DB
K(+56.03)STGGK(+56.03)APR,41.95,1012.5665,9,-2.4,507.2864,17.62,9.0635E5,4,2381,EAM0041_S1F1K_PropTryp_1-B1_01_4551.d,1,1,XP_005463512.2,Propionate labeling reagent light,K1:Propionate labeling reagent light:17.01;K6:Propionate labeling reagent light:135.92,PEAKS DB
K(+57.02)STGGK(+56.03)APR,41.77,1013.5618,9,-5.1,507.7827,17.20,3.2845E4,4,2251,EAM0041_S1F1K_PropTryp_1-B1_01_4551.d,1,1,XP_005463512.2,Carbamidomethylation (DHKE  X@N-term); Propionate labeling reagent light,K1:Carbamidomethylation (DHKE  X@N-term):80.35;K6:Propionate labeling reagent light:77.13,PEAKS PTM
S(+56.03)(+56.03)GVSAAALKKALAAGGYDVDK(+56.03)NK(+56.03)AR,41.21,2684.4497,25,-9.1,895.8105,68.71,1.9473E5,4,22789,EAM0041_S1F1K_PropTryp_1-B1_01_4551.d,1,1,XP_019209843.1:XP_019209844.1:XP_013130399.2:XP_019210165.1:XP_019209842.1:XP_019209840.1:XP_019218826.1:XP_019210164.1:XP_019209837.1,Propionate labeling reagent light,S1:Propionate labeling reagent light:0.00;S1:Propionate labeling reagent light:0.00;K21:Propionate labeling reagent light:103.39;K23:Propionate labeling reagent light:101.16,PEAKS DB
L(+56.03)VAAGTLR,41.21,855.5178,8,-1.0,428.7633,53.00,4.5945E4,4,16397,EAM0041_S1F1K_PropTryp_1-B1_01_4551.d,1,1,XP_003438501.2,Propionate labeling reagent light,L1:Propionate labeling reagent light:1000.00,PEAKS DB
K(+56.03)SAPATGGVKK(+56.03)PHR,41.18,1544.8787,14,-2.7,515.9625,17.72,3.2212E4,4,2476,EAM0041_S1F1K_PropTryp_1-B1_01_4551.d,1,1,XP_005463512.2,Propionate labeling reagent light,K1:Propionate labeling reagent light:0.00;K11:Propionate labeling reagent light:12.28,PEAKS DB
HLQLAVR(+31.99),40.51,867.4926,7,-5.3,434.7488,19.11,0,4,2981,EAM0041_S1F1K_PropTryp_1-B1_01_4551.d,0,0,XP_003451211.1:XP_003448939.1:XP_003446914.1,Dihydroxy,R7:Dihydroxy:1000.00,PEAKS PTM
S(+56.03)(+79.97)SRAGLQFPVGR,40.47,1409.6816,12,1.1,470.8990,38.98,8.8516E4,4,10522,EAM0041_S1F1K_PropTryp_1-B1_01_4551.d,1,1,XP_003451211.1:XP_003448939.1:XP_003446914.1,Propionate labeling reagent light; Phosphorylation (STY),S1:Propionate labeling reagent light:0.00;S1:Phosphorylation (STY):0.00,PEAKS PTM
K(+56.03)QLATK(+42.01)AAR,40.23,1083.6400,9,-3.4,542.8223,22.03,2.5923E6,4,4193,EAM0041_S1F1K_PropTryp_1-B1_01_4551.d,2,2,XP_005463512.2,Propionate labeling reagent light; Acetylation (K),K1:Propionate labeling reagent light:96.93;K6:Acetylation (K):96.93,PEAKS PTM
L(+56.03)AHYNK(+56.03)R,40.00,1012.5454,7,-2.8,507.2756,32.46,1.9277E6,4,7947,EAM0041_S1F1K_PropTryp_1-B1_01_4551.d,1,1,XP_003451196.1:XP_019219600.2,Propionate labeling reagent light,L1:Propionate labeling reagent light:1000.00;K6:Propionate labeling reagent light:1000.00,PEAKS DB
K(+56.03)STGGK(+42.01)APR,39.84,998.5508,9,-3.0,500.2783,17.07,1.2225E5,4,2187,EAM0041_S1F1K_PropTryp_1-B1_01_4551.d,1,1,XP_005463512.2,Propionate labeling reagent light; Acetylation (K),K1:Propionate labeling reagent light:17.01;K6:Acetylation (K):119.32,PEAKS PTM
VATVSLPR(-.98),39.70,840.5181,8,-2.1,421.2630,23.66,8.386E4,4,4592,EAM0041_S1F1K_PropTryp_1-B1_01_4551.d,1,1,|#CONTAM#242253868|ref|NP_001156363.1|,Amidation,R8:Amidation:1000.00,PEAKS PTM
K(+56.03)QLATK(+43.01)AAR,39.58,1084.6353,9,-4.5,543.3193,20.68,1.0684E6,4,3540,EAM0041_S1F1K_PropTryp_1-B1_01_4551.d,2,2,XP_005463512.2,Propionate labeling reagent light; Carbamylation,K1:Propionate labeling reagent light:96.93;K6:Carbamylation:96.93,PEAKS PTM
Y(+57.02)RPGTVALR,39.08,1088.6090,9,1.6,363.8754,20.93,8.1078E4,4,3620,EAM0041_S1F1K_PropTryp_1-B1_01_4551.d,1,1,XP_005463512.2,Carbamidomethylation (DHKE  X@N-term),Y1:Carbamidomethylation (DHKE  X@N-term):1000.00,PEAKS PTM
L(+43.01)AHYNK(+56.03)R,39.03,999.5250,7,-4.6,500.7646,28.18,2.5389E6,4,6258,EAM0041_S1F1K_PropTryp_1-B1_01_4551.d,1,1,XP_003451196.1:XP_019219600.2,Carbamylation; Propionate labeling reagent light,L1:Carbamylation:94.22;K6:Propionate labeling reagent light:94.22,PEAKS PTM
Y(+43.01)R(+15.99)PGTVALR,38.90,1090.5883,9,-4.8,546.2957,30.45,4.6289E5,4,7161,EAM0041_S1F1K_PropTryp_1-B1_01_4551.d,1,1,XP_005463512.2,Carbamylation; Oxidation or Hydroxylation,Y1:Carbamylation:1000.00;R2:Oxidation or Hydroxylation:26.02,PEAKS PTM
HLQ(+.98)LAVR,38.71,836.4868,7,-1.6,419.2476,20.73,2.6798E5,4,3604,EAM0041_S1F1K_PropTryp_1-B1_01_4551.d,1,1,XP_003451211.1:XP_003448939.1:XP_003446914.1,Deamidation (NQ),Q3:Deamidation (NQ):1000.00,PEAKS PTM
K(+14.02)S(+56.03)APATGGVK(+56.03)KPHR,38.53,1558.8943,14,-0.5,390.7284,19.37,8.7615E4,4,3032,EAM0041_S1F1K_PropTryp_1-B1_01_4551.d,1,1,XP_005463512.2,Methylation(KR); Propionate labeling reagent light,K1:Methylation(KR):58.64;S2:Propionate labeling reagent light:74.73;K10:Propionate labeling reagent light:10.11,PEAKS PTM
G(+56.03)K(+56.03)TGGK(+56.03)AR,37.93,941.5294,8,-2.6,471.7680,25.34,1.1479E6,4,5345,EAM0041_S1F1K_PropTryp_1-B1_01_4551.d,1,1,XP_003451211.1:XP_003448939.1,Propionate labeling reagent light,G1:Propionate labeling reagent light:1000.00;K2:Propionate labeling reagent light:1000.00;K6:Propionate labeling reagent light:1000.00,PEAKS DB
L(+43.01)VAAGTLR,37.35,842.4974,8,-9.7,422.2495,44.92,0,4,13043,EAM0041_S1F1K_PropTryp_1-B1_01_4551.d,0,0,XP_003438501.2,Carbamylation,L1:Carbamylation:1000.00,PEAKS PTM
D(+43.01)AVTYTEH(+57.02)AK(+56.03)R,36.74,1445.6898,11,-7.0,723.8430,31.18,3.5454E4,4,7478,EAM0041_S1F1K_PropTryp_1-B1_01_4551.d,1,1,XP_025766521.1,Carbamylation; Carbamidomethylation (DHKE  X@N-term); Propionate labeling reagent light,D1:Carbamylation:153.91;H8:Carbamidomethylation (DHKE  X@N-term):14.02;K10:Propionate labeling reagent light:153.91,PEAKS PTM
K(+42.01)(+28.03)STGGK(+56.03)APR,36.61,1026.5822,9,-2.8,514.2939,19.40,1.1267E6,4,3027,EAM0041_S1F1K_PropTryp_1-B1_01_4551.d,1,1,XP_005463512.2,Acetylation (Protein N-term); Dimethylation(KR); Propionate labeling reagent light,K1:Acetylation (Protein N-term):1000.00;K1:Dimethylation(KR):121.90;K6:Propionate labeling reagent light:72.09,PEAKS PTM
V(+56.03)TIMPK(+56.03)DIQLAR,36.22,1495.8433,12,-9.2,748.9177,69.36,1.3028E5,4,23145,EAM0041_S1F1K_PropTryp_1-B1_01_4551.d,1,1,XP_005463512.2,Propionate labeling reagent light,V1:Propionate labeling reagent light:1000.00;K6:Propionate labeling reagent light:1000.00,PEAKS DB
I(+43.01)AAEASR,36.15,759.3875,7,-1.3,380.6983,25.03,4.7501E5,4,4906,EAM0041_S1F1K_PropTryp_1-B1_01_4551.d,1,1,XP_003451196.1:XP_019219600.2,Carbamylation,I1:Carbamylation:1000.00,PEAKS PTM
D(+56.03)AVTYTEH(+57.02)AK(+56.03)R,36.00,1458.7103,11,-5.8,730.3540,35.91,3.1591E5,4,9357,EAM0041_S1F1K_PropTryp_1-B1_01_4551.d,1,1,XP_025766521.1,Propionate labeling reagent light; Carbamidomethylation (DHKE  X@N-term),D1:Propionate labeling reagent light:1000.00;H8:Carbamidomethylation (DHKE  X@N-term):8.69;K10:Propionate labeling reagent light:1000.00,PEAKS PTM
K(+43.01)QLATK(+56.03)AAR,35.81,1084.6353,9,2.9,362.5513,20.63,1.0684E6,4,3406,EAM0041_S1F1K_PropTryp_1-B1_01_4551.d,2,2,XP_005463512.2,Carbamylation; Propionate labeling reagent light,K1:Carbamylation:79.02;K6:Propionate labeling reagent light:79.02,PEAKS PTM
VATVSLPR(+31.99),35.56,873.4919,8,-3.9,437.7490,27.29,0,4,5988,EAM0041_S1F1K_PropTryp_1-B1_01_4551.d,0,0,|#CONTAM#242253868|ref|NP_001156363.1|,Dihydroxy,R8:Dihydroxy:0.00,PEAKS PTM
HLQLAIR,35.47,849.5184,7,-1.6,425.7634,22.55,3.7347E5,4,4208,EAM0041_S1F1K_PropTryp_1-B1_01_4551.d,1,1,XP_003458968.1:XP_005464230.1,,,PEAKS DB
K(+56.03)(+56.03)STGGK(+56.03)APR,35.14,1068.5928,9,-3.9,535.2985,30.01,1.4671E6,4,7001,EAM0041_S1F1K_PropTryp_1-B1_01_4551.d,1,1,XP_005463512.2,Propionate labeling reagent light,K1:Propionate labeling reagent light:40.00;K1:Propionate labeling reagent light:40.00;K6:Propionate labeling reagent light:61.69,PEAKS DB
K(+42.01)(+28.03)STGGK(+42.01)APR,35.13,1012.5665,9,-3.7,507.2857,18.13,3.5302E5,4,2612,EAM0041_S1F1K_PropTryp_1-B1_01_4551.d,1,1,XP_005463512.2,Acetylation (Protein N-term); Dimethylation(KR); Acetylation (K),K1:Acetylation (Protein N-term):1000.00;K1:Dimethylation(KR):131.72;K6:Acetylation (K):1000.00,PEAKS PTM
E(+43.01)IQTAVR,35.11,858.4559,7,-1.6,430.2321,28.97,1.2755E6,4,6568,EAM0041_S1F1K_PropTryp_1-B1_01_4551.d,1,1,XP_003451196.1:XP_019219600.2,Carbamylation,E1:Carbamylation:1000.00,PEAKS PTM
K(+56.03)(+43.01)GNYAER,34.93,935.4460,7,-3.1,468.7261,25.03,9.9757E5,4,5249,EAM0041_S1F1K_PropTryp_1-B1_01_4551.d,1,1,XP_003451211.1:XP_003448939.1:XP_003446914.1,Propionate labeling reagent light; Carbamylation,K1:Propionate labeling reagent light:1000.00;K1:Carbamylation:1000.00,PEAKS PTM
K(+56.03)Q(+.98)LATK(+56.03)AAR,34.77,1098.6396,9,-3.4,550.3221,27.00,2.4764E5,4,5832,EAM0041_S1F1K_PropTryp_1-B1_01_4551.d,1,1,XP_005463512.2,Propionate labeling reagent light; Deamidation (NQ),K1:Propionate labeling reagent light:1000.00;Q2:Deamidation (NQ):1000.00;K6:Propionate labeling reagent light:1000.00,PEAKS PTM
Y(+43.01)QK(+43.01)STELLIR,34.54,1335.7146,10,-7.6,668.8557,55.58,0,4,17497,EAM0041_S1F1K_PropTryp_1-B1_01_4551.d,0,0,XP_005463512.2,Carbamylation,Y1:Carbamylation:1000.00;K3:Carbamylation:1000.00,PEAKS PTM
VATVS(+56.03)LPR,34.31,897.5283,8,-2.1,449.7679,32.25,5.2496E5,4,7850,EAM0041_S1F1K_PropTryp_1-B1_01_4551.d,1,1,|#CONTAM#242253868|ref|NP_001156363.1|,Propionate labeling reagent light,S5:Propionate labeling reagent light:61.69,PEAKS DB
K(+56.03)(+56.03)QLATK(+42.01)AAR,34.04,1139.6663,9,-4.1,570.8348,48.44,7.3219E5,4,14493,EAM0041_S1F1K_PropTryp_1-B1_01_4551.d,1,1,XP_005463512.2,Propionate labeling reagent light; Acetylation (K),K1:Propionate labeling reagent light:1000.00;K1:Propionate labeling reagent light:1000.00;K6:Acetylation (K):1000.00,PEAKS PTM
V(+56.03)TIM(+15.99)PK(+56.03)DIQLAR,33.95,1511.8381,12,-8.6,756.9155,64.64,2.3637E5,4,21105,EAM0041_S1F1K_PropTryp_1-B1_01_4551.d,1,1,XP_005463512.2,Propionate labeling reagent light; Oxidation (M),V1:Propionate labeling reagent light:1000.00;M4:Oxidation (M):1000.00;K6:Propionate labeling reagent light:1000.00,PEAKS PTM
V(+56.03)TIMPK(+57.02)DIQLAR,33.86,1496.8385,12,-4.2,499.9485,37.48,1.1699E6,4,10099,EAM0041_S1F1K_PropTryp_1-B1_01_4551.d,1,1,XP_005463512.2,Propionate labeling reagent light; Carbamidomethylation (DHKE  X@N-term),V1:Propionate labeling reagent light:11.50;K6:Carbamidomethylation (DHKE  X@N-term):8.14,PEAKS PTM
K(+56.03)(+43.01)QLATK(+56.03)AAR,33.83,1140.6615,9,-5.7,571.3315,39.68,5.7344E6,4,10804,EAM0041_S1F1K_PropTryp_1-B1_01_4551.d,2,2,XP_005463512.2,Propionate labeling reagent light; Carbamylation,K1:Propionate labeling reagent light:1000.00;K1:Carbamylation:1000.00;K6:Propionate labeling reagent light:1000.00,PEAKS PTM
V(+43.01)AT(-18.01)VSLPR,33.70,866.4974,8,-3.0,434.2522,30.19,1.1598E6,4,7068,EAM0041_S1F1K_PropTryp_1-B1_01_4551.d,2,2,|#CONTAM#242253868|ref|NP_001156363.1|,Carbamylation; Dehydration,V1:Carbamylation:1000.00;T3:Dehydration:45.01,PEAKS PTM
GGVK(+71.01)R(+14.02)ISGLIYEETR,33.62,1761.9498,15,3.3,588.3224,36.91,0,4,9724,EAM0041_S1F1K_PropTryp_1-B1_01_4551.d,0,0,XP_025766521.1,Lactylation; Methylation(KR),K4:Lactylation:1000.00;R5:Methylation(KR):74.64,PEAKS PTM
E(+56.03)IAQDFK(+43.01)TDLR,33.52,1433.7150,11,-4.1,717.8577,63.45,3.5752E6,4,21817,EAM0041_S1F1K_PropTryp_1-B1_01_4551.d,1,1,XP_005463512.2,Propionate labeling reagent light; Carbamylation,E1:Propionate labeling reagent light:48.75;K7:Carbamylation:48.75,PEAKS PTM
LAADDFR,33.47,806.3922,7,6.3,404.2036,25.44,3.8794E4,4,5407,EAM0041_S1F1K_PropTryp_1-B1_01_4551.d,1,1,|#CONTAM#4557888|ref|NP_000215.1|:|#CONTAM#40354195|ref|NP_954657.1|:|#CONTAM#767993886|ref|XP_011522762.1|:|#CONTAM#1034598569|ref|XP_016879788.1|:|#CONTAM#578830527|ref|XP_006721802.1|:|#CONTAM#192807292|ref|NP_061889.2|:|#CONTAM#15431310|ref|NP_000517.2|:|#CONTAM#24430192|ref|NP_005548.2|:|#CONTAM#1034599643|ref|XP_016880103.1|:|#CONTAM#24430190|ref|NP_002266.2|:|#CONTAM#767994709|ref|XP_011523086.1|:|#CONTAM#195972866|ref|NP_000412.3|:|#CONTAM#530412176|ref|XP_005257400.1|:|#CONTAM#114431246|ref|NP_853513.2|:|#CONTAM#24234699|ref|NP_002267.2|:|#CONTAM#4557701|ref|NP_000413.1|:|#CONTAM#131412228|ref|NP_002265.2|:|#CONTAM#131412225|ref|NP_705694.2|,,,PEAKS DB
K(+43.01)QLATK(+42.01)AAR,33.37,1070.6196,9,-2.9,536.3124,18.69,1.9888E5,4,3055,EAM0041_S1F1K_PropTryp_1-B1_01_4551.d,1,1,XP_005463512.2,Carbamylation; Acetylation (K),K1:Carbamylation:76.17;K6:Acetylation (K):76.17,PEAKS PTM
K(+56.03)(+43.01)STGGK(+56.03)APR,33.11,1055.5723,9,-4.3,528.7881,24.44,1.158E6,4,5097,EAM0041_S1F1K_PropTryp_1-B1_01_4551.d,1,1,XP_005463512.2,Propionate labeling reagent light; Carbamylation,K1:Propionate labeling reagent light:40.00;K1:Carbamylation:1000.00;K6:Propionate labeling reagent light:88.98,PEAKS PTM
AGLQFP(+31.99)VGR,32.97,975.5137,9,-3.7,488.7595,39.13,0,4,10624,EAM0041_S1F1K_PropTryp_1-B1_01_4551.d,0,0,XP_003451211.1:XP_003448939.1:XP_003446914.1:XP_003458968.1:XP_005464230.1,Dihydroxy,P6:Dihydroxy:5.08,PEAKS PTM
H(+43.01)TK(+56.03)GIGASGSFR,32.90,1315.6632,12,-6.4,658.8309,31.00,2.3229E5,4,7350,EAM0041_S1F1K_PropTryp_1-B1_01_4551.d,1,1,XP_003438501.2,Carbamylation; Propionate labeling reagent light,H1:Carbamylation:45.01;K3:Propionate labeling reagent light:49.68,PEAKS PTM
H(+43.01)LQLAIR,32.79,892.5243,7,-1.5,447.2662,35.44,5.8093E5,4,9095,EAM0041_S1F1K_PropTryp_1-B1_01_4551.d,1,1,XP_003458968.1:XP_005464230.1,Carbamylation,H1:Carbamylation:1000.00,PEAKS PTM
VAT(-18.01)VSLPR,32.29,823.4916,8,-0.9,412.7503,29.33,5.2598E6,4,6753,EAM0041_S1F1K_PropTryp_1-B1_01_4551.d,1,1,|#CONTAM#242253868|ref|NP_001156363.1|,Dehydration,T3:Dehydration:24.24,PEAKS PTM
K(+56.03)(+43.01)QLATK(+42.01)AAR,32.23,1126.6459,9,-4.8,564.3243,36.68,1.4302E6,4,9579,EAM0041_S1F1K_PropTryp_1-B1_01_4551.d,1,1,XP_005463512.2,Propionate labeling reagent light; Carbamylation; Acetylation (K),K1:Propionate labeling reagent light:1000.00;K1:Carbamylation:1000.00;K6:Acetylation (K):1000.00,PEAKS PTM
ARAASLTMHFR,31.89,1259.6556,11,3.3,630.8336,45.12,0,4,13130,EAM0041_S1F1K_PropTryp_1-B1_01_4551.d,0,0,|#CONTAM#112382237|ref|NP_663780.2|:|#CONTAM#112382239|ref|NP_056101.5|,,,PEAKS DB
G(+56.03)K(+56.03)TGAK(+56.03)AR,31.66,955.5450,8,-4.7,478.7748,27.21,1.2639E5,4,5848,EAM0041_S1F1K_PropTryp_1-B1_01_4551.d,1,1,XP_003446914.1,Propionate labeling reagent light,G1:Propionate labeling reagent light:1000.00;K2:Propionate labeling reagent light:1000.00;K6:Propionate labeling reagent light:1000.00,PEAKS DB
H(+57.02)LQLAIR,31.66,906.5399,7,-6.5,454.2717,23.59,0,4,4625,EAM0041_S1F1K_PropTryp_1-B1_01_4551.d,0,0,XP_003458968.1:XP_005464230.1,Carbamidomethylation (DHKE  X@N-term),H1:Carbamidomethylation (DHKE  X@N-term):1000.00,PEAKS PTM
AQD(+15.99)KLADTLK(+114.04)ER,31.66,1516.7845,12,3.6,759.3979,34.61,5.097E4,4,8796,EAM0041_S1F1K_PropTryp_1-B1_01_4551.d,1,1,#DECOY#XP_005463512.2,Oxidation or Hydroxylation; Ubiquitin,D3:Oxidation or Hydroxylation:14.02;K10:Ubiquitin:20.41,PEAKS PTM
EIAQDFK(+42.01)TDLR(+28.03),31.35,1404.7249,11,-7.7,703.3602,52.88,1.5204E6,4,16561,EAM0041_S1F1K_PropTryp_1-B1_01_4551.d,1,1,XP_005463512.2,Acetylation (K); Dimethylation(KR),K7:Acetylation (K):1000.00;R11:Dimethylation(KR):1000.00,PEAKS PTM
K(+43.01)(+43.01)QLATK(+56.03)AAR,31.13,1127.6411,9,-2.7,564.8231,34.82,4.1748E5,4,8747,EAM0041_S1F1K_PropTryp_1-B1_01_4551.d,1,1,XP_005463512.2,Carbamylation; Propionate labeling reagent light,K1:Carbamylation:1000.00;K1:Carbamylation:1000.00;K6:Propionate labeling reagent light:1000.00,PEAKS PTM
IASVIGCQHFYR,30.72,1392.6973,12,-0.4,697.3516,52.71,2.5215E5,4,16141,EAM0041_S1F1K_PropTryp_1-B1_01_4551.d,1,1,,,,PEAKS DB
K(+56.03)(+14.02)SAPATGGVK(+114.04)KPHR,30.64,1616.9110,14,3.2,405.2340,22.04,0,4,4064,EAM0041_S1F1K_PropTryp_1-B1_01_4551.d,0,0,XP_005463512.2,Propionate labeling reagent light; Methylation(KR); Ubiquitin,K1:Propionate labeling reagent light:17.01;K1:Methylation(KR):32.47;K10:Ubiquitin:0.00,PEAKS PTM
SAAGSGGLGR,30.18,831.4199,10,3.6,416.7163,29.32,5.5565E4,4,6672,EAM0041_S1F1K_PropTryp_1-B1_01_4551.d,1,1,,,,PEAKS DB
V(+43.01)TIMPKD(+57.02)IQLAR,29.67,1483.8181,12,-5.2,742.9082,47.19,0,4,14010,EAM0041_S1F1K_PropTryp_1-B1_01_4551.d,0,0,XP_005463512.2,Carbamylation; Carbamidomethylation (DHKE  X@N-term),V1:Carbamylation:22.57;D7:Carbamidomethylation (DHKE  X@N-term):0.00,PEAKS PTM
EIAQDFK(+43.01)TDLR,29.22,1377.6888,11,-6.0,689.8436,43.51,3.0934E5,4,12372,EAM0041_S1F1K_PropTryp_1-B1_01_4551.d,1,1,XP_005463512.2,Carbamylation,K7:Carbamylation:45.12,PEAKS PTM
V(+57.02)TIMPK(+56.03)DIQLAR,29.18,1496.8385,12,-4.2,499.9485,37.48,1.1699E6,4,9875,EAM0041_S1F1K_PropTryp_1-B1_01_4551.d,1,1,XP_005463512.2,Carbamidomethylation (DHKE  X@N-term); Propionate labeling reagent light,V1:Carbamidomethylation (DHKE  X@N-term):7.26;K6:Propionate labeling reagent light:7.26,PEAKS PTM
LASYLEK(+56.03)VR,28.85,1133.6444,9,-8.8,567.8212,41.65,2.8239E4,4,11633,EAM0041_S1F1K_PropTryp_1-B1_01_4551.d,1,1,|#CONTAM#131412228|ref|NP_002265.2|:|#CONTAM#131412225|ref|NP_705694.2|,Propionate labeling reagent light,K7:Propionate labeling reagent light:63.97,PEAKS DB
NLLSLDFDR,28.80,1091.5610,9,-6.2,546.7812,31.12,0,4,7454,EAM0041_S1F1K_PropTryp_1-B1_01_4551.d,0,0,,,,PEAKS DB
VEAVVQGQVR,28.73,1083.6036,10,8.5,362.2095,17.88,0,4,2539,EAM0041_S1F1K_PropTryp_1-B1_01_4551.d,0,0,,,,PEAKS DB
K(+56.03)(+42.01)QLATK(+56.03)AAR,28.68,1139.6663,9,-4.1,570.8348,48.44,7.3219E5,4,14388,EAM0041_S1F1K_PropTryp_1-B1_01_4551.d,1,1,XP_005463512.2,Propionate labeling reagent light; Acetylation (K),K1:Propionate labeling reagent light:1000.00;K1:Acetylation (K):1000.00;K6:Propionate labeling reagent light:1000.00,PEAKS PTM
ILIAVK(+56.03)R,28.36,867.5905,7,-2.1,434.7991,36.96,5.8406E6,4,9714,EAM0041_S1F1K_PropTryp_1-B1_01_4551.d,1,1,XP_003446112.1,Propionate labeling reagent light,K6:Propionate labeling reagent light:86.16,PEAKS DB
I(+43.01)AAEAS(+56.03)R,28.29,815.4137,7,2.6,408.7128,36.33,1.1951E5,4,9807,EAM0041_S1F1K_PropTryp_1-B1_01_4551.d,1,1,XP_003451196.1:XP_019219600.2,Carbamylation; Propionate labeling reagent light,I1:Carbamylation:1000.00;S6:Propionate labeling reagent light:1000.00,PEAKS PTM
EIQT(-18.01)AVR,27.97,797.4395,7,0.9,399.7251,27.42,4.3058E5,4,6338,EAM0041_S1F1K_PropTryp_1-B1_01_4551.d,2,2,XP_003451196.1:XP_019219600.2,Dehydration,T4:Dehydration:1000.00,PEAKS PTM
IVSTCGPR,27.83,831.4272,8,6.9,416.7214,26.05,1.3684E6,4,5140,EAM0041_S1F1K_PropTryp_1-B1_01_4551.d,1,1,,,,PEAKS DB
SQR(+14.02)AGLQFPVGR,27.73,1328.7313,12,-7.5,665.3641,38.87,1.2306E5,4,10493,EAM0041_S1F1K_PropTryp_1-B1_01_4551.d,1,1,XP_003458968.1:XP_005464230.1,Methylation(KR),R3:Methylation(KR):41.41,PEAKS PTM
DAVTY(+15.99)TEHAK(+56.03)R,27.62,1361.6575,11,-1.4,454.8898,22.79,4.7913E4,4,4353,EAM0041_S1F1K_PropTryp_1-B1_01_4551.d,1,1,XP_025766521.1,Oxidation or Hydroxylation; Propionate labeling reagent light,Y5:Oxidation or Hydroxylation:14.19;K10:Propionate labeling reagent light:61.14,PEAKS PTM
EIAQD(-18.01)FK(+56.03)TDLR,27.60,1372.6986,11,-6.3,687.3483,61.56,1.1056E6,4,19851,EAM0041_S1F1K_PropTryp_1-B1_01_4551.d,1,1,XP_005463512.2,Dehydration; Propionate labeling reagent light,D5:Dehydration:77.24;K7:Propionate labeling reagent light:56.47,PEAKS PTM
YLEGGSPGR,27.54,934.4508,9,1.9,468.2309,37.55,3.9463E5,4,10140,EAM0041_S1F1K_PropTryp_1-B1_01_4551.d,1,1,,,,PEAKS DB
H(+56.03)LQLAIR,27.25,905.5447,7,-3.0,453.7756,41.52,2.0253E5,4,11544,EAM0041_S1F1K_PropTryp_1-B1_01_4551.d,1,1,XP_003458968.1:XP_005464230.1,Propionate labeling reagent light,H1:Propionate labeling reagent light:1000.00,PEAKS DB
LGAKSPADGK(+71.01)AALS(-18.01)R,27.13,1493.8075,15,-1.9,747.9053,35.66,0,4,9224,EAM0041_S1F1K_PropTryp_1-B1_01_4551.d,0,0,,Lactylation; Dehydration,K10:Lactylation:31.02;S14:Dehydration:0.00,PEAKS PTM
I(+57.02)SGLIYEETR,26.89,1236.6350,10,0.8,619.3217,39.02,0,4,10577,EAM0041_S1F1K_PropTryp_1-B1_01_4551.d,0,0,XP_025766521.1,Carbamidomethylation (DHKE  X@N-term),I1:Carbamidomethylation (DHKE  X@N-term):39.93,PEAKS PTM
VATVSLPR(+28.03),26.71,869.5334,8,-0.4,435.7713,29.42,2.1573E7,4,6569,EAM0041_S1F1K_PropTryp_1-B1_01_4551.d,2,2,|#CONTAM#242253868|ref|NP_001156363.1|,Dimethylation(KR),R8:Dimethylation(KR):1000.00,PEAKS PTM
K(+56.03)(+56.03)SAPATGGVK(+56.03)K(+56.03)PHR,26.68,1656.9310,14,-6.5,829.4626,36.52,0,4,9570,EAM0041_S1F1K_PropTryp_1-B1_01_4551.d,0,0,XP_005463512.2,Propionate labeling reagent light,K1:Propionate labeling reagent light:27.96;K1:Propionate labeling reagent light:27.96;K10:Propionate labeling reagent light:54.92;K11:Propionate labeling reagent light:63.62,PEAKS DB
S(+56.03)(+56.03)CGLGEIAGR,26.56,1073.5176,10,-0.7,537.7626,25.83,7.786E5,4,5520,EAM0041_S1F1K_PropTryp_1-B1_01_4551.d,1,1,,Propionate labeling reagent light,S1:Propionate labeling reagent light:1000.00;S1:Propionate labeling reagent light:1000.00,PEAKS DB
KVAVS(+56.03)NR,26.49,828.4818,7,-1.1,415.2453,23.07,1.2336E6,4,4447,EAM0041_S1F1K_PropTryp_1-B1_01_4551.d,1,1,,Propionate labeling reagent light,S5:Propionate labeling reagent light:42.89,PEAKS DB
Y(+31.99)QK(+72.02)STELLIR,26.17,1353.7140,10,3.1,677.8625,44.27,4.5494E5,4,12480,EAM0041_S1F1K_PropTryp_1-B1_01_4551.d,1,1,XP_005463512.2,Dihydroxy; Carboxyethyl,Y1:Dihydroxy:47.91;K3:Carboxyethyl:1000.00,PEAKS PTM
GHPGPSRGGR,25.96,976.4951,10,-8.2,489.2480,24.27,0,4,4890,EAM0041_S1F1K_PropTryp_1-B1_01_4551.d,0,0,,,,PEAKS DB
VLDELTLAR,25.87,1028.5865,9,-2.1,515.2965,31.76,1.1521E5,4,7651,EAM0041_S1F1K_PropTryp_1-B1_01_4551.d,1,1,|#CONTAM#15431310|ref|NP_000517.2|:|#CONTAM#24430192|ref|NP_005548.2|:|#CONTAM#1034599643|ref|XP_016880103.1|:|#CONTAM#24430190|ref|NP_002266.2|:|#CONTAM#767994709|ref|XP_011523086.1|:|#CONTAM#24234699|ref|NP_002267.2|:|#CONTAM#4557701|ref|NP_000413.1|,,,PEAKS DB
ILIAVK(+43.01)R,25.83,854.5701,7,-1.2,428.2894,31.69,2.5226E5,4,7628,EAM0041_S1F1K_PropTryp_1-B1_01_4551.d,1,1,XP_003446112.1,Carbamylation,K6:Carbamylation:48.19,PEAKS PTM
S(+56.03)(+56.03)SFAPLWSDGPR,25.80,1430.6830,12,-4.0,716.3418,23.25,0,4,4503,EAM0041_S1F1K_PropTryp_1-B1_01_4551.d,0,0,,Propionate labeling reagent light,S1:Propionate labeling reagent light:0.00;S1:Propionate labeling reagent light:0.00,PEAKS DB
AVPSNTPTEQMSR,25.73,1416.6667,13,-6.9,355.1695,47.63,0,4,14189,EAM0041_S1F1K_PropTryp_1-B1_01_4551.d,0,0,,,,PEAKS DB
G(+226.08)K(+57.02)TGAKAR,25.26,1070.5654,8,-3.3,357.8592,18.34,3.3191E5,4,2675,EAM0041_S1F1K_PropTryp_1-B1_01_4551.d,1,1,XP_003446914.1,Biotinylation; Carbamidomethylation (DHKE  X@N-term),G1:Biotinylation:14.02;K2:Carbamidomethylation (DHKE  X@N-term):14.02,PEAKS PTM
Y(+15.99)R(+28.03)PGTVALR(+.98),25.17,1076.5978,9,-2.0,539.3020,30.49,0,4,7198,EAM0041_S1F1K_PropTryp_1-B1_01_4551.d,0,0,XP_005463512.2,Oxidation or Hydroxylation; Dimethylation(KR); Citrullination,Y1:Oxidation or Hydroxylation:17.01;R2:Dimethylation(KR):75.79;R9:Citrullination:75.79,PEAKS PTM
SKESYSTAPLTR,25.15,1338.6779,12,-4.3,447.2288,45.74,0,4,13389,EAM0041_S1F1K_PropTryp_1-B1_01_4551.d,0,0,,,,PEAKS DB
H(+43.01)LQ(+.98)LAVR,25.08,879.4926,7,2.1,440.7520,32.46,2.4064E5,4,7992,EAM0041_S1F1K_PropTryp_1-B1_01_4551.d,1,1,XP_003451211.1:XP_003448939.1:XP_003446914.1,Carbamylation; Deamidation (NQ),H1:Carbamylation:1000.00;Q3:Deamidation (NQ):1000.00,PEAKS PTM
EGAEKSEAAQR(+28.03),24.94,1202.5891,11,-1.1,602.2977,40.46,1.4204E5,4,10937,EAM0041_S1F1K_PropTryp_1-B1_01_4551.d,1,1,,Dimethylation(KR),R11:Dimethylation(KR):41.57,PEAKS PTM
LLVESDINSIR,24.85,1257.6929,11,6.6,629.8542,58.39,0,4,18646,EAM0041_S1F1K_PropTryp_1-B1_01_4551.d,0,0,,,,PEAKS DB
SVLEEAEAPGN(+15.99)REGR,24.80,1628.7754,15,8.6,543.9340,36.61,1.045E6,4,10167,EAM0041_S1F1K_PropTryp_1-B1_01_4551.d,1,1,,Oxidation or Hydroxylation,N11:Oxidation or Hydroxylation:6.59,PEAKS PTM
G(+56.03)SGLLER,24.75,786.4235,7,2.9,394.2179,19.26,7.803E4,4,3043,EAM0041_S1F1K_PropTryp_1-B1_01_4551.d,1,1,,Propionate labeling reagent light,G1:Propionate labeling reagent light:11.06,PEAKS DB
NLDLDS(+56.03)IIAEVKAQYEEIAQR,24.61,2473.2700,21,3.9,619.3236,56.24,4.3125E5,4,17540,EAM0041_S1F1K_PropTryp_1-B1_01_4551.d,1,1,,Propionate labeling reagent light,S6:Propionate labeling reagent light:19.20,PEAKS DB
EVQTAVR,24.52,801.4344,7,4.2,401.7239,41.36,5.8806E4,4,11495,EAM0041_S1F1K_PropTryp_1-B1_01_4551.d,1,1,,,,PEAKS DB
Q(+56.03)IMALWQR,24.51,1100.5801,8,-2.3,551.2929,42.99,9.9343E5,4,12395,EAM0041_S1F1K_PropTryp_1-B1_01_4551.d,1,1,,Propionate labeling reagent light,Q1:Propionate labeling reagent light:1000.00,PEAKS DB
K(+56.03)(+28.03)LNSAVLIAAG,24.14,1139.6914,11,-0.3,380.9021,17.52,2.9879E4,4,2387,EAM0041_S1F1K_PropTryp_1-B1_01_4551.d,1,1,,Propionate labeling reagent light; Dimethylation(KR),K1:Propionate labeling reagent light:7.77;K1:Dimethylation(KR):1000.00,PEAKS PTM
E(+43.01)IAQDFKTDLR,23.67,1377.6888,11,-2.0,460.2333,43.51,8.8395E4,4,12401,EAM0041_S1F1K_PropTryp_1-B1_01_4551.d,1,1,XP_005463512.2,Carbamylation,E1:Carbamylation:21.23,PEAKS PTM
AGLQFPVGR(+31.99),23.39,975.5137,9,-3.8,488.7595,38.60,0,4,10405,EAM0041_S1F1K_PropTryp_1-B1_01_4551.d,0,0,XP_003451211.1:XP_003448939.1:XP_003446914.1:XP_003458968.1:XP_005464230.1,Dihydroxy,R9:Dihydroxy:0.00,PEAKS PTM
K(+43.01)AGKNVRNPYR,23.31,1344.7374,11,3.9,673.3748,34.08,3.2835E5,4,8573,EAM0041_S1F1K_PropTryp_1-B1_01_4551.d,1,1,,Carbamylation,K1:Carbamylation:20.75,PEAKS PTM
KNS(+56.03)FELDR,23.30,1063.5298,8,5.3,532.7719,21.80,1.3841E5,4,4590,EAM0041_S1F1K_PropTryp_1-B1_01_4551.d,1,1,,Propionate labeling reagent light,S3:Propionate labeling reagent light:5.03,PEAKS DB
V(+43.01)ATVS(+56.03)LPR,23.26,940.5342,8,-2.9,471.2703,54.54,1.7988E5,4,16992,EAM0041_S1F1K_PropTryp_1-B1_01_4551.d,1,1,|#CONTAM#242253868|ref|NP_001156363.1|,Carbamylation; Propionate labeling reagent light,V1:Carbamylation:1000.00;S5:Propionate labeling reagent light:1000.00,PEAKS PTM
V(+56.03)ATVS(-18.01)LP(+31.99)R,23.23,911.5076,8,-6.1,456.7557,51.05,0,4,15635,EAM0041_S1F1K_PropTryp_1-B1_01_4551.d,0,0,|#CONTAM#242253868|ref|NP_001156363.1|,Propionate labeling reagent light; Dehydration; Dihydroxy,V1:Propionate labeling reagent light:1000.00;S5:Dehydration:29.25;P7:Dihydroxy:0.00,PEAKS PTM
LLGFGLR,23.23,774.4752,7,0.0,388.2426,45.28,7.9851E4,4,13141,EAM0041_S1F1K_PropTryp_1-B1_01_4551.d,1,1,,,,PEAKS DB
V(+43.01)TIMPK(+71.01)DIQLAR,22.91,1497.8099,12,-4.5,500.2722,37.15,0,4,9815,EAM0041_S1F1K_PropTryp_1-B1_01_4551.d,0,0,XP_005463512.2,Carbamylation; Lactylation,V1:Carbamylation:1000.00;K6:Lactylation:1000.00,PEAKS PTM
KSVSGGESR,22.85,905.4566,9,2.2,453.7340,42.79,8.379E4,4,12234,EAM0041_S1F1K_PropTryp_1-B1_01_4551.d,1,1,,,,PEAKS DB
ILIGSSFPKSGGR,22.65,1317.7405,13,-4.3,659.8709,58.99,2.8863E5,4,18827,EAM0041_S1F1K_PropTryp_1-B1_01_4551.d,1,1,,,,PEAKS DB
VATVSLPR(+14.02),22.60,855.5178,8,-2.3,428.7627,28.29,9.4914E6,4,6175,EAM0041_S1F1K_PropTryp_1-B1_01_4551.d,1,1,|#CONTAM#242253868|ref|NP_001156363.1|,Methylation(KR),R8:Methylation(KR):1000.00,PEAKS PTM
GGSGLSGEGYAR,22.58,1109.5101,12,1.7,370.8425,36.28,0,4,9476,EAM0041_S1F1K_PropTryp_1-B1_01_4551.d,0,0,,,,PEAKS DB
SQEKNIPSGQQR,22.50,1370.6902,12,9.5,686.3549,67.77,1.15E5,4,22396,EAM0041_S1F1K_PropTryp_1-B1_01_4551.d,1,1,,,,PEAKS DB
QTDELQEQAR,22.47,1216.5684,10,0.8,609.2885,32.25,5.616E4,4,8028,EAM0041_S1F1K_PropTryp_1-B1_01_4551.d,1,1,,,,PEAKS DB
KHSHHDKHEDNKQEENKENRKRPSSLER,22.44,3491.7114,28,4.6,699.3488,48.63,0,4,14621,EAM0041_S1F1K_PropTryp_1-B1_01_4551.d,0,0,,,,PEAKS DB
HISIGPQR,22.40,906.5035,8,4.3,454.2584,18.21,7.9162E3,4,2595,EAM0041_S1F1K_PropTryp_1-B1_01_4551.d,1,1,|#CONTAM#112382237|ref|NP_663780.2|,,,PEAKS DB
GGHTESQSR,22.29,957.4264,9,-0.3,479.7176,25.03,1.1354E5,4,5040,EAM0041_S1F1K_PropTryp_1-B1_01_4551.d,1,1,,,,PEAKS DB
LSADFISAGGGR,22.26,1149.5778,12,1.0,575.7934,26.66,2.7493E6,4,7154,EAM0041_S1F1K_PropTryp_1-B1_01_4551.d,1,1,,,,PEAKS DB
VASSLFQSAAR,22.22,1135.5985,11,1.2,568.8040,46.72,0,4,13811,EAM0041_S1F1K_PropTryp_1-B1_01_4551.d,0,0,,,,PEAKS DB
LKADNKVR,22.19,942.5610,8,0.6,472.2854,21.54,0,4,3882,EAM0041_S1F1K_PropTryp_1-B1_01_4551.d,0,0,,,,PEAKS DB
GTLRDAQSTLEDARTESEQR,22.07,2262.0835,20,6.3,755.0355,62.82,0,4,20396,EAM0041_S1F1K_PropTryp_1-B1_01_4551.d,0,0,,,,PEAKS DB
E(+43.01)IAQDFK(+43.01)TDLR,21.94,1420.6946,11,5.3,711.3542,60.80,0,4,19589,EAM0041_S1F1K_PropTryp_1-B1_01_4551.d,0,0,XP_005463512.2,Carbamylation,E1:Carbamylation:1000.00;K7:Carbamylation:1000.00,PEAKS PTM
E(+56.03)IAQDFK(+28.03)TDLR,21.77,1418.7405,11,-7.0,710.3685,53.24,2.1728E5,4,16471,EAM0041_S1F1K_PropTryp_1-B1_01_4551.d,1,1,XP_005463512.2,Propionate labeling reagent light; Dimethylation(KR),E1:Propionate labeling reagent light:1000.00;K7:Dimethylation(KR):28.70,PEAKS PTM
LGAK(+15.99)SPADGK(+226.08)AALSR,21.72,1682.8773,15,-5.8,561.9599,21.75,0,4,3961,EAM0041_S1F1K_PropTryp_1-B1_01_4551.d,0,0,,Oxidation or Hydroxylation; Biotinylation,K4:Oxidation or Hydroxylation:8.22;K10:Biotinylation:30.10,PEAKS PTM
YQLPDATR,21.59,962.4821,8,9.7,482.2502,20.94,0,4,3653,EAM0041_S1F1K_PropTryp_1-B1_01_4551.d,0,0,,,,PEAKS DB
A(+226.08)LYNK(+57.02)LGNEDR,21.48,1574.7511,11,0.4,788.3786,38.32,1.4667E6,4,10830,EAM0041_S1F1K_PropTryp_1-B1_01_4551.d,1,1,,Biotinylation; Carbamidomethylation (DHKE  X@N-term),A1:Biotinylation:11.75;K5:Carbamidomethylation (DHKE  X@N-term):4.75,PEAKS PTM
AEVEGLPLASSYGR,21.35,1447.7307,14,-4.9,724.8649,46.42,0,4,13688,EAM0041_S1F1K_PropTryp_1-B1_01_4551.d,0,0,,,,PEAKS DB
K(+56.03)(+57.02)QLATK(+56.03)AAR,21.32,1154.6771,9,-5.8,578.3392,25.13,5.6872E4,4,5186,EAM0041_S1F1K_PropTryp_1-B1_01_4551.d,1,1,XP_005463512.2,Propionate labeling reagent light; Carbamidomethylation (DHKE  X@N-term),K1:Propionate labeling reagent light:1000.00;K1:Carbamidomethylation (DHKE  X@N-term):1000.00;K6:Propionate labeling reagent light:1000.00,PEAKS PTM
G(+56.03)VGVEGFHARYR,21.31,1402.7106,12,-3.2,702.3563,41.17,0,4,11460,EAM0041_S1F1K_PropTryp_1-B1_01_4551.d,0,0,,Propionate labeling reagent light,G1:Propionate labeling reagent light:1000.00,PEAKS DB
EIAQ(+.98)DFK(+57.02)TDLR,21.28,1392.6885,11,5.9,697.3516,52.71,2.5215E5,4,15252,EAM0041_S1F1K_PropTryp_1-B1_01_4551.d,1,1,XP_005463512.2,Deamidation (NQ); Carbamidomethylation (DHKE  X@N-term),Q4:Deamidation (NQ):1000.00;K7:Carbamidomethylation (DHKE  X@N-term):7.32,PEAKS PTM
K(+43.01)(+42.01)QLATK(+56.03)AAR,21.25,1126.6459,9,-4.8,564.3243,36.68,1.4302E6,4,9512,EAM0041_S1F1K_PropTryp_1-B1_01_4551.d,1,1,XP_005463512.2,Carbamylation; Acetylation (K); Propionate labeling reagent light,K1:Carbamylation:1000.00;K1:Acetylation (K):1000.00;K6:Propionate labeling reagent light:1000.00,PEAKS PTM
SKQEEAQAGKR,21.22,1230.6316,11,2.9,411.2166,17.62,4.9627E4,4,2402,EAM0041_S1F1K_PropTryp_1-B1_01_4551.d,1,1,,,,PEAKS DB
LQTQEALSR,21.20,1044.5564,9,-4.3,523.2802,19.11,8.6702E6,4,2982,EAM0041_S1F1K_PropTryp_1-B1_01_4551.d,1,1,,,,PEAKS DB
EIAQDFK(+72.02)TDLR,21.07,1406.7041,11,-8.0,704.3497,48.35,0,4,14497,EAM0041_S1F1K_PropTryp_1-B1_01_4551.d,0,0,XP_005463512.2,Carboxyethyl,K7:Carboxyethyl:1000.00,PEAKS PTM
K(+42.01)QLATK(+56.03)AAR,21.00,1083.6400,9,-3.4,542.8223,22.03,2.5552E6,4,3929,EAM0041_S1F1K_PropTryp_1-B1_01_4551.d,1,1,XP_005463512.2,Acetylation (Protein N-term); Propionate labeling reagent light,K1:Acetylation (Protein N-term):1000.00;K6:Propionate labeling reagent light:1000.00,PEAKS PTM
VATVSLP(+15.99)R,20.96,857.4971,8,-2.2,429.7524,45.37,2.8485E4,4,13232,EAM0041_S1F1K_PropTryp_1-B1_01_4551.d,1,1,|#CONTAM#242253868|ref|NP_001156363.1|,Oxidation or Hydroxylation,P7:Oxidation or Hydroxylation:0.00,PEAKS PTM
V(+56.03)NKWTSIKLMVAEIKGHSDR,20.92,2367.2732,20,-9.1,790.0866,72.47,2.1113E6,4,25030,EAM0041_S1F1K_PropTryp_1-B1_01_4551.d,1,1,,Propionate labeling reagent light,V1:Propionate labeling reagent light:0.00,PEAKS DB
LLRKGNYAER,20.89,1218.6832,10,6.1,610.3491,46.74,5.0009E5,4,13750,EAM0041_S1F1K_PropTryp_1-B1_01_4551.d,1,1,XP_003451211.1:XP_003448939.1:XP_003446914.1,,,PEAKS DB
I(+57.02)AAEASR,20.84,773.4031,7,8.2,387.7098,24.69,0,4,5047,EAM0041_S1F1K_PropTryp_1-B1_01_4551.d,0,0,XP_003451196.1:XP_019219600.2,Carbamidomethylation (DHKE  X@N-term),I1:Carbamidomethylation (DHKE  X@N-term):47.09,PEAKS PTM
K(+114.04)QEAAK(+226.08)LR,20.82,1282.6815,8,0.4,642.3446,27.40,3.2387E4,4,6013,EAM0041_S1F1K_PropTryp_1-B1_01_4551.d,1,1,,Ubiquitin; Biotinylation,K1:Ubiquitin:47.01;K6:Biotinylation:47.01,PEAKS PTM
LGGGLSLR,20.82,771.4603,8,-1.5,386.7346,20.00,5.2648E4,4,3354,EAM0041_S1F1K_PropTryp_1-B1_01_4551.d,1,1,,,,PEAKS DB
GGKSGKAR,20.78,759.4351,8,-4.4,380.7210,30.26,1.5956E5,4,7081,EAM0041_S1F1K_PropTryp_1-B1_01_4551.d,1,1,,,,PEAKS DB
G(+57.02)K(+42.01)TGAK(+56.03)AR,20.70,942.5247,8,-0.4,472.2667,22.41,2.6014E5,4,4063,EAM0041_S1F1K_PropTryp_1-B1_01_4551.d,1,1,XP_003446914.1,Carbamidomethylation (DHKE  X@N-term); Acetylation (K); Propionate labeling reagent light,G1:Carbamidomethylation (DHKE  X@N-term):56.99;K2:Acetylation (K):50.57;K6:Propionate labeling reagent light:50.57,PEAKS PTM
CVMLIGLQSR,20.56,1118.5940,10,0.3,560.3012,45.83,1.746E5,4,13350,EAM0041_S1F1K_PropTryp_1-B1_01_4551.d,2,2,,,,PEAKS DB
HITSCSYTMLPFWQNVR,20.51,2081.9814,17,-1.2,1041.9907,55.75,6.6577E5,4,17737,EAM0041_S1F1K_PropTryp_1-B1_01_4551.d,1,1,,,,PEAKS DB
SEQSHEDGGGR,20.51,1157.4697,11,-5.3,386.8263,37.69,2.7683E5,4,9990,EAM0041_S1F1K_PropTryp_1-B1_01_4551.d,1,1,,,,PEAKS DB
QHGHSTSGLSGQQHR,20.49,1615.7563,15,5.6,808.8853,50.38,0,4,15355,EAM0041_S1F1K_PropTryp_1-B1_01_4551.d,0,0,,,,PEAKS DB
ALIDLGR,20.46,756.4493,7,-1.5,379.2292,21.96,2.7533E4,4,3962,EAM0041_S1F1K_PropTryp_1-B1_01_4551.d,1,1,,,,PEAKS DB
S(+56.03)DLGDMTVR,20.44,1048.4858,9,9.6,525.2522,43.79,0,4,12577,EAM0041_S1F1K_PropTryp_1-B1_01_4551.d,0,0,,Propionate labeling reagent light,S1:Propionate labeling reagent light:1000.00,PEAKS DB
KQLDTLGNDK(+56.03)GR,20.36,1399.7419,12,-2.2,700.8727,35.11,0,4,9008,EAM0041_S1F1K_PropTryp_1-B1_01_4551.d,0,0,,Propionate labeling reagent light,K10:Propionate labeling reagent light:14.20,PEAKS DB
K(+56.03)(+28.03)STGGK(+56.03)APR,20.35,1040.5978,9,-3.7,521.3013,17.48,1.8591E5,4,2366,EAM0041_S1F1K_PropTryp_1-B1_01_4551.d,1,1,XP_005463512.2,Propionate labeling reagent light; Dimethylation(KR),K1:Propionate labeling reagent light:30.46;K1:Dimethylation(KR):55.76;K6:Propionate labeling reagent light:16.51,PEAKS PTM
ASEASLNSPR,20.35,1030.5043,10,-9.8,516.2514,26.53,2.3985E4,4,5852,EAM0041_S1F1K_PropTryp_1-B1_01_4551.d,1,1,,,,PEAKS DB
S(+56.03)(+56.03)AAFSGRGAQVR,20.25,1317.6790,12,7.9,659.8481,58.39,1.2995E5,4,18761,EAM0041_S1F1K_PropTryp_1-B1_01_4551.d,1,1,,Propionate labeling reagent light,S1:Propionate labeling reagent light:35.13;S1:Propionate labeling reagent light:35.13,PEAKS DB
NEAEAEKVRGERR,20.25,1542.7863,13,6.4,515.2697,40.00,0,4,10978,EAM0041_S1F1K_PropTryp_1-B1_01_4551.d,0,0,,,,PEAKS DB
V(+43.01)ATVSLP(+31.99)R,20.18,916.4977,8,-1.7,459.2527,45.28,0,4,13194,EAM0041_S1F1K_PropTryp_1-B1_01_4551.d,0,0,|#CONTAM#242253868|ref|NP_001156363.1|,Carbamylation; Dihydroxy,V1:Carbamylation:1000.00;P7:Dihydroxy:12.28,PEAKS PTM
VTIMP(+31.99)KDIQLAR,20.13,1415.7806,12,-7.7,472.9278,42.01,0,4,11807,EAM0041_S1F1K_PropTryp_1-B1_01_4551.d,0,0,XP_005463512.2,Dihydroxy,P5:Dihydroxy:14.02,PEAKS PTM
EGREKLLIGGIAPGTKSNH(+156.12)R(+14.02)R,20.12,2458.4131,21,-0.9,615.6064,42.54,1.4304E6,4,11934,EAM0041_S1F1K_PropTryp_1-B1_01_4551.d,1,1,,4-hydroxynonenal (HNE); Methylation(KR),H19:4-hydroxynonenal (HNE):28.36;R20:Methylation(KR):0.00,PEAKS PTM
A(+56.03)GTGVVLGTPR,20.10,1082.6084,11,-3.8,542.3063,35.61,3.1076E5,4,9168,EAM0041_S1F1K_PropTryp_1-B1_01_4551.d,1,1,,Propionate labeling reagent light,A1:Propionate labeling reagent light:1000.00,PEAKS DB
WLRELQR,20.09,999.5614,7,7.1,500.7887,36.64,4.8506E5,4,9503,EAM0041_S1F1K_PropTryp_1-B1_01_4551.d,1,1,,,,PEAKS DB
KLNDALDR,20.08,943.5087,8,-1.0,472.7584,41.39,0,4,11548,EAM0041_S1F1K_PropTryp_1-B1_01_4551.d,0,0,,,,PEAKS DB
SVLEEAEAPGNRE(+57.02)GR(+28.03),20.05,1697.8333,15,-2.9,566.9468,34.26,0,4,8682,EAM0041_S1F1K_PropTryp_1-B1_01_4551.d,0,0,,Carbamidomethylation (DHKE  X@N-term); Dimethylation(KR),E13:Carbamidomethylation (DHKE  X@N-term):20.82;R15:Dimethylation(KR):3.29,PEAKS PTM
LEEEEIKR,20.03,1044.5450,8,-2.0,523.2758,33.01,4.0456E5,4,8380,EAM0041_S1F1K_PropTryp_1-B1_01_4551.d,1,1,,,,PEAKS DB
RK(+56.03)KDDYMTGCERNR,20.01,1826.8516,14,0.2,609.9544,55.96,3.3527E5,4,17628,EAM0041_S1F1K_PropTryp_1-B1_01_4551.d,1,1,,Propionate labeling reagent light,K2:Propionate labeling reagent light:17.01,PEAKS DB
K(+56.03)(+28.03)STGGK(+42.01)APR,19.98,1026.5822,9,-1.0,514.2949,16.98,1.2366E4,4,2175,EAM0041_S1F1K_PropTryp_1-B1_01_4551.d,1,1,XP_005463512.2,Propionate labeling reagent light; Dimethylation(KR); Acetylation (K),K1:Propionate labeling reagent light:14.02;K1:Dimethylation(KR):39.31;K6:Acetylation (K):1000.00,PEAKS PTM
S(+56.03)(+56.03)PSKFSSLR,19.95,1119.5924,9,-9.5,560.7949,46.63,0,4,13773,EAM0041_S1F1K_PropTryp_1-B1_01_4551.d,0,0,,Propionate labeling reagent light,S1:Propionate labeling reagent light:14.04;S1:Propionate labeling reagent light:14.04,PEAKS DB
E(+226.08)GAEKSEAAQR(+14.02),19.93,1414.6510,11,9.6,708.3355,64.01,8.2933E4,4,20895,EAM0041_S1F1K_PropTryp_1-B1_01_4551.d,1,1,,Biotinylation; Methylation(KR),E1:Biotinylation:31.27;R11:Methylation(KR):15.76,PEAKS PTM
YSKTLGASDIR,19.89,1209.6353,11,-0.1,404.2166,22.22,0,4,4132,EAM0041_S1F1K_PropTryp_1-B1_01_4551.d,0,0,,,,PEAKS DB
IAGDNIR,19.80,757.4082,7,0.7,379.7094,32.49,1.7402E5,4,8120,EAM0041_S1F1K_PropTryp_1-B1_01_4551.d,1,1,,,,PEAKS DB
GASPDGRADTR,19.79,1101.5162,11,0.9,551.7627,24.39,2.235E4,4,4951,EAM0041_S1F1K_PropTryp_1-B1_01_4551.d,1,1,,,,PEAKS DB
QHRGQPTR,19.76,978.5107,8,-3.9,490.2579,20.55,0,4,3510,EAM0041_S1F1K_PropTryp_1-B1_01_4551.d,0,0,,,,PEAKS DB
HALCLPSSCHS(+56.03)R,19.71,1365.6282,12,-5.9,456.2114,34.70,0,4,8853,EAM0041_S1F1K_PropTryp_1-B1_01_4551.d,0,0,,Propionate labeling reagent light,S11:Propionate labeling reagent light:9.42,PEAKS DB
D(-18.01)SAATRYPVSLWR,19.70,1502.7629,13,6.0,752.3889,33.08,1.6518E5,4,8203,EAM0041_S1F1K_PropTryp_1-B1_01_4551.d,1,1,,Dehydration,D1:Dehydration:0.00,PEAKS PTM
LENVGMGLDR,19.69,1102.5441,10,-4.1,552.2739,63.68,0,4,20739,EAM0041_S1F1K_PropTryp_1-B1_01_4551.d,0,0,,,,PEAKS DB
AAQLQEALLHCGR,19.65,1408.7245,13,-2.1,705.3640,37.87,5.2504E5,4,10070,EAM0041_S1F1K_PropTryp_1-B1_01_4551.d,1,1,,,,PEAKS DB
ENQEEFLR,19.56,1063.4934,8,8.0,532.7552,49.63,1.1389E6,4,14977,EAM0041_S1F1K_PropTryp_1-B1_01_4551.d,1,1,,,,PEAKS DB
TEEDLSMSGR(+31.99)GGKSGK(+43.01)AR,19.53,1939.9017,18,6.6,647.6417,53.32,4.6282E5,4,16486,EAM0041_S1F1K_PropTryp_1-B1_01_4551.d,1,1,,Dihydroxy; Carbamylation,R10:Dihydroxy:7.77;K16:Carbamylation:5.77,PEAKS PTM
APGPGFSSR,19.49,874.4297,9,-0.6,438.2194,23.73,4.9551E5,4,5138,EAM0041_S1F1K_PropTryp_1-B1_01_4551.d,1,1,,,,PEAKS DB
ILIAVK(+57.02)R,19.45,868.5858,7,-2.8,435.2964,20.51,5.1815E3,4,3492,EAM0041_S1F1K_PropTryp_1-B1_01_4551.d,1,1,XP_003446112.1,Carbamidomethylation (DHKE  X@N-term),K6:Carbamidomethylation (DHKE  X@N-term):56.99,PEAKS PTM
L(+43.01)GAKSPAD(-18.01)GK(+31.99)AALSR,19.33,1497.7899,15,-7.0,500.2642,50.78,2.6807E4,4,15526,EAM0041_S1F1K_PropTryp_1-B1_01_4551.d,1,1,,Carbamylation; Dehydration; Dihydroxy,L1:Carbamylation:12.33;D8:Dehydration:0.00;K10:Dihydroxy:4.08,PEAKS PTM
ELQDAEKKESTR,19.32,1432.7157,12,0.9,717.3616,61.21,2.5874E6,4,19674,EAM0041_S1F1K_PropTryp_1-B1_01_4551.d,1,1,,,,PEAKS DB
VTIMPK(+56.03)DIQLAR(+15.99),19.30,1455.8119,12,-9.1,728.9024,52.08,0,4,16053,EAM0041_S1F1K_PropTryp_1-B1_01_4551.d,0,0,XP_005463512.2,Propionate labeling reagent light; Oxidation or Hydroxylation,K6:Propionate labeling reagent light:20.54;R12:Oxidation or Hydroxylation:12.58,PEAKS PTM
C(+56.03)VVTATFGIMGQR,19.25,1437.7108,13,5.5,480.2441,22.86,0,4,4364,EAM0041_S1F1K_PropTryp_1-B1_01_4551.d,0,0,,Propionate labeling reagent light,C1:Propionate labeling reagent light:1000.00,PEAKS DB
LKADN(+.98)KVR,19.20,943.5450,8,-4.9,472.7748,40.17,0,4,11048,EAM0041_S1F1K_PropTryp_1-B1_01_4551.d,0,0,,Deamidation (NQ),N5:Deamidation (NQ):1000.00,PEAKS PTM
CEPSLSR,19.17,790.3643,7,-6.0,396.1848,28.09,2.0779E5,4,6204,EAM0041_S1F1K_PropTryp_1-B1_01_4551.d,1,1,,,,PEAKS DB
EK(+15.99)LLIGGIAP(+31.99)GT(-18.01)KSNHR,19.16,1819.9904,17,9.6,911.0060,29.04,3.0143E4,4,6587,EAM0041_S1F1K_PropTryp_1-B1_01_4551.d,1,1,,Oxidation or Hydroxylation; Dihydroxy; Dehydration,K2:Oxidation or Hydroxylation:33.54;P10:Dihydroxy:2.90;T12:Dehydration:0.00,PEAKS PTM
ATEALAFVR,19.14,976.5341,9,-2.8,489.2701,24.77,0,4,5075,EAM0041_S1F1K_PropTryp_1-B1_01_4551.d,0,0,,,,PEAKS DB
H(+57.02)(+57.02)LQLAVR,19.14,949.5457,7,-2.1,475.7764,18.65,9.8076E3,4,2802,EAM0041_S1F1K_PropTryp_1-B1_01_4551.d,1,1,XP_003451211.1:XP_003448939.1:XP_003446914.1,Carbamidomethylation (DHKE  X@N-term),H1:Carbamidomethylation (DHKE  X@N-term):1000.00;H1:Carbamidomethylation (DHKE  X@N-term):1000.00,PEAKS PTM
I(+56.03)LIAVK(+56.03)R,19.10,923.6168,7,-3.3,462.8115,69.71,7.542E4,4,23360,EAM0041_S1F1K_PropTryp_1-B1_01_4551.d,1,1,XP_003446112.1,Propionate labeling reagent light,I1:Propionate labeling reagent light:1000.00;K6:Propionate labeling reagent light:1000.00,PEAKS DB
VTHSKK(+57.02)GLS(+79.97)R,19.08,1248.6339,10,2.8,625.3224,41.84,0,4,11732,EAM0041_S1F1K_PropTryp_1-B1_01_4551.d,0,0,,Carbamidomethylation (DHKE  X@N-term); Phosphorylation (STY),K6:Carbamidomethylation (DHKE  X@N-term):9.34;S9:Phosphorylation (STY):10.19,PEAKS PTM
LAIFANGPEVHR(+14.02),19.02,1336.7251,12,0.6,446.5800,22.41,1.6789E5,4,4130,EAM0041_S1F1K_PropTryp_1-B1_01_4551.d,1,1,,Methylation(KR),R12:Methylation(KR):1000.00,PEAKS PTM
LAASEQYR,18.99,936.4664,8,8.5,469.2418,30.33,0,4,7130,EAM0041_S1F1K_PropTryp_1-B1_01_4551.d,0,0,,,,PEAKS DB
EIAQDFK(+14.02)TD(+57.02)LR,18.98,1405.7201,11,-6.2,703.8589,32.36,0,4,7936,EAM0041_S1F1K_PropTryp_1-B1_01_4551.d,0,0,XP_005463512.2,Methylation(KR); Carbamidomethylation (DHKE  X@N-term),K7:Methylation(KR):16.51;D9:Carbamidomethylation (DHKE  X@N-term):25.70,PEAKS PTM
R(+56.03)(+31.99)YQKSTELLIR,18.97,1493.8202,11,-1.9,498.9435,35.38,4.4097E4,4,9121,EAM0041_S1F1K_PropTryp_1-B1_01_4551.d,1,1,XP_005463512.2,Propionate labeling reagent light; Dihydroxy,R1:Propionate labeling reagent light:5.08;R1:Dihydroxy:0.00,PEAKS PTM
YRVYLGQIGQLR,18.96,1464.8201,12,-5.5,489.2751,28.90,0,4,6595,EAM0041_S1F1K_PropTryp_1-B1_01_4551.d,0,0,,,,PEAKS DB
HVTLGPGQSPLSR,18.93,1347.7258,13,0.0,450.2466,40.09,3.0337E4,4,10994,EAM0041_S1F1K_PropTryp_1-B1_01_4551.d,1,1,|#CONTAM#112382237|ref|NP_663780.2|,,,PEAKS DB
I(+43.01)SGLIY(+31.99)EETR,18.92,1254.6091,10,-9.7,628.3021,64.69,0,4,21153,EAM0041_S1F1K_PropTryp_1-B1_01_4551.d,0,0,XP_025766521.1,Carbamylation; Dihydroxy,I1:Carbamylation:1000.00;Y6:Dihydroxy:18.33,PEAKS PTM
VT(+114.04)IMPK(+42.01)DIQLAR,18.91,1539.8442,12,-3.4,514.2840,49.27,2.0931E5,4,14871,EAM0041_S1F1K_PropTryp_1-B1_01_4551.d,1,1,XP_005463512.2,Ubiquitin; Acetylation (K),T2:Ubiquitin:1000.00;K6:Acetylation (K):1000.00,PEAKS PTM
NLK(+56.03)ASLENS(+56.03)LR,18.90,1355.7408,11,-7.2,678.8689,71.35,0,4,24161,EAM0041_S1F1K_PropTryp_1-B1_01_4551.d,0,0,|#CONTAM#4557888|ref|NP_000215.1|:|#CONTAM#40354195|ref|NP_954657.1|,Propionate labeling reagent light,K3:Propionate labeling reagent light:18.53;S9:Propionate labeling reagent light:34.30,PEAKS DB
GARQQHVSDAQR,18.89,1351.6705,12,9.5,676.8451,42.75,7.4092E4,4,12148,EAM0041_S1F1K_PropTryp_1-B1_01_4551.d,1,1,,,,PEAKS DB
K(+72.02)VAVSNRGGVAT(+79.97)LQQ(+.98)ALKGLFY,18.88,2472.2776,22,5.2,825.0994,69.54,0,4,23262,EAM0041_S1F1K_PropTryp_1-B1_01_4551.d,0,0,,Carboxyethyl; Phosphorylation (STY); Deamidation (NQ),K1:Carboxyethyl:36.72;T12:Phosphorylation (STY):4.78;Q15:Deamidation (NQ):0.00,PEAKS PTM
VTIMP(+31.99)K(+43.01)D(-18.01)IQLAR,18.86,1440.7759,12,6.7,721.3959,51.48,1.5582E6,4,16216,EAM0041_S1F1K_PropTryp_1-B1_01_4551.d,1,1,XP_005463512.2,Dihydroxy; Carbamylation; Dehydration,P5:Dihydroxy:23.22;K6:Carbamylation:55.60;D7:Dehydration:44.95,PEAKS PTM
YHDDQLS(+56.03)DTPAASR,18.84,1630.7223,14,-6.8,544.5745,16.67,1.5888E4,4,2092,EAM0041_S1F1K_PropTryp_1-B1_01_4551.d,1,1,,Propionate labeling reagent light,S7:Propionate labeling reagent light:0.00,PEAKS DB
ISSAGASFGS(+56.03)R,18.82,1094.5356,11,2.7,548.2734,44.58,1.6182E6,4,12810,EAM0041_S1F1K_PropTryp_1-B1_01_4551.d,1,1,,Propionate labeling reagent light,S10:Propionate labeling reagent light:19.27,PEAKS DB
SIGGSATSGYR,18.77,1054.5043,11,-3.2,528.2547,26.58,2.7367E4,4,5769,EAM0041_S1F1K_PropTryp_1-B1_01_4551.d,1,1,,,,PEAKS DB
S(+56.03)NILAKCSQR,18.76,1174.6128,10,7.2,588.3145,35.30,1.3614E5,4,9478,EAM0041_S1F1K_PropTryp_1-B1_01_4551.d,1,1,,Propionate labeling reagent light,S1:Propionate labeling reagent light:41.96,PEAKS DB
SVTTGSCPPR,18.70,1003.4756,10,-0.5,502.7419,41.68,0,4,11666,EAM0041_S1F1K_PropTryp_1-B1_01_4551.d,0,0,,,,PEAKS DB
GESKNGLSGLR,18.69,1116.5887,11,-1.5,373.2008,25.22,0,4,5241,EAM0041_S1F1K_PropTryp_1-B1_01_4551.d,0,0,,,,PEAKS DB
TPGQGARSR,18.68,928.4838,9,-0.6,465.2462,32.12,0,4,7840,EAM0041_S1F1K_PropTryp_1-B1_01_4551.d,0,0,,,,PEAKS DB
KGTGGAMGK(+14.02)ETR(+.98),18.64,1206.6027,12,-0.5,604.3048,19.68,2.367E6,4,4671,EAM0041_S1F1K_PropTryp_1-B1_01_4551.d,1,1,,Methylation(KR); Citrullination,K9:Methylation(KR):38.35;R12:Citrullination:1000.00,PEAKS PTM
GGKS(-18.01)GK(+43.01)AR,18.63,784.4304,8,1.3,393.2207,27.46,2.2033E5,4,5934,EAM0041_S1F1K_PropTryp_1-B1_01_4551.d,1,1,,Dehydration; Carbamylation,S4:Dehydration:1000.00;K6:Carbamylation:17.91,PEAKS PTM
G(+56.03)EVLNEHR,18.60,1008.4988,8,9.7,505.2587,50.53,8.3842E5,4,15296,EAM0041_S1F1K_PropTryp_1-B1_01_4551.d,1,1,,Propionate labeling reagent light,G1:Propionate labeling reagent light:1000.00,PEAKS DB
A(+42.05)KAKTRSS(+79.97)R,18.59,1125.6019,9,-3.5,563.8030,29.35,4.4086E5,4,6723,EAM0041_S1F1K_PropTryp_1-B1_01_4551.d,1,1,XP_003451211.1:XP_003446914.1,Trimethylation; Phosphorylation (STY),A1:Trimethylation:0.00;S8:Phosphorylation (STY):0.00,PEAKS PTM
G(+56.03)K(+56.03)KKVSDHPPKLR,18.58,1600.9413,13,-1.1,401.2398,18.62,2.7852E5,4,2603,EAM0041_S1F1K_PropTryp_1-B1_01_4551.d,1,1,,Propionate labeling reagent light,G1:Propionate labeling reagent light:6.59;K2:Propionate labeling reagent light:9.34,PEAKS DB
KQEAAKLR,18.58,942.5610,8,-5.1,472.2827,20.41,0,4,3463,EAM0041_S1F1K_PropTryp_1-B1_01_4551.d,0,0,,,,PEAKS DB
GGKSGK(+71.01)AR(+.98),18.56,831.4324,8,0.7,416.7214,26.05,1.3684E6,4,5404,EAM0041_S1F1K_PropTryp_1-B1_01_4551.d,1,1,,Lactylation; Citrullination,K6:Lactylation:38.16;R8:Citrullination:1000.00,PEAKS PTM
AK(+56.03)S(+56.03)ALLEEQKS(+56.03)VMLKCGEER,18.56,2416.2341,20,9.3,605.0679,56.52,2.0387E6,4,18050,EAM0041_S1F1K_PropTryp_1-B1_01_4551.d,1,1,,Propionate labeling reagent light,K2:Propionate labeling reagent light:0.00;S3:Propionate labeling reagent light:3.77;S11:Propionate labeling reagent light:2.44,PEAKS DB
TQQFAGR,18.54,806.4035,7,-0.8,404.2064,20.81,7.2201E4,4,3519,EAM0041_S1F1K_PropTryp_1-B1_01_4551.d,1,1,,,,PEAKS DB
K(+56.03)(+57.02)LNSAVLIAAG,18.47,1168.6815,11,9.8,390.5693,20.62,0,4,3535,EAM0041_S1F1K_PropTryp_1-B1_01_4551.d,0,0,,Propionate labeling reagent light; Carbamidomethylation (DHKE  X@N-term),K1:Propionate labeling reagent light:4.52;K1:Carbamidomethylation (DHKE  X@N-term):1000.00,PEAKS PTM
AARSQTER,18.44,917.4679,8,-1.3,459.7380,38.26,0,4,10272,EAM0041_S1F1K_PropTryp_1-B1_01_4551.d,0,0,,,,PEAKS DB
AGVIFPVGR,18.43,914.5338,9,-8.8,458.2675,32.05,0,4,7811,EAM0041_S1F1K_PropTryp_1-B1_01_4551.d,0,0,,,,PEAKS DB
S(+56.03)FSACS(+56.03)VGLGR,18.43,1194.5703,11,6.5,399.1977,39.68,2.0388E5,4,10825,EAM0041_S1F1K_PropTryp_1-B1_01_4551.d,1,1,,Propionate labeling reagent light,S1:Propionate labeling reagent light:8.22;S6:Propionate labeling reagent light:6.63,PEAKS DB
L(+57.02)GAKSPADGKAALS(+79.97)R,18.40,1577.7926,15,7.2,526.9389,18.51,1.965E5,4,2922,EAM0041_S1F1K_PropTryp_1-B1_01_4551.d,1,1,,Carbamidomethylation (DHKE  X@N-term); Phosphorylation (STY),L1:Carbamidomethylation (DHKE  X@N-term):0.00;S14:Phosphorylation (STY):19.64,PEAKS PTM
D(+56.03)LTQTAAGLR,18.40,1100.5825,10,-5.9,551.2921,29.57,1.9821E5,4,6806,EAM0041_S1F1K_PropTryp_1-B1_01_4551.d,1,1,,Propionate labeling reagent light,D1:Propionate labeling reagent light:1000.00,PEAKS DB
LS(+56.03)VEIAR,18.39,842.4861,7,9.4,422.2519,41.55,1.219E5,4,11586,EAM0041_S1F1K_PropTryp_1-B1_01_4551.d,1,1,,Propionate labeling reagent light,S2:Propionate labeling reagent light:14.02,PEAKS DB
MTVSLESKVR,18.38,1148.6223,10,8.9,383.8826,21.74,1.4721E5,4,3905,EAM0041_S1F1K_PropTryp_1-B1_01_4551.d,1,1,,,,PEAKS DB
VATVS(-18.01)LP(+31.99)R,18.35,855.4814,8,7.2,428.7486,27.65,3.2026E5,4,5885,EAM0041_S1F1K_PropTryp_1-B1_01_4551.d,1,1,|#CONTAM#242253868|ref|NP_001156363.1|,Dehydration; Dihydroxy,S5:Dehydration:45.01;P7:Dihydroxy:0.00,PEAKS PTM
KRGVKSSPMQCKS,18.33,1434.7435,13,1.1,479.2529,25.61,8.7728E4,4,5592,EAM0041_S1F1K_PropTryp_1-B1_01_4551.d,1,1,,,,PEAKS DB
IAAEASRLAHY(-18.01)NK(+42.01)R,18.32,1622.8640,14,-3.6,541.9569,40.68,4.7873E5,4,11218,EAM0041_S1F1K_PropTryp_1-B1_01_4551.d,1,1,XP_003451196.1:XP_019219600.2,Dehydration; Acetylation (K),Y11:Dehydration:46.62;K13:Acetylation (K):1000.00,PEAKS PTM
SIRKVILREKEGKLVSPKLLIHDRPTLR,18.27,3294.0139,28,-4.6,824.5023,63.60,0,4,20706,EAM0041_S1F1K_PropTryp_1-B1_01_4551.d,0,0,,,,PEAKS DB
VATVSLPR(+.98),18.24,842.4861,8,9.4,422.2519,41.55,1.219E5,4,11520,EAM0041_S1F1K_PropTryp_1-B1_01_4551.d,1,1,|#CONTAM#242253868|ref|NP_001156363.1|,Citrullination,R8:Citrullination:1000.00,PEAKS PTM
A(+56.03)LY(-18.01)NK(+72.02)LGNEDR,18.23,1401.6888,11,-9.3,701.8411,33.34,5.0045E4,4,8301,EAM0041_S1F1K_PropTryp_1-B1_01_4551.d,1,1,,Propionate labeling reagent light; Dehydration; Carboxyethyl,A1:Propionate labeling reagent light:1000.00;Y3:Dehydration:35.03;K5:Carboxyethyl:1000.00,PEAKS PTM
SMSAIKAGISIGACR,18.22,1463.7588,15,-3.4,488.9224,30.07,0,4,7034,EAM0041_S1F1K_PropTryp_1-B1_01_4551.d,0,0,,,,PEAKS DB
E(+56.03)GAEKSEAAQR,18.16,1230.5840,11,-6.5,616.2917,38.16,0,4,10229,EAM0041_S1F1K_PropTryp_1-B1_01_4551.d,0,0,,Propionate labeling reagent light,E1:Propionate labeling reagent light:0.00,PEAKS DB
EIAQDFK(+71.01)TDLR,18.11,1405.6963,11,4.3,703.8544,47.86,7.042E5,4,14350,EAM0041_S1F1K_PropTryp_1-B1_01_4551.d,1,1,XP_005463512.2,Lactylation,K7:Lactylation:1000.00,PEAKS PTM
V(+56.03)NKWTSIKLMVAEIKGHS(+56.03)DR,18.09,2423.2996,20,-6.0,808.7643,70.27,2.5804E6,4,24323,EAM0041_S1F1K_PropTryp_1-B1_01_4551.d,1,1,,Propionate labeling reagent light,V1:Propionate labeling reagent light:5.99;S18:Propionate labeling reagent light:12.16,PEAKS DB
AGLQFPVGR(+31.99)VH(+57.02)R,18.06,1424.7637,12,-9.2,713.3785,28.80,6.1941E4,4,6674,EAM0041_S1F1K_PropTryp_1-B1_01_4551.d,1,1,XP_003451211.1:XP_003448939.1:XP_003446914.1,Dihydroxy; Carbamidomethylation (DHKE  X@N-term),R9:Dihydroxy:13.38;H11:Carbamidomethylation (DHKE  X@N-term):25.63,PEAKS PTM
MSGRGKTGGKAR,18.05,1204.6459,12,8.2,603.3317,69.81,1.5441E5,4,23400,EAM0041_S1F1K_PropTryp_1-B1_01_4551.d,1,1,XP_003451211.1:XP_003448939.1,,,PEAKS DB
GVKSSPMQCKS,18.04,1150.5475,11,3.4,384.5222,27.88,1.5543E5,4,6192,EAM0041_S1F1K_PropTryp_1-B1_01_4551.d,1,1,,,,PEAKS DB
VDATTSREQS(+56.03)R,18.03,1304.6321,11,-0.3,653.3193,31.38,3.4127E4,4,7534,EAM0041_S1F1K_PropTryp_1-B1_01_4551.d,1,1,,Propionate labeling reagent light,S10:Propionate labeling reagent light:22.37,PEAKS DB
G(+56.03)TGSTGTALAR,18.02,1046.5356,11,-5.5,524.2692,31.27,3.1484E5,4,7369,EAM0041_S1F1K_PropTryp_1-B1_01_4551.d,1,1,,Propionate labeling reagent light,G1:Propionate labeling reagent light:19.27,PEAKS DB
KQEAAK(+71.01)LR(+28.03),17.99,1041.6056,8,7.0,521.8107,54.13,1.7046E5,4,16839,EAM0041_S1F1K_PropTryp_1-B1_01_4551.d,1,1,,Lactylation; Dimethylation(KR),K6:Lactylation:15.74;R8:Dimethylation(KR):38.98,PEAKS PTM
S(+56.03)NLEPLFESYITNLRR,17.99,2007.0425,16,-3.3,1004.5195,72.84,0,4,24695,EAM0041_S1F1K_PropTryp_1-B1_01_4551.d,0,0,,Propionate labeling reagent light,S1:Propionate labeling reagent light:25.09,PEAKS DB
RALYNK(+15.99)LGNED(-18.01)R,17.96,1445.7374,12,8.3,723.8778,51.49,5.9615E5,4,15707,EAM0041_S1F1K_PropTryp_1-B1_01_4551.d,1,1,,Oxidation or Hydroxylation; Dehydration,K6:Oxidation or Hydroxylation:0.00;D11:Dehydration:9.58,PEAKS PTM
VAPPGLR,17.94,708.4282,7,0.9,355.2197,29.61,3.6111E4,4,6810,EAM0041_S1F1K_PropTryp_1-B1_01_4551.d,1,1,,,,PEAKS DB
LGAK(+57.02)SPADGKAALS(+79.97)R,17.92,1577.7926,15,7.2,526.9389,18.51,1.965E5,4,2671,EAM0041_S1F1K_PropTryp_1-B1_01_4551.d,1,1,,Carbamidomethylation (DHKE  X@N-term); Phosphorylation (STY),K4:Carbamidomethylation (DHKE  X@N-term):0.00;S14:Phosphorylation (STY):15.24,PEAKS PTM
QLSTRPLCAKR,17.90,1271.7131,11,-8.5,424.9056,49.63,3.6286E5,4,14726,EAM0041_S1F1K_PropTryp_1-B1_01_4551.d,1,1,,,,PEAKS DB
RYQKS(+56.03)TELLIR,17.81,1461.8303,11,-5.1,731.9145,35.20,1.5593E6,4,8961,EAM0041_S1F1K_PropTryp_1-B1_01_4551.d,1,1,XP_005463512.2,Propionate labeling reagent light,S5:Propionate labeling reagent light:0.00,PEAKS DB
QIGDQEGPRPAR,17.73,1322.6691,12,3.2,662.3401,45.94,5.7871E5,4,14272,EAM0041_S1F1K_PropTryp_1-B1_01_4551.d,1,1,,,,PEAKS DB
LHLCGESHQNGVR,17.73,1448.6942,13,-3.2,725.3479,38.67,2.3688E5,4,10378,EAM0041_S1F1K_PropTryp_1-B1_01_4551.d,1,1,,,,PEAKS DB
KGNYAER(+28.03),17.72,864.4453,7,5.6,433.2299,25.23,0,4,5244,EAM0041_S1F1K_PropTryp_1-B1_01_4551.d,0,0,XP_003451211.1:XP_003448939.1:XP_003446914.1,Dimethylation(KR),R7:Dimethylation(KR):6.67,PEAKS PTM
YITIS(+56.03)GNR,17.70,978.5134,8,-3.9,490.2593,18.56,0,4,2783,EAM0041_S1F1K_PropTryp_1-B1_01_4551.d,0,0,,Propionate labeling reagent light,S5:Propionate labeling reagent light:28.70,PEAKS DB
L(+56.03)EDALLR,17.70,884.4967,7,-6.6,443.2502,27.49,0,4,6057,EAM0041_S1F1K_PropTryp_1-B1_01_4551.d,0,0,|#CONTAM#112382237|ref|NP_663780.2|:|#CONTAM#112382239|ref|NP_056101.5|,Propionate labeling reagent light,L1:Propionate labeling reagent light:1000.00,PEAKS DB
VTGTAFVGAR,17.66,977.5294,10,-3.1,489.7676,17.59,1.5445E5,4,2354,EAM0041_S1F1K_PropTryp_1-B1_01_4551.d,1,1,,,,PEAKS DB
S(+56.03)IGGSATSGYR,17.65,1110.5305,11,5.8,556.2726,21.31,0,4,3792,EAM0041_S1F1K_PropTryp_1-B1_01_4551.d,0,0,,Propionate labeling reagent light,S1:Propionate labeling reagent light:16.51,PEAKS DB
LCEESPTFAYNLS(+56.03)R,17.65,1684.7766,14,-8.4,562.5916,40.16,7.1884E4,4,11116,EAM0041_S1F1K_PropTryp_1-B1_01_4551.d,1,1,,Propionate labeling reagent light,S13:Propionate labeling reagent light:13.99,PEAKS DB
KQGTSTAGLR,17.60,1017.5567,10,-3.9,509.7807,30.61,2.3066E4,4,7255,EAM0041_S1F1K_PropTryp_1-B1_01_4551.d,1,1,,,,PEAKS DB
DLLS(+56.03)EQQQR,17.52,1171.5833,9,0.6,586.7959,27.58,0,4,6086,EAM0041_S1F1K_PropTryp_1-B1_01_4551.d,0,0,,Propionate labeling reagent light,S4:Propionate labeling reagent light:56.34,PEAKS DB
LSLGQGDSTEAATEERGPR,17.52,1972.9449,19,-0.1,494.2406,27.36,0,4,6012,EAM0041_S1F1K_PropTryp_1-B1_01_4551.d,0,0,,,,PEAKS DB
G(+56.03)VKSSPMQCKS,17.52,1206.5737,11,5.0,604.2937,63.38,3.5122E5,4,20766,EAM0041_S1F1K_PropTryp_1-B1_01_4551.d,1,1,,Propionate labeling reagent light,G1:Propionate labeling reagent light:0.00,PEAKS DB
I(+56.03)LIAVK(+43.01)R,17.47,910.5964,7,-2.8,456.3016,67.46,7.5096E4,4,22234,EAM0041_S1F1K_PropTryp_1-B1_01_4551.d,1,1,XP_003446112.1,Propionate labeling reagent light; Carbamylation,I1:Propionate labeling reagent light:56.99;K6:Carbamylation:56.99,PEAKS PTM
LATLTQQEEAR,17.39,1258.6517,11,-1.5,630.3286,40.65,1.2228E5,4,11370,EAM0041_S1F1K_PropTryp_1-B1_01_4551.d,1,1,,,,PEAKS DB
V(+57.02)AT(-18.01)VS(+56.03)LPR,17.37,936.5392,8,-1.9,469.2733,33.84,3.9836E5,4,8569,EAM0041_S1F1K_PropTryp_1-B1_01_4551.d,1,1,|#CONTAM#242253868|ref|NP_001156363.1|,Carbamidomethylation (DHKE  X@N-term); Dehydration; Propionate labeling reagent light,V1:Carbamidomethylation (DHKE  X@N-term):1000.00;T3:Dehydration:1000.00;S5:Propionate labeling reagent light:1000.00,PEAKS PTM
GSGGGSSGGSIGGR,17.33,1091.4955,14,-8.7,546.7471,22.45,4.5928E5,4,4788,EAM0041_S1F1K_PropTryp_1-B1_01_4551.d,1,1,,,,PEAKS DB
K(+56.03)(+56.03)QTPPSR,17.31,924.5029,7,5.4,463.2585,39.38,0,4,10721,EAM0041_S1F1K_PropTryp_1-B1_01_4551.d,0,0,,Propionate labeling reagent light,K1:Propionate labeling reagent light:23.70;K1:Propionate labeling reagent light:23.70,PEAKS DB
K(+57.02)GTGGAMGKETRNIR,17.29,1631.8525,15,3.4,544.9568,26.13,0,4,5559,EAM0041_S1F1K_PropTryp_1-B1_01_4551.d,0,0,,Carbamidomethylation (DHKE  X@N-term),K1:Carbamidomethylation (DHKE  X@N-term):8.60,PEAKS PTM
K(+43.01)(+57.02)GNYAER,17.27,936.4413,7,9.6,469.2297,23.68,0,4,4663,EAM0041_S1F1K_PropTryp_1-B1_01_4551.d,0,0,XP_003451211.1:XP_003448939.1:XP_003446914.1,Carbamylation; Carbamidomethylation (DHKE  X@N-term),K1:Carbamylation:1000.00;K1:Carbamidomethylation (DHKE  X@N-term):29.85,PEAKS PTM
EIQTAVR,17.27,815.4501,7,0.5,408.7302,20.03,2.7331E5,4,3168,EAM0041_S1F1K_PropTryp_1-B1_01_4551.d,1,1,XP_003451196.1:XP_019219600.2,,,PEAKS DB
LK(+42.01)ADNKVR(-.98),17.27,983.5876,8,2.2,492.7993,43.27,4.1362E5,4,12220,EAM0041_S1F1K_PropTryp_1-B1_01_4551.d,1,1,,Acetylation (K); Amidation,K2:Acetylation (K):33.81;R8:Amidation:1000.00,PEAKS PTM
LTLS(+56.03)MVGAS(+56.03)HLTC(+57.02)QAFLIR,17.26,2229.1650,19,10.0,744.0654,58.22,3.5929E5,4,18526,EAM0041_S1F1K_PropTryp_1-B1_01_4551.d,1,1,,Propionate labeling reagent light; Carbamidomethylation,S4:Propionate labeling reagent light:14.84;S9:Propionate labeling reagent light:10.87;C13:Carbamidomethylation:1000.00,PEAKS DB
K(+56.03)ILEEEQLRPER,17.26,1594.8678,12,2.1,798.4382,28.94,0,4,6609,EAM0041_S1F1K_PropTryp_1-B1_01_4551.d,0,0,,Propionate labeling reagent light,K1:Propionate labeling reagent light:1000.00,PEAKS DB
WDVECKFLR,17.25,1194.5856,9,2.6,399.2012,31.20,9.7236E4,4,7427,EAM0041_S1F1K_PropTryp_1-B1_01_4551.d,1,1,,,,PEAKS DB
I(+56.03)NLGFSYHR,17.22,1161.5930,9,5.3,388.2048,17.69,2.0926E5,4,2620,EAM0041_S1F1K_PropTryp_1-B1_01_4551.d,1,1,,Propionate labeling reagent light,I1:Propionate labeling reagent light:22.07,PEAKS DB
EGAEK(+28.03)SEAAQR(+28.03),17.21,1230.6204,11,0.6,616.3143,26.31,5.4098E4,4,5801,EAM0041_S1F1K_PropTryp_1-B1_01_4551.d,1,1,,Dimethylation(KR),K5:Dimethylation(KR):1000.00;R11:Dimethylation(KR):1000.00,PEAKS PTM
SEYSLIANVPKEK(+56.03)DEESR,17.19,2149.0537,18,0.0,717.3544,23.56,2.8066E5,4,4544,EAM0041_S1F1K_PropTryp_1-B1_01_4551.d,1,1,,Propionate labeling reagent light,K13:Propionate labeling reagent light:11.12,PEAKS DB
IS(-18.01)GLIY(+31.99)EETR,17.18,1193.5928,10,-6.2,597.7965,36.47,9.8397E4,4,9679,EAM0041_S1F1K_PropTryp_1-B1_01_4551.d,1,1,XP_025766521.1,Dehydration; Dihydroxy,S2:Dehydration:25.91;Y6:Dihydroxy:22.37,PEAKS PTM
MSGRGK(+71.01)TGGKAR,17.15,1275.6592,12,9.0,426.2284,24.56,3.4352E4,4,4967,EAM0041_S1F1K_PropTryp_1-B1_01_4551.d,1,1,XP_003451211.1:XP_003448939.1,Lactylation,K6:Lactylation:11.12,PEAKS PTM
V(+56.03)AT(-18.01)VSLPR,17.11,879.5178,8,-2.5,440.7625,51.03,4.9666E5,4,15519,EAM0041_S1F1K_PropTryp_1-B1_01_4551.d,1,1,|#CONTAM#242253868|ref|NP_001156363.1|,Propionate labeling reagent light; Dehydration,V1:Propionate labeling reagent light:9.85;T3:Dehydration:5.99,PEAKS PTM
GR(+31.99)PPAAQAAPK(+15.99)KYR,17.10,1557.8375,14,-5.7,779.9171,36.11,5.8636E4,4,9445,EAM0041_S1F1K_PropTryp_1-B1_01_4551.d,1,1,,Dihydroxy; Oxidation or Hydroxylation,R2:Dihydroxy:9.34;K11:Oxidation or Hydroxylation:0.00,PEAKS PTM
MQDASC(+57.02)LKR,17.09,1107.5165,9,6.2,554.7657,42.75,2.2137E6,4,12072,EAM0041_S1F1K_PropTryp_1-B1_01_4551.d,1,1,,Carbamidomethylation,C6:Carbamidomethylation:1000.00,PEAKS DB
GESFVAATEGILALT(+114.04)VST(+79.97)GR(+.98),17.07,2173.0303,20,9.2,544.2667,46.82,0,4,13854,EAM0041_S1F1K_PropTryp_1-B1_01_4551.d,0,0,,Ubiquitin; Phosphorylation (STY); Citrullination,T15:Ubiquitin:8.22;T18:Phosphorylation (STY):0.00;R20:Citrullination:1000.00,PEAKS PTM
SFHVFTIGIEQDR,17.06,1547.7732,13,5.6,516.9316,33.12,0,4,8241,EAM0041_S1F1K_PropTryp_1-B1_01_4551.d,0,0,,,,PEAKS DB
DIQVTQQR,17.04,986.5145,8,7.3,494.2653,19.54,6.8279E4,4,3655,EAM0041_S1F1K_PropTryp_1-B1_01_4551.d,1,1,,,,PEAKS DB
GGVAT(+79.97)LQQ(+.98)ALK(+14.02)GLFY,17.01,1659.8273,15,-6.4,554.2763,61.87,4.176E5,4,19972,EAM0041_S1F1K_PropTryp_1-B1_01_4551.d,1,1,,Phosphorylation (STY); Deamidation (NQ); Methylation(KR),T5:Phosphorylation (STY):32.22;Q8:Deamidation (NQ):14.02;K11:Methylation(KR):1000.00,PEAKS PTM
T(+56.03)QNTSAVAR,17.00,1002.5094,9,2.7,502.2604,50.85,3.1012E5,4,15216,EAM0041_S1F1K_PropTryp_1-B1_01_4551.d,1,1,,Propionate labeling reagent light,T1:Propionate labeling reagent light:0.00,PEAKS DB
A(+56.03)LIDLGR,16.99,812.4756,7,-2.9,407.2415,29.77,1.3545E5,4,6763,EAM0041_S1F1K_PropTryp_1-B1_01_4551.d,1,1,,Propionate labeling reagent light,A1:Propionate labeling reagent light:1000.00,PEAKS DB
V(+57.02)APPGLR,16.98,765.4497,7,0.3,383.7300,20.86,1.9588E5,4,3468,EAM0041_S1F1K_PropTryp_1-B1_01_4551.d,1,1,,Carbamidomethylation (DHKE  X@N-term),V1:Carbamidomethylation (DHKE  X@N-term):1000.00,PEAKS PTM
EDEVVASLR,16.97,1016.5138,9,-2.2,509.2601,28.73,5.1931E5,4,6222,EAM0041_S1F1K_PropTryp_1-B1_01_4551.d,1,1,,,,PEAKS DB
AELGSIDGNER,16.97,1159.5469,11,-5.8,580.7740,32.20,0,4,7873,EAM0041_S1F1K_PropTryp_1-B1_01_4551.d,0,0,,,,PEAKS DB
SVLEEAEAPGNR(+31.99)EGR(+14.02),16.96,1658.7859,15,8.1,553.9372,36.16,2.6279E5,4,9395,EAM0041_S1F1K_PropTryp_1-B1_01_4551.d,1,1,,Dihydroxy; Methylation(KR),R12:Dihydroxy:0.00;R15:Methylation(KR):4.52,PEAKS PTM
EAIVTGGSYFGVR,16.94,1354.6881,13,-5.4,678.3438,30.61,0,4,7245,EAM0041_S1F1K_PropTryp_1-B1_01_4551.d,0,0,,,,PEAKS DB
EVQITHHADESR,16.91,1420.6694,12,5.5,711.3418,52.78,1.7066E5,4,16412,EAM0041_S1F1K_PropTryp_1-B1_01_4551.d,1,1,,,,PEAKS DB
GGRGGS(+56.03)RAR,16.86,928.4951,9,-8.7,465.2481,18.92,1.0945E6,4,4759,EAM0041_S1F1K_PropTryp_1-B1_01_4551.d,1,1,,Propionate labeling reagent light,S6:Propionate labeling reagent light:33.54,PEAKS DB
A(+56.03)NYEKILTR,16.84,1162.6346,9,1.5,582.3221,39.68,8.943E5,4,10764,EAM0041_S1F1K_PropTryp_1-B1_01_4551.d,1,1,,Propionate labeling reagent light,A1:Propionate labeling reagent light:16.76,PEAKS DB
GLLSGNEKVTMQNLNDR,16.84,1887.9473,17,1.4,630.3203,48.82,1.3733E5,4,14663,EAM0041_S1F1K_PropTryp_1-B1_01_4551.d,1,1,,,,PEAKS DB
EEGQ(+.98)LWISAR(+14.02),16.80,1202.5931,10,-4.4,602.2977,40.46,1.4204E5,4,10965,EAM0041_S1F1K_PropTryp_1-B1_01_4551.d,1,1,,Deamidation (NQ); Methylation(KR),Q4:Deamidation (NQ):1000.00;R10:Methylation(KR):1000.00,PEAKS PTM
G(+43.01)K(+56.03)TGAK(+56.03)AR,16.78,942.5247,8,-0.4,472.2667,22.41,2.6014E5,4,4244,EAM0041_S1F1K_PropTryp_1-B1_01_4551.d,1,1,XP_003446914.1,Carbamylation; Propionate labeling reagent light,G1:Carbamylation:17.01;K2:Propionate labeling reagent light:17.01;K6:Propionate labeling reagent light:61.30,PEAKS PTM
VATVSLP(+31.99)R(+28.03),16.78,901.5233,8,-3.5,451.7647,29.39,1.8259E5,4,6685,EAM0041_S1F1K_PropTryp_1-B1_01_4551.d,1,1,|#CONTAM#242253868|ref|NP_001156363.1|,Dihydroxy; Dimethylation(KR),P7:Dihydroxy:1000.00;R8:Dimethylation(KR):1000.00,PEAKS PTM
CLEGGKQPR,16.76,986.4967,9,6.3,494.2559,22.28,3.2013E5,4,5100,EAM0041_S1F1K_PropTryp_1-B1_01_4551.d,1,1,,,,PEAKS DB
E(+43.01)IAQDFK(+42.01)TDLR(+28.03),16.73,1447.7307,11,4.7,724.8719,68.97,5.6115E4,4,22941,EAM0041_S1F1K_PropTryp_1-B1_01_4551.d,1,1,XP_005463512.2,Carbamylation; Acetylation (K); Dimethylation(KR),E1:Carbamylation:1000.00;K7:Acetylation (K):1000.00;R11:Dimethylation(KR):1000.00,PEAKS PTM
AVMQGEIEGISMS(+56.03)R,16.71,1562.7433,14,-6.1,782.3696,43.94,3.9322E5,4,12735,EAM0041_S1F1K_PropTryp_1-B1_01_4551.d,1,1,,Propionate labeling reagent light,S13:Propionate labeling reagent light:14.04,PEAKS DB
LALDSAKPINGDSR,16.68,1455.7681,14,9.2,486.2650,32.41,0,4,7960,EAM0041_S1F1K_PropTryp_1-B1_01_4551.d,0,0,,,,PEAKS DB
SGFTVVVR,16.66,863.4865,8,-5.1,432.7458,29.54,3.5402E5,4,6904,EAM0041_S1F1K_PropTryp_1-B1_01_4551.d,1,1,,,,PEAKS DB
WVYTQHS(+56.03)QPR,16.65,1356.6575,10,7.4,679.3372,34.48,0,4,8765,EAM0041_S1F1K_PropTryp_1-B1_01_4551.d,0,0,,Propionate labeling reagent light,S7:Propionate labeling reagent light:41.57,PEAKS DB
L(+56.03)GAK(+15.99)S(-18.01)PADGKAALSR,16.63,1494.8154,15,9.0,748.4174,50.50,1.1485E5,4,15349,EAM0041_S1F1K_PropTryp_1-B1_01_4551.d,1,1,,Propionate labeling reagent light; Oxidation or Hydroxylation; Dehydration,L1:Propionate labeling reagent light:45.63;K4:Oxidation or Hydroxylation:14.04;S5:Dehydration:12.33,PEAKS PTM
S(+56.03)(+56.03)LENGIEAR,16.61,1099.5509,9,8.1,367.5251,29.77,5.386E4,4,6870,EAM0041_S1F1K_PropTryp_1-B1_01_4551.d,1,1,,Propionate labeling reagent light,S1:Propionate labeling reagent light:1000.00;S1:Propionate labeling reagent light:1000.00,PEAKS DB
K(+42.01)STGGKAPR,16.59,942.5247,9,8.8,472.2711,20.02,0,4,3315,EAM0041_S1F1K_PropTryp_1-B1_01_4551.d,0,0,XP_005463512.2,Acetylation (Protein N-term),K1:Acetylation (Protein N-term):1000.00,PEAKS PTM
VQADLLCNDTPGR,16.57,1400.6718,13,3.1,467.8966,23.15,0,4,4470,EAM0041_S1F1K_PropTryp_1-B1_01_4551.d,0,0,,,,PEAKS DB
E(+43.01)IAQDFK(+14.02)TDLR,16.55,1391.7045,11,-2.5,464.9049,46.41,0,4,13685,EAM0041_S1F1K_PropTryp_1-B1_01_4551.d,0,0,XP_005463512.2,Carbamylation; Methylation(KR),E1:Carbamylation:1000.00;K7:Methylation(KR):25.70,PEAKS PTM
DVAMTPYVR,16.55,1050.5168,9,-10.0,526.2574,27.08,0,4,5909,EAM0041_S1F1K_PropTryp_1-B1_01_4551.d,0,0,,,,PEAKS DB
EGREKLLIGGIAPGTK(+71.01)S(+114.04)NHRR,16.54,2473.3386,21,1.3,825.4498,42.42,0,4,11985,EAM0041_S1F1K_PropTryp_1-B1_01_4551.d,0,0,,Lactylation; Ubiquitin,K16:Lactylation:15.79;S17:Ubiquitin:7.32,PEAKS PTM
V(+56.03)SYFGEQEDQALGR,16.52,1653.7634,14,2.6,552.2600,56.35,0,4,17820,EAM0041_S1F1K_PropTryp_1-B1_01_4551.d,0,0,,Propionate labeling reagent light,V1:Propionate labeling reagent light:17.01,PEAKS DB
K(+56.03)QGTSTAGLR,16.49,1073.5829,10,3.2,537.7974,32.00,0,4,7795,EAM0041_S1F1K_PropTryp_1-B1_01_4551.d,0,0,,Propionate labeling reagent light,K1:Propionate labeling reagent light:7.28,PEAKS DB
AELTAQHQR,16.49,1052.5363,9,7.8,527.2765,18.51,1.7711E5,4,3704,EAM0041_S1F1K_PropTryp_1-B1_01_4551.d,1,1,,,,PEAKS DB
VAP(+31.99)PGLR,16.46,740.4180,7,0.0,371.2141,39.22,1.4804E5,4,10796,EAM0041_S1F1K_PropTryp_1-B1_01_4551.d,1,1,,Dihydroxy,P3:Dihydroxy:7.21,PEAKS PTM
LGAKSP(+15.99)AD(-18.01)GK(+31.99)AALSR,16.45,1470.7789,15,7.1,736.3977,30.58,2.7125E4,4,7213,EAM0041_S1F1K_PropTryp_1-B1_01_4551.d,1,1,,Oxidation or Hydroxylation; Dehydration; Dihydroxy,P6:Oxidation or Hydroxylation:16.51;D8:Dehydration:0.00;K10:Dihydroxy:16.51,PEAKS PTM
VATVS(-18.01)LPR(+31.99),16.45,855.4814,8,7.2,428.7486,27.65,3.2026E5,4,6102,EAM0041_S1F1K_PropTryp_1-B1_01_4551.d,1,1,|#CONTAM#242253868|ref|NP_001156363.1|,Dehydration; Dihydroxy,S5:Dehydration:39.76;R8:Dihydroxy:0.00,PEAKS PTM
SS(-18.01)R(+.98)AGLQFPVGR,16.44,1256.6625,12,-2.0,629.3336,39.00,0,4,10571,EAM0041_S1F1K_PropTryp_1-B1_01_4551.d,0,0,XP_003451211.1:XP_003448939.1:XP_003446914.1,Dehydration; Citrullination,S2:Dehydration:0.00;R3:Citrullination:31.37,PEAKS PTM
ARATGPAAPPPR,16.42,1160.6414,12,7.8,581.3292,29.04,0,4,6646,EAM0041_S1F1K_PropTryp_1-B1_01_4551.d,0,0,|#CONTAM#112382237|ref|NP_663780.2|:|#CONTAM#112382239|ref|NP_056101.5|,,,PEAKS DB
ASLEAAIADAEQR,16.42,1343.6681,13,-2.7,672.8356,43.63,7.2713E4,4,12750,EAM0041_S1F1K_PropTryp_1-B1_01_4551.d,1,1,,,,PEAKS DB
SRS(+56.03)QAEAETKFIPGSGSGWDS(+56.03)GQRR,16.40,2805.3430,25,-2.3,702.3374,56.37,0,4,17827,EAM0041_S1F1K_PropTryp_1-B1_01_4551.d,0,0,,Propionate labeling reagent light,S3:Propionate labeling reagent light:0.00;S21:Propionate labeling reagent light:5.55,PEAKS DB
QVGEIKSQEGK(+56.03)GHGR,16.40,1664.8594,15,-0.7,833.4316,62.40,5.2232E5,4,20081,EAM0041_S1F1K_PropTryp_1-B1_01_4551.d,1,1,,Propionate labeling reagent light,K11:Propionate labeling reagent light:10.33,PEAKS DB
K(+28.03)SAPAT(+114.04)GGVK(+56.03)KPHR,16.32,1630.9266,14,0.5,408.7368,9.90,0,4,860,EAM0041_S1F1K_PropTryp_1-B1_01_4551.d,0,0,XP_005463512.2,Dimethylation(KR); Ubiquitin; Propionate labeling reagent light,K1:Dimethylation(KR):0.00;T6:Ubiquitin:0.00;K10:Propionate labeling reagent light:0.00,PEAKS PTM
AGGKGLSGGFS(+56.03)SR,16.32,1235.6259,13,5.7,618.8202,44.47,0,4,12863,EAM0041_S1F1K_PropTryp_1-B1_01_4551.d,0,0,,Propionate labeling reagent light,S11:Propionate labeling reagent light:0.00,PEAKS DB
N(+15.99)DEELNK(+71.01)LLGR,16.25,1386.6864,11,4.2,463.2354,20.36,0,4,3442,EAM0041_S1F1K_PropTryp_1-B1_01_4551.d,0,0,,Oxidation or Hydroxylation; Lactylation,N1:Oxidation or Hydroxylation:0.00;K7:Lactylation:1000.00,PEAKS PTM
SLAQASSNGGR,16.24,1046.5105,11,2.5,524.2608,28.79,7.9737E4,4,6444,EAM0041_S1F1K_PropTryp_1-B1_01_4551.d,1,1,,,,PEAKS DB
SQEANMTESR,16.23,1151.4877,10,-9.8,576.7421,48.62,2.8417E5,4,14535,EAM0041_S1F1K_PropTryp_1-B1_01_4551.d,1,1,,,,PEAKS DB
GKT(+114.04)GGKARAKAKSR(+15.99)SSR,16.23,1875.0510,17,5.3,469.7698,28.27,0,4,6354,EAM0041_S1F1K_PropTryp_1-B1_01_4551.d,0,0,XP_003448939.1,Ubiquitin; Oxidation or Hydroxylation,T3:Ubiquitin:0.00;R14:Oxidation or Hydroxylation:5.03,PEAKS PTM
TLAHPSFAPR,16.21,1095.5825,10,-4.6,548.7928,39.64,7.4429E4,4,10798,EAM0041_S1F1K_PropTryp_1-B1_01_4551.d,1,1,,,,PEAKS DB
STLFINPGTR,16.17,1104.5928,10,6.8,553.3043,33.02,0,4,8202,EAM0041_S1F1K_PropTryp_1-B1_01_4551.d,0,0,,,,PEAKS DB
V(+56.03)HTLLRKGNY(+31.99)AER,16.13,1643.8743,13,2.6,548.9636,42.47,2.5378E5,4,11962,EAM0041_S1F1K_PropTryp_1-B1_01_4551.d,1,1,,Propionate labeling reagent light; Dihydroxy,V1:Propionate labeling reagent light:10.92;Y10:Dihydroxy:0.00,PEAKS PTM
N(+56.03)PYRGSGLLER,16.11,1316.6836,11,-4.0,659.3427,28.77,1.8113E5,4,7021,EAM0041_S1F1K_PropTryp_1-B1_01_4551.d,1,1,,Propionate labeling reagent light,N1:Propionate labeling reagent light:0.00,PEAKS DB
DQSFIQGPER,16.10,1175.5570,10,-4.4,588.7798,31.72,2.7257E5,4,7647,EAM0041_S1F1K_PropTryp_1-B1_01_4551.d,1,1,,,,PEAKS DB
VDLELAGKLGNLDGNME(+57.02)Y(-18.01)VGQYLR,16.09,2705.3481,24,3.1,902.7876,66.51,0,4,21881,EAM0041_S1F1K_PropTryp_1-B1_01_4551.d,0,0,,Carbamidomethylation (DHKE  X@N-term); Dehydration,E17:Carbamidomethylation (DHKE  X@N-term):0.00;Y18:Dehydration:0.00,PEAKS PTM
G(+43.01)YDVEHNSAHVR,16.09,1425.6385,12,-2.5,476.2162,19.09,8.408E4,4,2872,EAM0041_S1F1K_PropTryp_1-B1_01_4551.d,1,1,XP_003448795.2,Carbamylation,G1:Carbamylation:1000.00,PEAKS PTM
VVLENTIASR,16.06,1100.6189,10,-2.5,551.3122,65.98,1.2588E5,4,21626,EAM0041_S1F1K_PropTryp_1-B1_01_4551.d,1,1,,,,PEAKS DB
EIAQD(+57.02)FK(+56.03)TDLR,16.04,1447.7307,11,-4.9,724.8649,46.40,0,4,13681,EAM0041_S1F1K_PropTryp_1-B1_01_4551.d,0,0,XP_005463512.2,Carbamidomethylation (DHKE  X@N-term); Propionate labeling reagent light,D5:Carbamidomethylation (DHKE  X@N-term):6.65;K7:Propionate labeling reagent light:31.96,PEAKS PTM
R(+226.08)ALYNKLGNEDR(-.98),16.02,1672.8467,12,-1.8,837.4243,56.09,0,4,17713,EAM0041_S1F1K_PropTryp_1-B1_01_4551.d,0,0,,Biotinylation; Amidation,R1:Biotinylation:32.32;R12:Amidation:1000.00,PEAKS PTM
DRRDKVAAGASESTR,16.02,1617.8182,15,5.4,809.9161,23.59,8.2169E4,4,4632,EAM0041_S1F1K_PropTryp_1-B1_01_4551.d,1,1,|#CONTAM#112382237|ref|NP_663780.2|:|#CONTAM#112382239|ref|NP_056101.5|,,,PEAKS DB
S(+56.03)ELTISCVAELEES(+56.03)TYR,16.02,2040.9561,17,5.8,1021.4854,58.79,8.3402E4,4,18749,EAM0041_S1F1K_PropTryp_1-B1_01_4551.d,1,1,,Propionate labeling reagent light,S1:Propionate labeling reagent light:1.86;S14:Propionate labeling reagent light:32.82,PEAKS DB
LAK(+114.04)VGYAGELIVGNVKNVK(+226.08)R,16.02,2467.3733,20,-8.7,1234.6761,70.38,6.9192E4,4,23701,EAM0041_S1F1K_PropTryp_1-B1_01_4551.d,1,1,,Ubiquitin; Biotinylation,K3:Ubiquitin:26.60;K19:Biotinylation:10.22,PEAKS PTM
W(+56.03)VQETKLLAQAR,16.02,1497.8303,12,-7.9,500.2773,44.58,8.4818E4,4,12878,EAM0041_S1F1K_PropTryp_1-B1_01_4551.d,1,1,,Propionate labeling reagent light,W1:Propionate labeling reagent light:7.26,PEAKS DB
I(+43.01)LIAVK(+43.01)R,16.00,897.5759,7,-3.2,449.7912,58.89,4.5904E4,4,18805,EAM0041_S1F1K_PropTryp_1-B1_01_4551.d,1,1,XP_003446112.1,Carbamylation,I1:Carbamylation:1000.00;K6:Carbamylation:1000.00,PEAKS PTM
DKVAAGASESTR,16.00,1190.5891,12,-4.3,596.2958,29.52,2.5677E5,4,6764,EAM0041_S1F1K_PropTryp_1-B1_01_4551.d,1,1,|#CONTAM#112382237|ref|NP_663780.2|:|#CONTAM#112382239|ref|NP_056101.5|,,,PEAKS DB
VQSQPPLR,15.97,923.5189,8,-2.4,462.7629,25.32,5.511E4,4,5303,EAM0041_S1F1K_PropTryp_1-B1_01_4551.d,1,1,,,,PEAKS DB
L(+56.03)LRKGNYAER(-.98),15.94,1273.7255,10,-8.1,425.5765,50.36,2.5105E6,4,15289,EAM0041_S1F1K_PropTryp_1-B1_01_4551.d,1,1,XP_003451211.1:XP_003448939.1:XP_003446914.1,Propionate labeling reagent light; Amidation,L1:Propionate labeling reagent light:16.03;R10:Amidation:1000.00,PEAKS PTM
EEIWKGDGYLVRPPDR,15.94,1928.9744,16,1.2,643.9958,41.35,3.0005E5,4,11676,EAM0041_S1F1K_PropTryp_1-B1_01_4551.d,1,1,,,,PEAKS DB
MSGR(+42.05)GKT(+79.97)GGKAR,15.93,1326.6592,12,-5.5,664.3294,29.21,2.0641E5,4,8295,EAM0041_S1F1K_PropTryp_1-B1_01_4551.d,1,1,XP_003451211.1:XP_003448939.1,Trimethylation; Phosphorylation (STY),R4:Trimethylation:0.00;T7:Phosphorylation (STY):5.79,PEAKS PTM
G(+43.01)ESFVAATEGILALT(+79.97)VSTGR,15.90,2101.0093,20,-1.2,701.3388,49.96,0,4,15185,EAM0041_S1F1K_PropTryp_1-B1_01_4551.d,0,0,,Carbamylation; Phosphorylation (STY),G1:Carbamylation:1000.00;T15:Phosphorylation (STY):0.00,PEAKS PTM
S(+56.03)(+56.03)TKAGVIFPVGR,15.88,1342.7609,12,-0.4,672.3836,39.65,0,4,10839,EAM0041_S1F1K_PropTryp_1-B1_01_4551.d,0,0,,Propionate labeling reagent light,S1:Propionate labeling reagent light:6.59;S1:Propionate labeling reagent light:6.59,PEAKS DB
K(+56.03)(+56.03)AGKNVR,15.85,883.5239,7,-3.9,442.7650,34.14,0,4,8632,EAM0041_S1F1K_PropTryp_1-B1_01_4551.d,0,0,,Propionate labeling reagent light,K1:Propionate labeling reagent light:18.00;K1:Propionate labeling reagent light:18.00,PEAKS DB
N(+57.02)RP(+31.99)MLKD(-18.01)SVLR,15.85,1398.7401,11,-0.5,700.3730,35.42,2.0599E5,4,9211,EAM0041_S1F1K_PropTryp_1-B1_01_4551.d,1,1,,Carbamidomethylation (DHKE  X@N-term); Dihydroxy; Dehydration,N1:Carbamidomethylation (DHKE  X@N-term):7.26;P3:Dihydroxy:0.00;D7:Dehydration:14.02,PEAKS PTM
KGTGGAMGK(+14.02)ETR,15.82,1205.6187,12,3.2,603.8151,29.06,0,4,6653,EAM0041_S1F1K_PropTryp_1-B1_01_4551.d,0,0,,Methylation(KR),K9:Methylation(KR):0.00,PEAKS PTM
TQSIASVFR,15.82,1007.5400,9,-3.5,504.7726,36.16,4.929E4,4,9509,EAM0041_S1F1K_PropTryp_1-B1_01_4551.d,1,1,,,,PEAKS DB
IIEKFER,15.79,933.5283,7,2.7,467.7700,48.13,6.0881E4,4,14343,EAM0041_S1F1K_PropTryp_1-B1_01_4551.d,1,1,,,,PEAKS DB
DEMLLGR,15.79,832.4113,7,8.9,417.2142,19.60,0,4,3163,EAM0041_S1F1K_PropTryp_1-B1_01_4551.d,0,0,,,,PEAKS DB
IDKDQDGKITR,15.78,1287.6782,11,1.8,644.8438,57.72,0,4,18382,EAM0041_S1F1K_PropTryp_1-B1_01_4551.d,0,0,,,,PEAKS DB
YPVSLWR(+.98),15.77,920.4756,7,-5.8,461.2397,28.29,5.2665E4,4,6468,EAM0041_S1F1K_PropTryp_1-B1_01_4551.d,1,1,,Citrullination,R7:Citrullination:1000.00,PEAKS PTM
QS(+56.03)AQKIR,15.75,885.5032,7,-2.0,443.7554,21.94,8.5837E4,4,3980,EAM0041_S1F1K_PropTryp_1-B1_01_4551.d,1,1,,Propionate labeling reagent light,S2:Propionate labeling reagent light:7.65,PEAKS DB
V(+43.01)VALGPR,15.74,753.4497,7,0.5,377.7302,19.47,1.5072E5,4,3094,EAM0041_S1F1K_PropTryp_1-B1_01_4551.d,1,1,,Carbamylation,V1:Carbamylation:1000.00,PEAKS PTM
GKTGAKARAK(+114.04)AKT(+114.04)R,15.70,1670.9652,14,-4.4,418.7444,21.33,0,4,3798,EAM0041_S1F1K_PropTryp_1-B1_01_4551.d,0,0,XP_003446914.1,Ubiquitin,K10:Ubiquitin:6.29;T13:Ubiquitin:0.00,PEAKS PTM
S(+56.03)(+56.03)LINEAPAR,15.68,1081.5768,9,4.8,541.7952,19.58,5.8037E4,4,3174,EAM0041_S1F1K_PropTryp_1-B1_01_4551.d,1,1,,Propionate labeling reagent light,S1:Propionate labeling reagent light:1000.00;S1:Propionate labeling reagent light:1000.00,PEAKS DB
TLPASAEERDR,15.67,1243.6156,11,1.3,622.8123,39.06,5.7188E4,4,10544,EAM0041_S1F1K_PropTryp_1-B1_01_4551.d,1,1,,,,PEAKS DB
ISISTSGGSFR,15.67,1110.5669,11,1.1,556.2881,21.24,0,4,3764,EAM0041_S1F1K_PropTryp_1-B1_01_4551.d,0,0,,,,PEAKS DB
D(+43.01)AVTYTEHAK(+43.01)R,15.66,1375.6479,11,-4.5,688.8242,26.27,4.9638E4,4,5575,EAM0041_S1F1K_PropTryp_1-B1_01_4551.d,1,1,XP_025766521.1,Carbamylation,D1:Carbamylation:1000.00;K10:Carbamylation:1000.00,PEAKS PTM
QISKSMGEAR,15.65,1105.5549,10,4.3,553.7839,40.60,0,4,11224,EAM0041_S1F1K_PropTryp_1-B1_01_4551.d,0,0,,,,PEAKS DB
R(+56.03)SSQSVHGTQESSEAGGHHR,15.64,2188.9958,20,9.2,548.2581,40.39,0,4,11139,EAM0041_S1F1K_PropTryp_1-B1_01_4551.d,0,0,,Propionate labeling reagent light,R1:Propionate labeling reagent light:0.00,PEAKS DB
IAAEASR,15.61,716.3817,7,1.0,359.1964,25.06,2.1123E5,4,4988,EAM0041_S1F1K_PropTryp_1-B1_01_4551.d,1,1,XP_003451196.1:XP_019219600.2,,,PEAKS DB
QSS(+56.03)ITFQS(+56.03)GSR,15.58,1308.6310,11,-3.0,655.3170,38.07,1.5986E6,4,10808,EAM0041_S1F1K_PropTryp_1-B1_01_4551.d,1,1,,Propionate labeling reagent light,S3:Propionate labeling reagent light:6.59;S8:Propionate labeling reagent light:10.13,PEAKS DB
G(+56.03)SS(+56.03)DTVGGGQR,15.58,1131.5156,11,-0.8,566.7614,27.68,2.4381E5,4,6219,EAM0041_S1F1K_PropTryp_1-B1_01_4551.d,1,1,,Propionate labeling reagent light,G1:Propionate labeling reagent light:0.00;S3:Propionate labeling reagent light:23.10,PEAKS DB
NLKDAIQR,15.58,956.5403,8,-1.9,479.2737,31.58,8.7651E4,4,8106,EAM0041_S1F1K_PropTryp_1-B1_01_4551.d,1,1,,,,PEAKS DB
ILEQARQR,15.57,1012.5778,8,2.9,507.2947,28.70,8.6006E4,4,6466,EAM0041_S1F1K_PropTryp_1-B1_01_4551.d,1,1,,,,PEAKS DB
S(+56.03)LLNPC(+57.02)SYTGLGR,15.57,1492.7344,13,3.5,374.1900,29.17,0,4,6693,EAM0041_S1F1K_PropTryp_1-B1_01_4551.d,0,0,,Propionate labeling reagent light; Carbamidomethylation,S1:Propionate labeling reagent light:22.09;C6:Carbamidomethylation:1000.00,PEAKS DB
L(+57.02)VY(-18.01)ANEITTSLGKEVATAQER,15.56,2331.2070,21,-2.1,778.0702,69.92,8.832E4,4,23491,EAM0041_S1F1K_PropTryp_1-B1_01_4551.d,1,1,,Carbamidomethylation (DHKE  X@N-term); Dehydration,L1:Carbamidomethylation (DHKE  X@N-term):10.19;Y3:Dehydration:10.19,PEAKS PTM
GRRSRPSSR,15.53,1057.5853,9,-7.3,529.7930,33.29,5.3536E5,4,8254,EAM0041_S1F1K_PropTryp_1-B1_01_4551.d,1,1,,,,PEAKS DB
LLRK(+71.01)GNYAER,15.50,1289.6965,10,7.5,645.8567,53.72,0,4,16729,EAM0041_S1F1K_PropTryp_1-B1_01_4551.d,0,0,XP_003451211.1:XP_003448939.1:XP_003446914.1,Lactylation,K4:Lactylation:1000.00,PEAKS PTM
V(+43.01)TIM(+15.99)PK(+56.03)DIQLAR,15.50,1498.8177,12,-8.0,750.4058,59.03,1.9027E5,4,18880,EAM0041_S1F1K_PropTryp_1-B1_01_4551.d,1,1,XP_005463512.2,Carbamylation; Oxidation (M); Propionate labeling reagent light,V1:Carbamylation:56.99;M4:Oxidation (M):1000.00;K6:Propionate labeling reagent light:56.99,PEAKS PTM
SMVTAMDILDGKEGAR,15.49,1692.8175,16,0.3,565.2767,41.56,0,4,11615,EAM0041_S1F1K_PropTryp_1-B1_01_4551.d,0,0,,,,PEAKS DB
GDLVEGSDLGR,15.46,1116.5410,11,-3.3,559.2727,33.43,1.918E5,4,8272,EAM0041_S1F1K_PropTryp_1-B1_01_4551.d,1,1,,,,PEAKS DB
K(+42.01)TNLKGR,15.45,857.5083,7,-2.1,429.7581,18.76,7.1792E5,4,3211,EAM0041_S1F1K_PropTryp_1-B1_01_4551.d,1,1,,Acetylation (K),K1:Acetylation (K):9.85,PEAKS PTM
K(+28.03)SAPAT(+114.04)GGVK(+42.01)KPHR,15.45,1616.9110,14,-1.0,405.2323,17.16,0,4,2248,EAM0041_S1F1K_PropTryp_1-B1_01_4551.d,0,0,XP_005463512.2,Dimethylation(KR); Ubiquitin; Acetylation (K),K1:Dimethylation(KR):23.02;T6:Ubiquitin:8.81;K10:Acetylation (K):12.28,PEAKS PTM
STPGLLR,15.43,742.4337,7,-0.5,372.2218,20.27,2.3111E5,4,3373,EAM0041_S1F1K_PropTryp_1-B1_01_4551.d,1,1,,,,PEAKS DB
ELSIWEKPQMNGK(+56.03)R,15.43,1770.9087,14,-6.3,886.4509,40.66,0,4,11247,EAM0041_S1F1K_PropTryp_1-B1_01_4551.d,0,0,,Propionate labeling reagent light,K13:Propionate labeling reagent light:30.10,PEAKS DB
V(+56.03)NHIMDVR,15.43,1038.5281,8,4.6,520.2707,20.76,0,4,3586,EAM0041_S1F1K_PropTryp_1-B1_01_4551.d,0,0,,Propionate labeling reagent light,V1:Propionate labeling reagent light:1000.00,PEAKS DB
VTIMPK(+42.01)D(+57.02)IQLAR,15.38,1482.8228,12,-6.8,742.4094,46.84,7.1248E5,4,13820,EAM0041_S1F1K_PropTryp_1-B1_01_4551.d,1,1,XP_005463512.2,Acetylation (K); Carbamidomethylation (DHKE  X@N-term),K6:Acetylation (K):1000.00;D7:Carbamidomethylation (DHKE  X@N-term):29.67,PEAKS PTM
R(+43.01)GGVKRISGLIYEETR,15.38,1876.0278,16,7.3,626.3508,41.35,1.8268E5,4,11491,EAM0041_S1F1K_PropTryp_1-B1_01_4551.d,1,1,XP_025766521.1,Carbamylation,R1:Carbamylation:61.69,PEAKS PTM
DAVTYTEHAK(+156.12)R,15.37,1445.7515,11,-1.4,723.8778,51.49,5.9615E5,4,15734,EAM0041_S1F1K_PropTryp_1-B1_01_4551.d,1,1,XP_025766521.1,4-hydroxynonenal (HNE),K10:4-hydroxynonenal (HNE):0.00,PEAKS PTM
SVLEEAEAPGN(+15.99)R(+14.02),15.35,1300.6259,12,1.8,651.3176,22.72,7.6851E4,4,4993,EAM0041_S1F1K_PropTryp_1-B1_01_4551.d,1,1,,Oxidation or Hydroxylation; Methylation(KR),N11:Oxidation or Hydroxylation:9.40;R12:Methylation(KR):1000.00,PEAKS PTM
YFKGYGASTFLGYR,15.34,1628.7987,14,-0.3,815.4017,71.90,0,4,24369,EAM0041_S1F1K_PropTryp_1-B1_01_4551.d,0,0,,,,PEAKS DB
VAP(+31.99)PGLR(+14.02),15.34,754.4337,7,0.9,378.2223,33.19,7.2319E4,4,8193,EAM0041_S1F1K_PropTryp_1-B1_01_4551.d,1,1,,Dihydroxy; Methylation(KR),P3:Dihydroxy:0.00;R7:Methylation(KR):1000.00,PEAKS PTM
DEIMALR,15.33,846.4269,7,-5.0,424.2162,20.47,8.3243E4,4,4229,EAM0041_S1F1K_PropTryp_1-B1_01_4551.d,1,1,,,,PEAKS DB
NLDLDSIIDEVR,15.31,1400.7147,12,-0.4,701.3604,42.06,1.0351E5,4,11607,EAM0041_S1F1K_PropTryp_1-B1_01_4551.d,1,1,,,,PEAKS DB
KAGK(+57.02)NVRNPYR,15.30,1358.7531,11,1.9,680.3812,48.85,5.8207E4,4,14665,EAM0041_S1F1K_PropTryp_1-B1_01_4551.d,1,1,,Carbamidomethylation (DHKE  X@N-term),K4:Carbamidomethylation (DHKE  X@N-term):10.18,PEAKS PTM
EGAEK(+28.03)SEAAQR(+15.99),15.30,1218.5840,11,6.7,610.2999,44.45,0,4,12856,EAM0041_S1F1K_PropTryp_1-B1_01_4551.d,0,0,,Dimethylation(KR); Oxidation or Hydroxylation,K5:Dimethylation(KR):0.00;R11:Oxidation or Hydroxylation:0.00,PEAKS PTM
RLDNVRSDIS(+56.03)HYSLPR,15.27,1983.0286,16,-5.9,662.0091,71.04,0,4,24025,EAM0041_S1F1K_PropTryp_1-B1_01_4551.d,0,0,,Propionate labeling reagent light,S10:Propionate labeling reagent light:19.05,PEAKS DB
VAAAS(+56.03)TSDLR,15.26,1045.5404,10,-4.4,523.7722,23.29,2.5613E6,4,4348,EAM0041_S1F1K_PropTryp_1-B1_01_4551.d,1,1,,Propionate labeling reagent light,S5:Propionate labeling reagent light:0.00,PEAKS DB
AGSAQQASR,15.26,874.4257,9,5.2,438.2199,20.99,1.7346E5,4,3796,EAM0041_S1F1K_PropTryp_1-B1_01_4551.d,1,1,,,,PEAKS DB
SEQQSGR,15.25,790.3569,7,3.3,396.1848,28.09,2.0779E5,4,6168,EAM0041_S1F1K_PropTryp_1-B1_01_4551.d,1,1,,,,PEAKS DB
INVK(+56.03)QVR,15.25,911.5552,7,7.1,456.7855,41.78,0,4,11710,EAM0041_S1F1K_PropTryp_1-B1_01_4551.d,0,0,,Propionate labeling reagent light,K4:Propionate labeling reagent light:28.36,PEAKS DB
G(+56.03)VVRPK(+56.03)PGR,15.24,1076.6454,9,-0.5,359.8868,16.67,5.0591E3,4,2089,EAM0041_S1F1K_PropTryp_1-B1_01_4551.d,1,1,,Propionate labeling reagent light,G1:Propionate labeling reagent light:1000.00;K6:Propionate labeling reagent light:1000.00,PEAKS DB
GAIGSNTGVAR,15.24,1001.5254,11,0.4,501.7673,32.33,0,4,7926,EAM0041_S1F1K_PropTryp_1-B1_01_4551.d,0,0,,,,PEAKS DB
ATSSDGASHQR,15.24,1115.4956,11,-9.8,558.7464,41.65,2.1357E5,4,11643,EAM0041_S1F1K_PropTryp_1-B1_01_4551.d,1,1,,,,PEAKS DB
TLPASAEER,15.23,972.4876,9,-4.8,487.2459,35.68,4.107E4,4,9240,EAM0041_S1F1K_PropTryp_1-B1_01_4551.d,1,1,,,,PEAKS DB
H(+56.03)QRQLSEIASQR,15.21,1507.7855,12,-3.7,754.8929,58.44,1.4499E5,4,18636,EAM0041_S1F1K_PropTryp_1-B1_01_4551.d,1,1,,Propionate labeling reagent light,H1:Propionate labeling reagent light:0.00,PEAKS DB
EILKKGSKGDM,15.19,1204.6486,11,6.6,603.3321,41.89,3.102E5,4,11801,EAM0041_S1F1K_PropTryp_1-B1_01_4551.d,1,1,,,,PEAKS DB
QQEPPGPAQR,15.17,1106.5469,10,8.5,554.2822,29.11,3.0441E4,4,6842,EAM0041_S1F1K_PropTryp_1-B1_01_4551.d,1,1,,,,PEAKS DB
GSQTGTSIGGDARR,15.16,1361.6647,14,-0.1,681.8356,38.53,4.4693E4,4,10413,EAM0041_S1F1K_PropTryp_1-B1_01_4551.d,1,1,|#CONTAM#112382237|ref|NP_663780.2|:|#CONTAM#112382239|ref|NP_056101.5|,,,PEAKS DB
SKSPRETGGKR,15.09,1201.6527,11,-9.1,601.8247,28.60,1.8134E5,4,6611,EAM0041_S1F1K_PropTryp_1-B1_01_4551.d,1,1,,,,PEAKS DB
LGAKSP(+31.99)ADGK(+28.03)AALSR,15.09,1500.8259,15,4.2,751.4191,50.01,1.2058E5,4,15167,EAM0041_S1F1K_PropTryp_1-B1_01_4551.d,1,1,,Dihydroxy; Dimethylation(KR),P6:Dihydroxy:14.04;K10:Dimethylation(KR):13.97,PEAKS PTM
MSK(+56.03)ATKYQPSKR,15.08,1479.7867,12,-2.3,494.2655,35.01,0,4,8968,EAM0041_S1F1K_PropTryp_1-B1_01_4551.d,0,0,,Propionate labeling reagent light,K3:Propionate labeling reagent light:0.00,PEAKS DB
V(+56.03)SAGGSSFSSGSR,15.07,1240.5684,13,-2.0,621.2866,62.82,2.0344E5,4,20546,EAM0041_S1F1K_PropTryp_1-B1_01_4551.d,1,1,|#CONTAM#767993886|ref|XP_011522762.1|:|#CONTAM#1034598569|ref|XP_016879788.1|:|#CONTAM#578830527|ref|XP_006721802.1|:|#CONTAM#192807292|ref|NP_061889.2|,Propionate labeling reagent light,V1:Propionate labeling reagent light:0.00,PEAKS DB
ALALNRVAQPR,15.04,1207.7148,11,-8.7,403.5731,17.07,1.9557E4,4,2190,EAM0041_S1F1K_PropTryp_1-B1_01_4551.d,1,1,,,,PEAKS DB
REGLSHQRER,15.03,1266.6541,10,5.2,634.3339,40.72,1.0335E6,4,11214,EAM0041_S1F1K_PropTryp_1-B1_01_4551.d,1,1,,,,PEAKS DB
RAPLEEVRQR,15.03,1252.7000,10,-9.5,627.3477,20.44,1.5711E5,4,3624,EAM0041_S1F1K_PropTryp_1-B1_01_4551.d,1,1,,,,PEAKS DB
G(+56.03)SATAIGGIHDASR,15.02,1367.6793,14,8.3,684.8487,54.94,0,4,17222,EAM0041_S1F1K_PropTryp_1-B1_01_4551.d,0,0,,Propionate labeling reagent light,G1:Propionate labeling reagent light:0.00,PEAKS DB
G(+57.02)N(+.98)VAIIKRGDVQR(+28.03),15.01,1510.8579,13,1.5,756.4330,46.74,1.8487E4,4,13832,EAM0041_S1F1K_PropTryp_1-B1_01_4551.d,1,1,,Carbamidomethylation (DHKE  X@N-term); Deamidation (NQ); Dimethylation(KR),G1:Carbamidomethylation (DHKE  X@N-term):25.95;N2:Deamidation (NQ):33.05;R13:Dimethylation(KR):0.00,PEAKS PTM
NDEELNKLLGR,15.01,1299.6782,11,-0.9,650.8420,32.18,3.9824E4,4,8195,EAM0041_S1F1K_PropTryp_1-B1_01_4551.d,1,1,,,,PEAKS DB
