Peptide,-10lgP,Mass,Length,ppm,m/z,RT,Area Sample 6,Fraction,Scan,Source File,#Feature,#Feature Sample 6,Accession,PTM,AScore,Found By
I(+57.02)QTAVRLLLPGELAKHAVSE,122.71,2201.2532,20,2.0,734.7617,50.91,5.0174E5,6,14673,EAM0035_S1F3K_V8-AmBic_1-B1_01_4434.mzML,2,2,XP_003451196.1,Carbamidomethylation (DHKE  X@N-term),I1:Carbamidomethylation (DHKE  X@N-term):104.67,PEAKS PTM
IQTAVRLLLPGELAK(+57.02)HAVSE,110.84,2201.2532,20,2.2,734.7618,48.36,6.81E5,6,13961,EAM0035_S1F3K_V8-AmBic_1-B1_01_4434.mzML,4,4,XP_003451196.1,Carbamidomethylation (DHKE  X@N-term),K15:Carbamidomethylation (DHKE  X@N-term):24.44,PEAKS PTM
S(+42.01)EEAPAPAPAPAKAAKKKKTTASKPKKVGPSVGE,105.02,3397.8931,34,0.4,850.4831,16.79,1.4149E5,6,2907,EAM0035_S1F3K_V8-AmBic_1-B1_01_4434.mzML,1,1,XP_019209845.1:XP_019209840.1,Acetylation (Protein N-term),S1:Acetylation (Protein N-term):1000.00,PEAKS PTM
ASRLAHYN(+.98)KRSTITSRE,95.78,1990.0344,17,2.9,498.5186,16.89,0,6,2980,EAM0035_S1F3K_V8-AmBic_1-B1_01_4434.mzML,0,0,XP_003451196.1,Deamidation (NQ),N8:Deamidation (NQ):1000.00,PEAKS PTM
LNKLLGGVTIAQGGVLPNIQAVLLPKKTEKPVKAK,93.53,3635.2229,35,1.5,909.8167,54.17,3.4393E5,6,15768,EAM0035_S1F3K_V8-AmBic_1-B1_01_4434.mzML,1,1,XP_003451211.1,,,PEAKS DB
IQTAVRLLLPGELAKHAVSE,92.17,2144.2317,20,0.3,715.7532,48.85,6.6547E6,6,13949,EAM0035_S1F3K_V8-AmBic_1-B1_01_4434.mzML,3,3,XP_003451196.1,,,PEAKS DB
I(+43.01)QTAVRLLLPGELAKHAVSE,91.77,2187.2375,20,3.5,730.0909,68.71,1.6927E5,6,20677,EAM0035_S1F3K_V8-AmBic_1-B1_01_4434.mzML,1,1,XP_003451196.1,Carbamylation,I1:Carbamylation:146.08,PEAKS PTM
ASRLAHYNK(+57.02)RSTITSRE,90.76,2046.0719,17,1.5,512.5273,9.76,3.6137E5,6,1198,EAM0035_S1F3K_V8-AmBic_1-B1_01_4434.mzML,2,2,XP_003451196.1,Carbamidomethylation (DHKE  X@N-term),K9:Carbamidomethylation (DHKE  X@N-term):39.95,PEAKS PTM
ASRLAHYNKRSTITSRE,85.46,1989.0504,17,1.6,498.2720,9.76,1.5611E6,6,1201,EAM0035_S1F3K_V8-AmBic_1-B1_01_4434.mzML,3,3,XP_003451196.1,,,PEAKS DB
G(+43.01)TKAVTKYTSSK,85.33,1312.6986,12,2.5,438.5757,17.80,8.4556E5,6,3289,EAM0035_S1F3K_V8-AmBic_1-B1_01_4434.mzML,2,2,XP_003451196.1,Carbamylation,G1:Carbamylation:18.53,PEAKS PTM
S(+42.01)EEAPAPAPAPAKAAKKKK(+57.02)TTASKPKKVGPSVGE,84.96,3454.9146,34,0.4,864.7385,16.79,7.3732E4,6,2920,EAM0035_S1F3K_V8-AmBic_1-B1_01_4434.mzML,1,1,XP_019209845.1:XP_019209840.1,Acetylation (Protein N-term); Carbamidomethylation (DHKE  X@N-term),S1:Acetylation (Protein N-term):1000.00;K19:Carbamidomethylation (DHKE  X@N-term):0.00,PEAKS PTM
L(+57.02)IVKAVAASKE,84.49,1184.7128,11,0.9,593.3657,21.20,5.0317E5,6,4457,EAM0035_S1F3K_V8-AmBic_1-B1_01_4434.mzML,2,2,XP_019209845.1:XP_019209840.1:XP_013130399.2:XP_019210165.1:XP_019210164.1,Carbamidomethylation (DHKE  X@N-term),L1:Carbamidomethylation (DHKE  X@N-term):68.47,PEAKS PTM
LIVKAVAASK(+156.12)E,84.31,1283.8064,11,-8.9,428.9401,17.34,0,6,3163,EAM0035_S1F3K_V8-AmBic_1-B1_01_4434.mzML,0,0,XP_019209845.1:XP_019209840.1:XP_013130399.2:XP_019210165.1:XP_019210164.1,4-hydroxynonenal (HNE),K10:4-hydroxynonenal (HNE):112.31,PEAKS PTM
RKGVSLAALK(+57.02)KALAAGGYDVE,82.74,2173.2219,21,3.1,544.3159,45.58,2.0825E5,6,12859,EAM0035_S1F3K_V8-AmBic_1-B1_01_4434.mzML,2,2,XP_003459589.1,Carbamidomethylation (DHKE  X@N-term),K10:Carbamidomethylation (DHKE  X@N-term):14.02,PEAKS PTM
LIVKAVAASK(+57.02)E,79.58,1184.7128,11,0.6,593.3655,19.56,4.0433E5,6,3887,EAM0035_S1F3K_V8-AmBic_1-B1_01_4434.mzML,2,2,XP_019209845.1:XP_019209840.1:XP_013130399.2:XP_019210165.1:XP_019210164.1,Carbamidomethylation (DHKE  X@N-term),K10:Carbamidomethylation (DHKE  X@N-term):0.00,PEAKS PTM
IQTAVRLLLPGELAK(+43.01)HAVSE,79.37,2187.2375,20,1.1,730.0892,56.75,0,6,16694,EAM0035_S1F3K_V8-AmBic_1-B1_01_4434.mzML,0,0,XP_003451196.1,Carbamylation,K15:Carbamylation:60.74,PEAKS PTM
GTKAVTKYTSSK,78.96,1269.6929,12,2.4,424.2404,9.36,9.8509E4,6,1055,EAM0035_S1F3K_V8-AmBic_1-B1_01_4434.mzML,2,2,XP_003451196.1,,,PEAKS DB
SEEAPAPAPAPAKAAKKK(+57.02)TTASKPKKVGPSVGE,78.26,3284.8091,33,-0.5,822.2113,16.79,1.0939E5,6,2906,EAM0035_S1F3K_V8-AmBic_1-B1_01_4434.mzML,1,1,XP_013130399.2:XP_019210165.1:XP_019210164.1,Carbamidomethylation (DHKE  X@N-term),K18:Carbamidomethylation (DHKE  X@N-term):10.11,PEAKS PTM
S(+42.01)EEAPAPAPAPAK(+57.02)AAKKKTTASKPKKVGPSVGE,77.85,3326.8196,33,-0.4,832.7140,17.31,2.1349E5,6,3126,EAM0035_S1F3K_V8-AmBic_1-B1_01_4434.mzML,1,1,XP_013130399.2:XP_019210165.1:XP_019210164.1,Acetylation (Protein N-term); Carbamidomethylation (DHKE  X@N-term),S1:Acetylation (Protein N-term):1000.00;K13:Carbamidomethylation (DHKE  X@N-term):12.33,PEAKS PTM
SEEAPAPAPAPAKAAKKKTTASKPKKVGPSVGE,77.05,3227.7876,33,0.0,807.9563,16.79,1.9758E5,6,2931,EAM0035_S1F3K_V8-AmBic_1-B1_01_4434.mzML,1,1,XP_013130399.2:XP_019210165.1:XP_019210164.1,,,PEAKS DB
L(+43.01)IVKAVAASKE,75.43,1170.6971,11,-0.1,586.3573,46.65,0,6,13253,EAM0035_S1F3K_V8-AmBic_1-B1_01_4434.mzML,0,0,XP_019209845.1:XP_019209840.1:XP_013130399.2:XP_019210165.1:XP_019210164.1,Carbamylation,L1:Carbamylation:68.31,PEAKS PTM
LIVKAVAASKE,74.39,1127.6914,11,0.5,564.8547,19.52,3.9887E6,6,3896,EAM0035_S1F3K_V8-AmBic_1-B1_01_4434.mzML,2,2,XP_019209845.1:XP_019209840.1:XP_013130399.2:XP_019210165.1:XP_019210164.1,,,PEAKS DB
LNKLLGGVTIAQGGVLPNIQAVLLPKKTEKAK,73.95,3311.0068,32,1.7,828.7625,57.23,1.017E5,6,16829,EAM0035_S1F3K_V8-AmBic_1-B1_01_4434.mzML,1,1,XP_013121737.2:XP_003459572.1,,,PEAKS DB
I(+43.01)QTAVRLLLPGELAKH(+57.02)AVSE,72.40,2244.2590,20,4.3,749.0988,68.70,0,6,20689,EAM0035_S1F3K_V8-AmBic_1-B1_01_4434.mzML,0,0,XP_003451196.1,Carbamylation; Carbamidomethylation (DHKE  X@N-term),I1:Carbamylation:98.56;H16:Carbamidomethylation (DHKE  X@N-term):0.00,PEAKS PTM
LIVK(+57.02)AVAASKE,72.27,1184.7128,11,0.6,593.3655,19.56,1.8515E5,6,3932,EAM0035_S1F3K_V8-AmBic_1-B1_01_4434.mzML,1,1,XP_019209845.1:XP_019209840.1:XP_013130399.2:XP_019210165.1:XP_019210164.1,Carbamidomethylation (DHKE  X@N-term),K4:Carbamidomethylation (DHKE  X@N-term):48.75,PEAKS PTM
ASE(+57.02)AYLVGLFE,70.81,1254.6132,11,4.2,628.3181,69.26,2.5497E4,6,20938,EAM0035_S1F3K_V8-AmBic_1-B1_01_4434.mzML,1,1,XP_005463512.2,Carbamidomethylation (DHKE  X@N-term),E3:Carbamidomethylation (DHKE  X@N-term):0.00,PEAKS PTM
LLIRKLPFQRLVRE,69.58,1780.1199,14,1.2,446.0389,39.25,7.9692E6,6,10593,EAM0035_S1F3K_V8-AmBic_1-B1_01_4434.mzML,3,3,XP_005463512.2,,,PEAKS DB
L(+43.01)IVKAVAASK(+156.12)E,68.36,1326.8123,11,-6.8,443.2762,39.73,6.8303E4,6,10823,EAM0035_S1F3K_V8-AmBic_1-B1_01_4434.mzML,1,1,XP_019209845.1:XP_019209840.1:XP_013130399.2:XP_019210165.1:XP_019210164.1,Carbamylation; 4-hydroxynonenal (HNE),L1:Carbamylation:49.37;K10:4-hydroxynonenal (HNE):90.89,PEAKS PTM
IAQDFKTDLRFQSSAVM(+15.99)ALQE,67.81,2413.1948,21,0.1,805.4077,51.49,3.0944E5,6,14827,EAM0035_S1F3K_V8-AmBic_1-B1_01_4434.mzML,1,1,XP_005463512.2,Oxidation (M),M17:Oxidation (M):1000.00,PEAKS PTM
ASEAYLVGLFE,67.60,1197.5917,11,3.8,599.8069,69.23,1.5515E5,6,20916,EAM0035_S1F3K_V8-AmBic_1-B1_01_4434.mzML,1,1,XP_005463512.2,,,PEAKS DB
N(+57.02)VIRDAVTYTE,67.46,1336.6622,11,2.3,669.3417,43.03,2.615E5,6,12010,EAM0035_S1F3K_V8-AmBic_1-B1_01_4434.mzML,1,1,XP_025766521.1,Carbamidomethylation (DHKE  X@N-term),N1:Carbamidomethylation (DHKE  X@N-term):25.11,PEAKS PTM
G(+57.02)TKAVTKYTSSK,66.57,1326.7144,12,0.1,443.2466,9.54,2.6963E4,6,1131,EAM0035_S1F3K_V8-AmBic_1-B1_01_4434.mzML,1,1,XP_003451196.1,Carbamidomethylation (DHKE  X@N-term),G1:Carbamidomethylation (DHKE  X@N-term):8.22,PEAKS PTM
NVIRDAVTYTE,66.48,1279.6409,11,0.8,640.8299,37.83,2.3791E6,6,10146,EAM0035_S1F3K_V8-AmBic_1-B1_01_4434.mzML,1,1,XP_025766521.1,,,PEAKS DB
LIVKAVAASKE(+57.02),66.28,1184.7128,11,2.3,395.9135,19.56,2.1919E5,6,3897,EAM0035_S1F3K_V8-AmBic_1-B1_01_4434.mzML,1,1,XP_019209845.1:XP_019209840.1:XP_013130399.2:XP_019210165.1:XP_019210164.1,Carbamidomethylation (DHKE  X@N-term),E11:Carbamidomethylation (DHKE  X@N-term):0.00,PEAKS PTM
L(+57.02)LIRKLPFQRLVRE,65.71,1837.1414,14,3.2,460.2953,41.86,4.8574E5,6,11531,EAM0035_S1F3K_V8-AmBic_1-B1_01_4434.mzML,1,1,XP_005463512.2,Carbamidomethylation (DHKE  X@N-term),L1:Carbamidomethylation (DHKE  X@N-term):42.68,PEAKS PTM
L(+43.01)IVKAVKE,65.64,941.5909,8,2.7,471.8053,38.25,1.6545E5,6,10279,EAM0035_S1F3K_V8-AmBic_1-B1_01_4434.mzML,1,1,XP_003448795.2,Carbamylation,L1:Carbamylation:68.47,PEAKS PTM
L(+43.01)LIRKLPFQRLVRE,63.56,1823.1257,14,3.5,456.7915,54.30,6.9349E5,6,15746,EAM0035_S1F3K_V8-AmBic_1-B1_01_4434.mzML,1,1,XP_005463512.2,Carbamylation,L1:Carbamylation:48.12,PEAKS PTM
IQTAVRLLLPGE,62.65,1308.7765,12,1.3,655.3981,53.07,2.0045E5,6,15514,EAM0035_S1F3K_V8-AmBic_1-B1_01_4434.mzML,1,1,XP_003451196.1,,,PEAKS DB
YLTAEILE(+57.02),62.39,1007.5175,8,2.3,1008.5298,53.77,0,6,15676,EAM0035_S1F3K_V8-AmBic_1-B1_01_4434.mzML,0,0,XP_003451211.1:XP_013121737.2:XP_003459572.1:XP_003448939.1:XP_003451493.1:XP_005456204.1,Carbamidomethylation (DHKE  X@N-term),E8:Carbamidomethylation (DHKE  X@N-term):77.24,PEAKS PTM
SEEAPAPAPAPAKAAKKKKTTASKPKKVGPSVGE,61.38,3355.8826,34,-1.2,839.9791,16.44,5.1214E4,6,2782,EAM0035_S1F3K_V8-AmBic_1-B1_01_4434.mzML,1,1,XP_019209845.1:XP_019209840.1,,,PEAKS DB
RKGVSLAALKKALAAGGYDVE,61.34,2116.2004,21,3.1,530.0604,45.55,1.2304E6,6,12988,EAM0035_S1F3K_V8-AmBic_1-B1_01_4434.mzML,2,2,XP_003459589.1,,,PEAKS DB
R(+57.02)VGAGAPVYLAAVLE,60.78,1541.8566,15,-9.0,771.9306,59.40,1.1621E5,6,17706,EAM0035_S1F3K_V8-AmBic_1-B1_01_4434.mzML,1,1,XP_003451211.1:XP_013121737.2:XP_003459572.1:XP_003448939.1,Carbamidomethylation (DHKE  X@N-term),R1:Carbamidomethylation (DHKE  X@N-term):104.57,PEAKS PTM
VAPAAAPAPATE,60.63,1064.5502,12,3.1,533.2854,23.02,1.7289E5,6,5266,EAM0035_S1F3K_V8-AmBic_1-B1_01_4434.mzML,1,1,XP_003448795.2,,,PEAKS DB
SEEAPAPAPAPAKAAKKKKTTASK(+57.02)PKKVGPSVGE,60.36,3412.9041,34,-2.4,854.2335,16.45,0,6,2786,EAM0035_S1F3K_V8-AmBic_1-B1_01_4434.mzML,0,0,XP_019209845.1:XP_019209840.1,Carbamidomethylation (DHKE  X@N-term),K24:Carbamidomethylation (DHKE  X@N-term):0.00,PEAKS PTM
LIVK(+43.01)AVAASKE,59.10,1170.6971,11,-0.2,586.3572,30.76,9.9942E4,6,7694,EAM0035_S1F3K_V8-AmBic_1-B1_01_4434.mzML,1,1,XP_019209845.1:XP_019209840.1:XP_013130399.2:XP_019210165.1:XP_019210164.1,Carbamylation,K4:Carbamylation:17.45,PEAKS PTM
IQ(+.98)T(+114.04)AVR(+14.02)LLLPGELAKHAVSE,58.79,2273.2742,20,1.6,758.7685,53.62,4.997E5,6,15617,EAM0035_S1F3K_V8-AmBic_1-B1_01_4434.mzML,2,2,XP_003451196.1,Deamidation (NQ); Ubiquitin; Methylation(KR),Q2:Deamidation (NQ):1000.00;T3:Ubiquitin:85.25;R6:Methylation(KR):96.85,PEAKS PTM
N(+43.01)VIRDAVTYTE,58.62,1322.6466,11,4.2,662.3351,54.30,1.6035E5,6,15828,EAM0035_S1F3K_V8-AmBic_1-B1_01_4434.mzML,1,1,XP_025766521.1,Carbamylation,N1:Carbamylation:1000.00,PEAKS PTM
I(+43.01)QTAVRLLLPGE,56.30,1351.7823,12,1.5,676.9012,69.82,7.8118E3,6,21132,EAM0035_S1F3K_V8-AmBic_1-B1_01_4434.mzML,1,1,XP_003451196.1,Carbamylation,I1:Carbamylation:1000.00,PEAKS PTM
L(+43.01)IVK(+57.02)AVAASKE,56.21,1227.7186,11,-0.3,614.8680,46.55,8.3468E4,6,13217,EAM0035_S1F3K_V8-AmBic_1-B1_01_4434.mzML,1,1,XP_019209845.1:XP_019209840.1:XP_013130399.2:XP_019210165.1:XP_019210164.1,Carbamylation; Carbamidomethylation (DHKE  X@N-term),L1:Carbamylation:77.24;K4:Carbamidomethylation (DHKE  X@N-term):24.05,PEAKS PTM
LIVKAVKE,54.24,898.5851,8,1.4,450.3016,18.39,4.711E5,6,3518,EAM0035_S1F3K_V8-AmBic_1-B1_01_4434.mzML,1,1,XP_003448795.2,,,PEAKS DB
LDSLIKATIAGGGVIPHIHKSLIGKKGQQKTV,53.51,3306.9502,32,1.4,827.7481,39.39,1.3288E5,6,10742,EAM0035_S1F3K_V8-AmBic_1-B1_01_4434.mzML,1,1,XP_003458968.1:XP_005464230.1,,,PEAKS DB
TRGVLKVFLE,50.15,1160.6917,10,3.4,387.9068,40.83,8.6757E5,6,11168,EAM0035_S1F3K_V8-AmBic_1-B1_01_4434.mzML,2,2,XP_025766521.1,,,PEAKS DB
T(+57.02)RGVLKVFLE,49.66,1217.7131,10,2.6,609.8670,43.53,4.5053E4,6,12148,EAM0035_S1F3K_V8-AmBic_1-B1_01_4434.mzML,2,2,XP_025766521.1,Carbamidomethylation (DHKE  X@N-term),T1:Carbamidomethylation (DHKE  X@N-term):39.44,PEAKS PTM
IAQDFKTDLRFQSSAVM(+15.99)ALQEASE,49.23,2700.3064,24,2.0,901.1135,57.40,1.7157E5,6,16842,EAM0035_S1F3K_V8-AmBic_1-B1_01_4434.mzML,1,1,XP_005463512.2,Oxidation (M),M17:Oxidation (M):1000.00,PEAKS PTM
LNKLLGGVTIAQGGVLPNIQAVLLPKKTEKPTKSK,49.23,3653.1970,35,1.2,914.3100,54.27,1.0967E5,6,15785,EAM0035_S1F3K_V8-AmBic_1-B1_01_4434.mzML,1,1,XP_003448939.1,,,PEAKS DB
LAGNAARDNKKTRIIPRHLQLAVRNDEE,47.58,3197.7493,28,-0.3,800.4464,22.30,9.3916E5,6,4817,EAM0035_S1F3K_V8-AmBic_1-B1_01_4434.mzML,1,1,XP_003451211.1:XP_013121737.2:XP_003459572.1:XP_003448939.1,,,PEAKS DB
NVIRDAVTYTE(+57.02),47.19,1336.6622,11,-1.0,669.3395,37.85,0,6,10199,EAM0035_S1F3K_V8-AmBic_1-B1_01_4434.mzML,0,0,XP_025766521.1,Carbamidomethylation (DHKE  X@N-term),E11:Carbamidomethylation (DHKE  X@N-term):79.01,PEAKS PTM
LLIRK(+57.02)LPFQRLVRE,46.29,1837.1414,14,1.2,460.2944,39.25,4.2377E5,6,10646,EAM0035_S1F3K_V8-AmBic_1-B1_01_4434.mzML,1,1,XP_005463512.2,Carbamidomethylation (DHKE  X@N-term),K5:Carbamidomethylation (DHKE  X@N-term):35.99,PEAKS PTM
IAQDFKTDLRFQSSAVMALQE,46.09,2397.1997,21,0.7,800.0765,70.29,1.4347E6,6,21218,EAM0035_S1F3K_V8-AmBic_1-B1_01_4434.mzML,2,2,XP_005463512.2,,,PEAKS DB
GTKAVTKYTSSK(-.98),45.39,1268.7089,12,7.1,635.3679,9.25,0,6,1037,EAM0035_S1F3K_V8-AmBic_1-B1_01_4434.mzML,0,0,XP_003451196.1,Amidation,K12:Amidation:1000.00,PEAKS PTM
TRGVLK(+57.02)VFLE,45.39,1217.7131,10,2.0,406.9135,40.96,2.3374E4,6,11270,EAM0035_S1F3K_V8-AmBic_1-B1_01_4434.mzML,1,1,XP_025766521.1,Carbamidomethylation (DHKE  X@N-term),K6:Carbamidomethylation (DHKE  X@N-term):23.70,PEAKS PTM
T(+43.01)RGVLKVFLE,45.38,1203.6975,10,3.5,602.8597,56.55,9.4159E4,6,16602,EAM0035_S1F3K_V8-AmBic_1-B1_01_4434.mzML,1,1,XP_025766521.1,Carbamylation,T1:Carbamylation:30.64,PEAKS PTM
GTKAVTK(+43.01)YTSSK,44.85,1312.6986,12,2.3,438.5756,17.10,1.259E5,6,2944,EAM0035_S1F3K_V8-AmBic_1-B1_01_4434.mzML,1,1,XP_003451196.1,Carbamylation,K7:Carbamylation:17.08,PEAKS PTM
IQ(+.98)TAVRLLLPGELAKH(+57.02)AVSE,43.21,2202.2371,20,9.2,551.5731,47.68,0,6,13594,EAM0035_S1F3K_V8-AmBic_1-B1_01_4434.mzML,0,0,XP_003451196.1,Deamidation (NQ); Carbamidomethylation (DHKE  X@N-term),Q2:Deamidation (NQ):1000.00;H16:Carbamidomethylation (DHKE  X@N-term):6.65,PEAKS PTM
GTKAVTKYTSSK(+57.02),43.06,1326.7144,12,8.0,664.3715,9.34,0,6,1063,EAM0035_S1F3K_V8-AmBic_1-B1_01_4434.mzML,0,0,XP_003451196.1,Carbamidomethylation (DHKE  X@N-term),K12:Carbamidomethylation (DHKE  X@N-term):0.00,PEAKS PTM
YLTAEILE,42.55,950.4960,8,0.7,951.5064,55.76,7.7125E4,6,16363,EAM0035_S1F3K_V8-AmBic_1-B1_01_4434.mzML,1,1,XP_003451211.1:XP_013121737.2:XP_003459572.1:XP_003448939.1:XP_003451493.1:XP_005456204.1,,,PEAKS DB
G(+43.01)TKAVTK(+57.02)YTSSK,42.37,1369.7201,12,1.1,685.8699,16.72,9.373E4,6,3334,EAM0035_S1F3K_V8-AmBic_1-B1_01_4434.mzML,1,1,XP_003451196.1,Carbamylation; Carbamidomethylation (DHKE  X@N-term),G1:Carbamylation:26.31;K7:Carbamidomethylation (DHKE  X@N-term):12.35,PEAKS PTM
LIVK(+57.02)AVKE,41.71,955.6066,8,-8.8,478.8076,18.46,1.276E5,6,3532,EAM0035_S1F3K_V8-AmBic_1-B1_01_4434.mzML,1,1,XP_003448795.2,Carbamidomethylation (DHKE  X@N-term),K4:Carbamidomethylation (DHKE  X@N-term):0.00,PEAKS PTM
L(+43.01)AKHAVSE,40.81,896.4716,8,0.9,449.2446,20.27,7.2095E4,6,4123,EAM0035_S1F3K_V8-AmBic_1-B1_01_4434.mzML,1,1,XP_003451196.1,Carbamylation,L1:Carbamylation:11.10,PEAKS PTM
LIVKAVAASK(+43.01)E,40.68,1170.6971,11,-2.2,586.3561,29.03,8.5148E4,6,7181,EAM0035_S1F3K_V8-AmBic_1-B1_01_4434.mzML,1,1,XP_019209845.1:XP_019209840.1:XP_013130399.2:XP_019210165.1:XP_019210164.1,Carbamylation,K10:Carbamylation:41.57,PEAKS PTM
LLIRK(+114.04)LPFQRLVRE,40.55,1894.1628,14,3.7,474.5510,41.98,9.6851E4,6,11624,EAM0035_S1F3K_V8-AmBic_1-B1_01_4434.mzML,1,1,XP_005463512.2,Ubiquitin,K5:Ubiquitin:1000.00,PEAKS PTM
SIGIYVQE,39.65,907.4651,8,-0.2,908.4745,55.04,3.3965E5,6,16021,EAM0035_S1F3K_V8-AmBic_1-B1_01_4434.mzML,2,2,XP_003451493.1:XP_005456204.1,,,PEAKS DB
LLIRK(+43.01)LPFQRLVRE,37.88,1823.1257,14,3.3,456.7914,49.46,1.2814E5,6,14109,EAM0035_S1F3K_V8-AmBic_1-B1_01_4434.mzML,1,1,XP_005463512.2,Carbamylation,K5:Carbamylation:19.86,PEAKS PTM
VIGIHWGGVPNEFNGAVFINE,37.42,2268.1328,21,7.3,757.0590,68.63,8.589E4,6,20656,EAM0035_S1F3K_V8-AmBic_1-B1_01_4434.mzML,1,1,|#CONTAM#88194745|ref|YP_499541.1|,,,PEAKS DB
AYLVGLFE,35.97,910.4800,8,-1.2,911.4885,65.83,1.121E6,6,19900,EAM0035_S1F3K_V8-AmBic_1-B1_01_4434.mzML,1,1,XP_005463512.2,,,PEAKS DB
AY(+15.99)LVGLFE,35.97,926.4749,8,4.8,464.2482,32.75,0,6,8449,EAM0035_S1F3K_V8-AmBic_1-B1_01_4434.mzML,0,0,XP_005463512.2,Oxidation or Hydroxylation,Y2:Oxidation or Hydroxylation:1000.00,PEAKS PTM
AK(+42.01)KAAKPAPKAS(-18.01)AAKKE,35.74,1718.0201,17,3.7,430.5150,36.37,1.4661E6,6,9521,EAM0035_S1F3K_V8-AmBic_1-B1_01_4434.mzML,1,1,,Acetylation (K); Dehydration,K2:Acetylation (K):30.46;S12:Dehydration:1000.00,PEAKS PTM
E(+57.02)TP(+31.99)APAPAPAKAAKKKKTTASKPKKVGPSVGE,34.74,3258.8298,32,-10.0,815.7087,16.92,0,6,2991,EAM0035_S1F3K_V8-AmBic_1-B1_01_4434.mzML,0,0,,Carbamidomethylation (DHKE  X@N-term); Dihydroxy,E1:Carbamidomethylation (DHKE  X@N-term):38.29;P3:Dihydroxy:26.31,PEAKS PTM
LIVKAVK(+43.01)E,34.50,941.5909,8,2.0,471.8049,27.59,3.2232E4,6,6361,EAM0035_S1F3K_V8-AmBic_1-B1_01_4434.mzML,1,1,XP_003448795.2,Carbamylation,K7:Carbamylation:10.22,PEAKS PTM
VEKSAGLGK(+156.12)D(+15.99)GTREGLVSE,33.69,2103.1060,19,7.8,702.0499,46.81,2.0952E5,6,13264,EAM0035_S1F3K_V8-AmBic_1-B1_01_4434.mzML,1,1,,4-hydroxynonenal (HNE); Oxidation or Hydroxylation,K9:4-hydroxynonenal (HNE):5.14;D10:Oxidation or Hydroxylation:9.42,PEAKS PTM
G(+43.01)TKAVTKYTSSK(+57.02),33.58,1369.7201,12,1.1,685.8699,16.72,3.3575E5,6,2911,EAM0035_S1F3K_V8-AmBic_1-B1_01_4434.mzML,2,2,XP_003451196.1,Carbamylation; Carbamidomethylation (DHKE  X@N-term),G1:Carbamylation:27.42;K12:Carbamidomethylation (DHKE  X@N-term):23.70,PEAKS PTM
IRRYQK(+14.02)STE,33.12,1193.6516,9,0.3,597.8348,17.41,1.2033E5,6,3178,EAM0035_S1F3K_V8-AmBic_1-B1_01_4434.mzML,1,1,XP_005463512.2,Methylation(KR),K6:Methylation(KR):56.34,PEAKS PTM
DKGLAIE,32.56,744.4017,7,0.0,745.4109,42.25,0,6,11739,EAM0035_S1F3K_V8-AmBic_1-B1_01_4434.mzML,0,0,,,,PEAKS DB
I(+43.01)RRYQKSTE,32.39,1222.6418,9,2.0,408.5564,17.14,2.8969E5,6,3055,EAM0035_S1F3K_V8-AmBic_1-B1_01_4434.mzML,1,1,XP_005463512.2,Carbamylation,I1:Carbamylation:10.53,PEAKS PTM
S(+42.01)EEAPAPAPAPAK(+114.04)AAKKKTTASKPKKVGPSVGE,31.74,3383.8411,33,-1.6,846.9684,17.27,7.0662E4,6,3129,EAM0035_S1F3K_V8-AmBic_1-B1_01_4434.mzML,1,1,XP_013130399.2:XP_019210165.1:XP_019210164.1,Acetylation (Protein N-term); Ubiquitin,S1:Acetylation (Protein N-term):1000.00;K13:Ubiquitin:3.64,PEAKS PTM
AEVAPAPAAAPAKPAKKKASKPKKTGPSVSDQILKVVTASKE,31.49,4194.4102,42,-2.6,1049.6099,28.27,7.0857E4,6,6841,EAM0035_S1F3K_V8-AmBic_1-B1_01_4434.mzML,1,1,XP_003459589.1,,,PEAKS DB
VAPAPAAAPAKPAKKKASKPKKTGPSVSDQILKVVTASKE,31.33,3994.3306,40,0.7,999.5932,27.01,9.5219E4,6,6534,EAM0035_S1F3K_V8-AmBic_1-B1_01_4434.mzML,1,1,XP_003459589.1,,,PEAKS DB
ETRGVLKVFLE,30.75,1289.7343,11,3.5,430.9213,45.58,1.2013E5,6,12838,EAM0035_S1F3K_V8-AmBic_1-B1_01_4434.mzML,1,1,XP_025766521.1,,,PEAKS DB
APAAKAK(+57.02)AVAE(+57.02),30.19,1139.6298,11,6.0,570.8271,33.15,0,6,8585,EAM0035_S1F3K_V8-AmBic_1-B1_01_4434.mzML,0,0,,Carbamidomethylation (DHKE  X@N-term),K7:Carbamidomethylation (DHKE  X@N-term):9.45;E11:Carbamidomethylation (DHKE  X@N-term):9.63,PEAKS PTM
A(+43.01)SRLAHYNKRSTITSRE,30.10,2032.0562,17,1.2,509.0233,18.39,1.9075E5,6,3494,EAM0035_S1F3K_V8-AmBic_1-B1_01_4434.mzML,1,1,XP_003451196.1,Carbamylation,A1:Carbamylation:47.82,PEAKS PTM
ITTSLGKE,29.23,847.4651,8,-6.7,424.7381,35.92,0,6,9537,EAM0035_S1F3K_V8-AmBic_1-B1_01_4434.mzML,0,0,,,,PEAKS DB
IQTAVRLLLPGELAK(+114.04)HAVSE,29.11,2258.2747,20,2.6,565.5789,49.95,3.4801E4,6,14368,EAM0035_S1F3K_V8-AmBic_1-B1_01_4434.mzML,1,1,XP_003451196.1,Ubiquitin,K15:Ubiquitin:11.12,PEAKS PTM
YLTAEVLE,28.57,936.4804,8,0.0,937.4901,48.74,1.4053E6,6,14301,EAM0035_S1F3K_V8-AmBic_1-B1_01_4434.mzML,1,1,XP_003458968.1:XP_005464230.1,,,PEAKS DB
YSKQTRLSPDE,28.48,1322.6466,11,9.6,662.3386,21.79,8.7041E5,6,4841,EAM0035_S1F3K_V8-AmBic_1-B1_01_4434.mzML,1,1,,,,PEAKS DB
ALGAK(+14.02)SLLLSQTHTSSMLFVTLFLD(+57.02)PAPLIE,28.16,3383.8413,31,9.0,846.9774,66.88,0,6,20063,EAM0035_S1F3K_V8-AmBic_1-B1_01_4434.mzML,0,0,,Methylation(KR); Carbamidomethylation (DHKE  X@N-term),K5:Methylation(KR):1000.00;D25:Carbamidomethylation (DHKE  X@N-term):9.45,PEAKS PTM
QIKALNNKFASFIDKVRFLE,27.24,2380.3267,20,1.8,596.0916,35.81,0,6,9499,EAM0035_S1F3K_V8-AmBic_1-B1_01_4434.mzML,0,0,,,,PEAKS DB
R(+28.03)VGAGAPVY(-18.01)LAAVLE,27.20,1494.8558,15,-9.4,499.2892,28.83,1.6998E4,6,7004,EAM0035_S1F3K_V8-AmBic_1-B1_01_4434.mzML,1,1,XP_003451211.1:XP_013121737.2:XP_003459572.1:XP_003448939.1,Dimethylation(KR); Dehydration,R1:Dimethylation(KR):1000.00;Y9:Dehydration:1000.00,PEAKS PTM
QSAAMKAATP(+31.99)HAKKE,27.16,1599.8038,15,-2.4,400.9583,34.35,1.5752E6,6,8972,EAM0035_S1F3K_V8-AmBic_1-B1_01_4434.mzML,4,4,,Dihydroxy,P10:Dihydroxy:12.33,PEAKS PTM
GTK(+43.01)AVTKYTSSK(+43.01),27.15,1355.7045,12,1.8,678.8625,23.36,6.1079E4,6,5383,EAM0035_S1F3K_V8-AmBic_1-B1_01_4434.mzML,1,1,XP_003451196.1,Carbamylation,K3:Carbamylation:0.00;K12:Carbamylation:17.25,PEAKS PTM
RK(+57.02)GVSLAALKKALAAGGYDVE,26.89,2173.2219,21,3.1,544.3159,45.58,1.7659E5,6,13161,EAM0035_S1F3K_V8-AmBic_1-B1_01_4434.mzML,1,1,XP_003459589.1,Carbamidomethylation (DHKE  X@N-term),K2:Carbamidomethylation (DHKE  X@N-term):0.00,PEAKS PTM
RGPKK(+31.99)LE,26.25,858.4922,7,-4.0,859.4984,27.43,0,6,6579,EAM0035_S1F3K_V8-AmBic_1-B1_01_4434.mzML,0,0,,Dihydroxy,K5:Dihydroxy:0.00,PEAKS PTM
AY(-18.01)LVGLFE,25.59,892.4694,8,-4.1,447.2413,29.85,0,6,7419,EAM0035_S1F3K_V8-AmBic_1-B1_01_4434.mzML,0,0,XP_005463512.2,Dehydration,Y2:Dehydration:1000.00,PEAKS PTM
V(+43.01)APAAAPAPATE,25.54,1107.5560,12,1.6,554.7876,39.37,0,6,10736,EAM0035_S1F3K_V8-AmBic_1-B1_01_4434.mzML,0,0,XP_003448795.2,Carbamylation,V1:Carbamylation:1000.00,PEAKS PTM
L(+43.01)NQLLK(+71.01)GVTIAAGGVLPNIHPE,25.42,2367.3035,22,-1.4,790.1094,68.96,2.3383E4,6,20811,EAM0035_S1F3K_V8-AmBic_1-B1_01_4434.mzML,1,1,XP_003451493.1:XP_005456204.1,Carbamylation; Lactylation,L1:Carbamylation:1000.00;K6:Lactylation:1000.00,PEAKS PTM
ASRLAQY(-18.01)NKRSTITSRE(-.98),25.31,1961.0554,17,-4.8,491.2701,31.27,1.4503E5,6,8064,EAM0035_S1F3K_V8-AmBic_1-B1_01_4434.mzML,1,1,,Dehydration; Amidation,Y7:Dehydration:10.65;E17:Amidation:1000.00,PEAKS PTM
SLCLLPE,24.80,773.3993,7,-2.5,774.4067,43.23,1.1217E5,6,13515,EAM0035_S1F3K_V8-AmBic_1-B1_01_4434.mzML,1,1,,,,PEAKS DB
RVGAGAPVY(+79.97)LAAVLEYLT(-18.01)AE,24.72,2124.0657,20,5.7,709.0350,25.75,2.4082E4,6,6004,EAM0035_S1F3K_V8-AmBic_1-B1_01_4434.mzML,1,1,XP_003451211.1:XP_013121737.2:XP_003459572.1:XP_003448939.1,Phosphorylation (STY); Dehydration,Y9:Phosphorylation (STY):23.70;T18:Dehydration:7.32,PEAKS PTM
GVINPTN(+.98)AELE,24.60,1156.5612,11,-9.8,579.2837,45.54,0,6,12868,EAM0035_S1F3K_V8-AmBic_1-B1_01_4434.mzML,0,0,XP_003451493.1,Deamidation (NQ),N7:Deamidation (NQ):0.00,PEAKS PTM
TNDASK(+42.01)KKGKSSTE,24.42,1521.7634,14,3.6,761.8937,50.07,1.4831E5,6,14343,EAM0035_S1F3K_V8-AmBic_1-B1_01_4434.mzML,1,1,,Acetylation (K),K6:Acetylation (K):17.01,PEAKS PTM
L(+57.02)IVKAVAASK(+156.12)E,24.14,1340.8279,11,-8.6,447.9472,18.39,2.1419E4,6,3544,EAM0035_S1F3K_V8-AmBic_1-B1_01_4434.mzML,1,1,XP_019209845.1:XP_019209840.1:XP_013130399.2:XP_019210165.1:XP_019210164.1,Carbamidomethylation (DHKE  X@N-term); 4-hydroxynonenal (HNE),L1:Carbamidomethylation (DHKE  X@N-term):28.73;K10:4-hydroxynonenal (HNE):54.91,PEAKS PTM
LNSDNCQYYTKE,23.90,1476.6191,12,-5.6,739.3146,50.57,7.5459E4,6,14475,EAM0035_S1F3K_V8-AmBic_1-B1_01_4434.mzML,1,1,,,,PEAKS DB
ITT(-18.01)SLGKEVAT(+114.04)AQE,23.53,1542.7889,14,-9.2,515.2668,34.46,4.6214E6,6,9511,EAM0035_S1F3K_V8-AmBic_1-B1_01_4434.mzML,1,1,,Dehydration; Ubiquitin,T3:Dehydration:0.00;T11:Ubiquitin:12.36,PEAKS PTM
IAQDFKTDLRFQSSAVMALQEASE,23.35,2684.3115,24,2.1,895.7820,58.92,0,6,17427,EAM0035_S1F3K_V8-AmBic_1-B1_01_4434.mzML,0,0,XP_005463512.2,,,PEAKS DB
GLPKGGK(+71.01)T(-18.01)LE,23.34,1051.5787,10,8.7,1052.5979,56.78,0,6,16702,EAM0035_S1F3K_V8-AmBic_1-B1_01_4434.mzML,0,0,,Lactylation; Dehydration,K7:Lactylation:22.45;T8:Dehydration:1000.00,PEAKS PTM
EVAEKPIKSE,23.10,1128.6025,10,-1.3,565.3093,28.03,1.2499E5,6,6595,EAM0035_S1F3K_V8-AmBic_1-B1_01_4434.mzML,1,1,,,,PEAKS DB
L(+226.08)AKH(+57.02)AVSE,22.77,1136.5648,8,0.1,569.2912,35.61,1.7029E5,6,9524,EAM0035_S1F3K_V8-AmBic_1-B1_01_4434.mzML,1,1,XP_003451196.1,Biotinylation; Carbamidomethylation (DHKE  X@N-term),L1:Biotinylation:5.47;H4:Carbamidomethylation (DHKE  X@N-term):14.19,PEAKS PTM
GTKAVTK(+14.02)Y(+31.99)TSSK,22.77,1315.6984,12,9.5,439.5787,17.79,0,6,3335,EAM0035_S1F3K_V8-AmBic_1-B1_01_4434.mzML,0,0,XP_003451196.1,Methylation(KR); Dihydroxy,K7:Methylation(KR):22.37;Y8:Dihydroxy:15.43,PEAKS PTM
VQGQEVQVATREAE,22.46,1542.7638,14,7.1,515.2668,34.46,4.6214E6,6,9697,EAM0035_S1F3K_V8-AmBic_1-B1_01_4434.mzML,1,1,,,,PEAKS DB
I(+57.02)QT(+79.97)AVRLLLPGE,22.32,1445.7643,12,6.1,482.9329,23.12,0,6,5163,EAM0035_S1F3K_V8-AmBic_1-B1_01_4434.mzML,0,0,XP_003451196.1,Carbamidomethylation (DHKE  X@N-term); Phosphorylation (STY),I1:Carbamidomethylation (DHKE  X@N-term):28.17;T3:Phosphorylation (STY):1000.00,PEAKS PTM
G(+43.01)T(-18.01)KAVTKYTSSK,21.91,1294.6881,12,-7.3,648.3483,31.06,1.0011E5,6,7804,EAM0035_S1F3K_V8-AmBic_1-B1_01_4434.mzML,1,1,XP_003451196.1,Carbamylation; Dehydration,G1:Carbamylation:0.00;T2:Dehydration:11.12,PEAKS PTM
VKALIAE,21.85,742.4589,7,0.6,372.2379,24.18,5.3666E5,6,5761,EAM0035_S1F3K_V8-AmBic_1-B1_01_4434.mzML,1,1,,,,PEAKS DB
RIGEGQTRLKADNKVRRRLVIPEEPE,21.84,3058.7112,26,4.9,765.6908,27.86,1.4139E5,6,6836,EAM0035_S1F3K_V8-AmBic_1-B1_01_4434.mzML,1,1,,,,PEAKS DB
QSAAMK(+43.01)AATPHAKKE,21.68,1610.8198,15,-8.1,806.4128,63.29,0,6,18880,EAM0035_S1F3K_V8-AmBic_1-B1_01_4434.mzML,0,0,,Carbamylation,K6:Carbamylation:4.37,PEAKS PTM
LAENGKAAKRS(+79.97)K(+28.03)KQE,21.67,1764.9247,15,4.4,589.3196,26.40,0,6,6233,EAM0035_S1F3K_V8-AmBic_1-B1_01_4434.mzML,0,0,,Phosphorylation (STY); Dimethylation(KR),S11:Phosphorylation (STY):1000.00;K12:Dimethylation(KR):0.00,PEAKS PTM
LALKDARAKLVDLEE,21.32,1682.9567,15,-8.2,421.7441,36.12,6.416E5,6,9752,EAM0035_S1F3K_V8-AmBic_1-B1_01_4434.mzML,1,1,,,,PEAKS DB
KDGNLRIDTE,20.87,1159.5833,10,-4.2,580.7980,36.15,9.5289E5,6,9935,EAM0035_S1F3K_V8-AmBic_1-B1_01_4434.mzML,1,1,,,,PEAKS DB
VGSALEK(+72.02)KGGKE(+57.02),20.63,1330.7092,12,5.0,444.5804,30.48,5.3277E4,6,7638,EAM0035_S1F3K_V8-AmBic_1-B1_01_4434.mzML,1,1,XP_005456204.1,Carboxyethyl; Carbamidomethylation (DHKE  X@N-term),K7:Carboxyethyl:40.00;E12:Carbamidomethylation (DHKE  X@N-term):0.00,PEAKS PTM
TKQARDLLSEQQQRIIE,20.59,2055.1072,17,7.7,514.7894,49.03,5.3206E4,6,13993,EAM0035_S1F3K_V8-AmBic_1-B1_01_4434.mzML,1,1,,,,PEAKS DB
QAKLDTQSVQHGPTE,20.31,1637.8009,15,9.1,546.9473,25.14,0,6,5830,EAM0035_S1F3K_V8-AmBic_1-B1_01_4434.mzML,0,0,,,,PEAKS DB
WGKLIIAMLE,20.19,1172.6627,10,-2.5,587.3387,17.23,0,6,3119,EAM0035_S1F3K_V8-AmBic_1-B1_01_4434.mzML,0,0,,,,PEAKS DB
AY(-18.01)LVGLF(+31.99)E,20.09,924.4592,8,6.9,925.4753,68.67,4.6643E5,6,19747,EAM0035_S1F3K_V8-AmBic_1-B1_01_4434.mzML,1,1,XP_005463512.2,Dehydration; Dihydroxy,Y2:Dehydration:1000.00;F7:Dihydroxy:1000.00,PEAKS PTM
LAENGKAAKRSKKQE,20.01,1656.9270,15,-3.0,553.3160,54.22,0,6,15833,EAM0035_S1F3K_V8-AmBic_1-B1_01_4434.mzML,0,0,,,,PEAKS DB
KLADHQLRNRQQKLSNRAQE,19.91,2432.3108,20,-5.1,609.0834,29.54,0,6,7311,EAM0035_S1F3K_V8-AmBic_1-B1_01_4434.mzML,0,0,,,,PEAKS DB
K(+72.02)KVSDIVGE,19.75,1045.5656,9,-5.7,523.7885,38.48,0,6,10416,EAM0035_S1F3K_V8-AmBic_1-B1_01_4434.mzML,0,0,,Carboxyethyl,K1:Carboxyethyl:14.02,PEAKS PTM
Y(+31.99)VGQYLRQ(+.98)KPARGE(+57.02),19.63,1753.8746,14,-9.7,585.6280,23.55,4.3514E4,6,5272,EAM0035_S1F3K_V8-AmBic_1-B1_01_4434.mzML,1,1,,Dihydroxy; Deamidation (NQ); Carbamidomethylation (DHKE  X@N-term),Y1:Dihydroxy:19.86;Q8:Deamidation (NQ):33.81;E14:Carbamidomethylation (DHKE  X@N-term):17.25,PEAKS PTM
VAPAAAPAPAT(-18.01)E(-.98),19.47,1045.5555,12,-4.4,523.7841,23.11,0,6,5159,EAM0035_S1F3K_V8-AmBic_1-B1_01_4434.mzML,0,0,XP_003448795.2,Dehydration; Amidation,T11:Dehydration:1000.00;E12:Amidation:1000.00,PEAKS PTM
KNGQQLE,19.46,815.4137,7,1.8,816.4246,54.15,0,6,15811,EAM0035_S1F3K_V8-AmBic_1-B1_01_4434.mzML,0,0,,,,PEAKS DB
KASCPIKRTQVE,19.44,1358.7340,12,2.0,453.9207,18.90,1.6492E5,6,3656,EAM0035_S1F3K_V8-AmBic_1-B1_01_4434.mzML,1,1,,,,PEAKS DB
QRHIALAFVLQLSTGRILQIRE,19.22,2561.4917,22,-9.1,641.3760,45.99,1.2736E5,6,13001,EAM0035_S1F3K_V8-AmBic_1-B1_01_4434.mzML,1,1,,,,PEAKS DB
GSPPAGLE,19.13,726.3548,8,-3.6,727.3613,28.59,0,6,6984,EAM0035_S1F3K_V8-AmBic_1-B1_01_4434.mzML,0,0,,,,PEAKS DB
AVGARAE,19.11,672.3555,7,8.4,673.3702,50.40,0,6,14523,EAM0035_S1F3K_V8-AmBic_1-B1_01_4434.mzML,0,0,,,,PEAKS DB
K(+57.02)VRK(+42.01)SARYGREE,19.01,1576.8434,12,-9.8,789.4233,28.22,0,6,6851,EAM0035_S1F3K_V8-AmBic_1-B1_01_4434.mzML,0,0,,Carbamidomethylation (DHKE  X@N-term); Acetylation (K),K1:Carbamidomethylation (DHKE  X@N-term):32.97;K4:Acetylation (K):32.97,PEAKS PTM
SAAQQTLE,18.86,846.4083,8,6.6,847.4234,58.37,0,6,17237,EAM0035_S1F3K_V8-AmBic_1-B1_01_4434.mzML,0,0,,,,PEAKS DB
DLGKSLE,18.75,760.3967,7,-3.9,761.4030,68.05,0,6,20444,EAM0035_S1F3K_V8-AmBic_1-B1_01_4434.mzML,0,0,,,,PEAKS DB
TNDKAKE,18.51,804.3977,7,8.1,805.4136,52.34,0,6,15189,EAM0035_S1F3K_V8-AmBic_1-B1_01_4434.mzML,0,0,,,,PEAKS DB
GGELVTKE,18.43,831.4338,8,-0.3,832.4429,43.18,0,6,12061,EAM0035_S1F3K_V8-AmBic_1-B1_01_4434.mzML,0,0,,,,PEAKS DB
I(+43.01)TTSLGKE,18.40,890.4709,8,-4.7,891.4763,68.67,1.9835E5,6,20423,EAM0035_S1F3K_V8-AmBic_1-B1_01_4434.mzML,1,1,,Carbamylation,I1:Carbamylation:10.92,PEAKS PTM
IRRYQKSTE,18.39,1179.6360,9,3.0,394.2215,7.25,4.372E4,6,309,EAM0035_S1F3K_V8-AmBic_1-B1_01_4434.mzML,1,1,XP_005463512.2,,,PEAKS DB
HNANLIE,18.38,809.4031,7,0.2,810.4127,60.74,5.7736E5,6,18237,EAM0035_S1F3K_V8-AmBic_1-B1_01_4434.mzML,1,1,,,,PEAKS DB
QKPVHNGSE,18.37,994.4832,9,-8.3,498.2460,30.08,5.8807E4,6,7860,EAM0035_S1F3K_V8-AmBic_1-B1_01_4434.mzML,1,1,,,,PEAKS DB
TRGVAGTSE,18.34,876.4301,9,3.8,439.2252,37.52,0,6,10086,EAM0035_S1F3K_V8-AmBic_1-B1_01_4434.mzML,0,0,,,,PEAKS DB
LAYMKKNHE,18.11,1132.5699,9,7.3,567.2979,30.16,1.4375E5,6,7135,EAM0035_S1F3K_V8-AmBic_1-B1_01_4434.mzML,1,1,,,,PEAKS DB
AK(+14.02)KAAKPAPK(+15.99)ASAAKKE,17.86,1724.0308,17,-6.0,432.0135,21.16,2.4255E5,6,4435,EAM0035_S1F3K_V8-AmBic_1-B1_01_4434.mzML,1,1,,Methylation(KR); Oxidation or Hydroxylation,K2:Methylation(KR):0.00;K10:Oxidation or Hydroxylation:14.02,PEAKS PTM
GSFLYIE,17.84,827.4065,7,-2.3,828.4140,31.16,0,6,7881,EAM0035_S1F3K_V8-AmBic_1-B1_01_4434.mzML,0,0,,,,PEAKS DB
WMVLSLLE,17.81,989.5256,8,6.2,990.5416,65.32,0,6,19551,EAM0035_S1F3K_V8-AmBic_1-B1_01_4434.mzML,0,0,,,,PEAKS DB
AP(+31.99)AAK(+15.99)AK(+31.99)AVAE,17.69,1105.5614,11,6.2,553.7928,31.96,4.7107E4,6,8181,EAM0035_S1F3K_V8-AmBic_1-B1_01_4434.mzML,1,1,,Dihydroxy; Oxidation or Hydroxylation,P2:Dihydroxy:0.00;K5:Oxidation or Hydroxylation:0.00;K7:Dihydroxy:22.85,PEAKS PTM
YVGQYLRQKPARGE,17.60,1663.8794,14,9.6,416.9822,26.90,0,6,6400,EAM0035_S1F3K_V8-AmBic_1-B1_01_4434.mzML,0,0,,,,PEAKS DB
CLLGAVPE,17.58,800.4102,8,-2.0,801.4180,60.75,4.8487E4,6,18039,EAM0035_S1F3K_V8-AmBic_1-B1_01_4434.mzML,1,1,,,,PEAKS DB
SFVAATE,17.51,723.3439,7,-5.2,362.6783,18.11,2.5985E4,6,3393,EAM0035_S1F3K_V8-AmBic_1-B1_01_4434.mzML,1,1,,,,PEAKS DB
KK(+72.02)VSDIVGEE,17.47,1174.6080,10,0.0,588.3128,40.26,0,6,11036,EAM0035_S1F3K_V8-AmBic_1-B1_01_4434.mzML,0,0,,Carboxyethyl,K2:Carboxyethyl:9.34,PEAKS PTM
LGILAMAWAIKE,17.40,1314.7369,12,7.2,658.3822,61.05,8.8251E4,6,18096,EAM0035_S1F3K_V8-AmBic_1-B1_01_4434.mzML,1,1,,,,PEAKS DB
AKKAAKPAPKAS(-18.01)AAK(+42.01)KE,17.38,1718.0201,17,3.7,430.5150,36.37,1.4661E6,6,9477,EAM0035_S1F3K_V8-AmBic_1-B1_01_4434.mzML,1,1,,Dehydration; Acetylation (K),S12:Dehydration:1000.00;K15:Acetylation (K):0.00,PEAKS PTM
ATVSS(+79.97)IT(-18.01)LVKEE,17.23,1337.6479,12,4.7,669.8361,45.85,0,6,12972,EAM0035_S1F3K_V8-AmBic_1-B1_01_4434.mzML,0,0,,Phosphorylation (STY); Dehydration,S5:Phosphorylation (STY):0.00;T7:Dehydration:0.00,PEAKS PTM
EGLPK(+42.01)GGK(+28.03)T(-18.01)LE,17.20,1179.6499,11,-8.8,394.2215,7.25,4.372E4,6,793,EAM0035_S1F3K_V8-AmBic_1-B1_01_4434.mzML,1,1,,Acetylation (K); Dimethylation(KR); Dehydration,K5:Acetylation (K):19.27;K8:Dimethylation(KR):19.27;T9:Dehydration:1000.00,PEAKS PTM
A(+43.01)KAKPTLE,17.19,899.5076,8,-1.0,450.7618,19.03,0,6,3760,EAM0035_S1F3K_V8-AmBic_1-B1_01_4434.mzML,0,0,,Carbamylation,A1:Carbamylation:0.00,PEAKS PTM
RPSLSSE,17.16,774.3871,7,4.2,775.3997,66.45,0,6,19924,EAM0035_S1F3K_V8-AmBic_1-B1_01_4434.mzML,0,0,,,,PEAKS DB
QSKAESMQRALEE,17.15,1505.7144,13,-3.7,753.8636,37.49,5.782E4,6,10030,EAM0035_S1F3K_V8-AmBic_1-B1_01_4434.mzML,1,1,,,,PEAKS DB
ELNQLLK(+31.99)GVT(+114.04)IAAGGVLP(+31.99)NIHPE,17.09,2560.3496,23,1.1,641.0970,43.68,8.9334E5,6,12188,EAM0035_S1F3K_V8-AmBic_1-B1_01_4434.mzML,1,1,XP_003451493.1:XP_005456204.1,Dihydroxy; Ubiquitin,K7:Dihydroxy:35.22;T10:Ubiquitin:1000.00;P18:Dihydroxy:8.26,PEAKS PTM
VYPIALK(+541.06)K(+42.01)FLLRPRSE,17.04,2512.2280,16,7.6,629.0707,35.48,0,6,9387,EAM0035_S1F3K_V8-AmBic_1-B1_01_4434.mzML,0,0,,ADP Ribose addition; Acetylation (K),K7:ADP Ribose addition:0.00;K8:Acetylation (K):0.00,PEAKS PTM
A(+226.08)PAAK(+57.02)AKAVAE,17.04,1308.6859,11,-5.8,655.3481,40.11,0,6,10987,EAM0035_S1F3K_V8-AmBic_1-B1_01_4434.mzML,0,0,,Biotinylation; Carbamidomethylation (DHKE  X@N-term),A1:Biotinylation:10.94;K5:Carbamidomethylation (DHKE  X@N-term):5.99,PEAKS PTM
VTNLTTVGPKSRSHMIIDELHRE,16.98,2632.3755,23,-7.5,659.0979,34.05,1.1056E5,6,9385,EAM0035_S1F3K_V8-AmBic_1-B1_01_4434.mzML,1,1,,,,PEAKS DB
LLEVGILDEQAVQGLRE,16.93,1881.0206,17,-4.5,628.0129,40.66,0,6,11181,EAM0035_S1F3K_V8-AmBic_1-B1_01_4434.mzML,0,0,,,,PEAKS DB
LAK(+43.01)HAVSE,16.76,896.4716,8,8.1,449.2479,17.46,0,6,3210,EAM0035_S1F3K_V8-AmBic_1-B1_01_4434.mzML,0,0,XP_003451196.1,Carbamylation,K3:Carbamylation:9.40,PEAKS PTM
KKVSD(+57.02)IVGE,16.74,1030.5658,9,-3.2,516.2899,29.42,3.5138E5,6,7258,EAM0035_S1F3K_V8-AmBic_1-B1_01_4434.mzML,1,1,,Carbamidomethylation (DHKE  X@N-term),D5:Carbamidomethylation (DHKE  X@N-term):0.00,PEAKS PTM
VAPAAAPAPAT(-18.01)E,16.69,1046.5396,12,6.7,524.2819,23.09,6.1992E4,6,5431,EAM0035_S1F3K_V8-AmBic_1-B1_01_4434.mzML,1,1,XP_003448795.2,Dehydration,T11:Dehydration:1000.00,PEAKS PTM
AQVRKLE,16.67,842.4974,7,-4.8,422.2550,30.16,0,6,7532,EAM0035_S1F3K_V8-AmBic_1-B1_01_4434.mzML,0,0,,,,PEAKS DB
AYAK(+71.01)AAPSPAEPE(-.98),16.64,1370.6592,13,5.5,686.3424,51.48,0,6,14891,EAM0035_S1F3K_V8-AmBic_1-B1_01_4434.mzML,0,0,,Lactylation; Amidation,K4:Lactylation:1000.00;E13:Amidation:1000.00,PEAKS PTM
LDTGIVE,16.49,745.3857,7,0.7,746.3955,53.92,0,6,15728,EAM0035_S1F3K_V8-AmBic_1-B1_01_4434.mzML,0,0,,,,PEAKS DB
LLGARIGE,16.49,827.4865,8,7.4,414.7546,8.40,0,6,786,EAM0035_S1F3K_V8-AmBic_1-B1_01_4434.mzML,0,0,,,,PEAKS DB
LKQTMGLSAFKAGRWQAE,16.42,2021.0516,18,4.9,674.6962,31.72,5.2503E4,6,8011,EAM0035_S1F3K_V8-AmBic_1-B1_01_4434.mzML,1,1,,,,PEAKS DB
ARQALLTLGQAE,16.40,1269.7041,12,-5.3,635.8576,69.72,7.8891E3,6,21102,EAM0035_S1F3K_V8-AmBic_1-B1_01_4434.mzML,1,1,,,,PEAKS DB
A(+43.01)PAAK(+28.03)AKAVAE,16.37,1096.6240,11,-9.1,549.3157,25.24,1.0457E5,6,5815,EAM0035_S1F3K_V8-AmBic_1-B1_01_4434.mzML,1,1,,Carbamylation; Dimethylation(KR),A1:Carbamylation:10.92;K5:Dimethylation(KR):8.22,PEAKS PTM
LKDDLGSALEKK(+71.01)GGKE,16.27,1757.9285,16,9.7,586.9907,41.89,3.0761E5,6,11577,EAM0035_S1F3K_V8-AmBic_1-B1_01_4434.mzML,1,1,XP_003451493.1,Lactylation,K12:Lactylation:24.44,PEAKS PTM
VTDLRRTLQGLE,16.22,1399.7783,12,8.9,467.6054,32.97,0,6,8523,EAM0035_S1F3K_V8-AmBic_1-B1_01_4434.mzML,0,0,,,,PEAKS DB
ESRVKTYVLRSE,16.21,1465.7888,12,7.6,489.6085,50.80,4.3158E4,6,14631,EAM0035_S1F3K_V8-AmBic_1-B1_01_4434.mzML,1,1,,,,PEAKS DB
DELIAQKRE,16.19,1100.5825,9,-5.8,551.2968,50.63,6.0044E4,6,14529,EAM0035_S1F3K_V8-AmBic_1-B1_01_4434.mzML,1,1,,,,PEAKS DB
QTPPPLPE,16.17,877.4545,8,-9.2,878.4560,62.08,3.7396E5,6,18861,EAM0035_S1F3K_V8-AmBic_1-B1_01_4434.mzML,1,1,,,,PEAKS DB
LGSGLTE,16.14,675.3439,7,6.1,676.3571,52.14,6.6843E5,6,16331,EAM0035_S1F3K_V8-AmBic_1-B1_01_4434.mzML,1,1,,,,PEAKS DB
HS(-18.01)K(+71.01)RAPASLANYE,16.12,1495.7294,13,3.9,499.5870,25.69,0,6,6007,EAM0035_S1F3K_V8-AmBic_1-B1_01_4434.mzML,0,0,,Dehydration; Lactylation,S2:Dehydration:19.69;K3:Lactylation:1000.00,PEAKS PTM
QSQEGRFVE,16.11,1078.5043,9,8.3,540.2653,59.85,3.9022E4,6,17697,EAM0035_S1F3K_V8-AmBic_1-B1_01_4434.mzML,1,1,,,,PEAKS DB
NILLDEE,16.08,844.4178,7,5.5,845.4319,61.90,1.5462E5,6,18666,EAM0035_S1F3K_V8-AmBic_1-B1_01_4434.mzML,1,1,,,,PEAKS DB
HVKVVLEPVTAGLNTEARY(-18.01)CLQE,16.06,2550.3264,23,-2.1,638.5892,64.69,1.0261E6,6,19238,EAM0035_S1F3K_V8-AmBic_1-B1_01_4434.mzML,1,1,,Dehydration,Y19:Dehydration:6.65,PEAKS PTM
SIHLTYTRNLSCIRSYIPAYE,16.06,2499.2581,21,0.1,834.0956,63.64,0,6,18992,EAM0035_S1F3K_V8-AmBic_1-B1_01_4434.mzML,0,0,,,,PEAKS DB
TAKALTLTE,16.02,946.5335,9,-9.7,474.2707,28.95,0,6,7107,EAM0035_S1F3K_V8-AmBic_1-B1_01_4434.mzML,0,0,,,,PEAKS DB
SAPALPTE,15.97,784.3967,8,-1.8,785.4045,59.91,0,6,17760,EAM0035_S1F3K_V8-AmBic_1-B1_01_4434.mzML,0,0,,,,PEAKS DB
RAALEQE,15.92,815.4137,7,-4.3,816.4196,62.15,6.238E4,6,18341,EAM0035_S1F3K_V8-AmBic_1-B1_01_4434.mzML,1,1,,,,PEAKS DB
INELNRMIQRLTAE,15.90,1699.9039,14,0.9,567.6439,61.50,4.1714E4,6,18234,EAM0035_S1F3K_V8-AmBic_1-B1_01_4434.mzML,1,1,,,,PEAKS DB
VGSALEK(+114.04)KGGKE,15.77,1315.7095,12,-9.5,658.8575,32.95,0,6,8517,EAM0035_S1F3K_V8-AmBic_1-B1_01_4434.mzML,0,0,XP_005456204.1,Ubiquitin,K7:Ubiquitin:0.00,PEAKS PTM
APAAK(+72.02)AKAVAE(-.98),15.75,1096.6240,11,-7.5,366.5468,25.12,6.9111E5,6,5628,EAM0035_S1F3K_V8-AmBic_1-B1_01_4434.mzML,1,1,,Carboxyethyl; Amidation,K5:Carboxyethyl:19.68;E11:Amidation:1000.00,PEAKS PTM
KVTKQVE,15.70,830.4861,7,-7.3,416.2484,33.12,8.7749E4,6,8797,EAM0035_S1F3K_V8-AmBic_1-B1_01_4434.mzML,1,1,,,,PEAKS DB
GALHQAKE,15.65,852.4453,8,0.7,853.4554,53.63,0,6,15631,EAM0035_S1F3K_V8-AmBic_1-B1_01_4434.mzML,0,0,,,,PEAKS DB
QHPQTYLVTE,15.49,1214.5931,10,-7.0,608.3012,21.87,0,6,4738,EAM0035_S1F3K_V8-AmBic_1-B1_01_4434.mzML,0,0,,,,PEAKS DB
TGKKGTGSE,15.42,863.4348,9,2.0,864.4461,60.57,2.4369E5,6,17584,EAM0035_S1F3K_V8-AmBic_1-B1_01_4434.mzML,1,1,,,,PEAKS DB
VGKSLLNGHELLLLYKLPTEE,15.24,2365.3257,21,7.4,592.3446,58.21,9.1719E4,6,17131,EAM0035_S1F3K_V8-AmBic_1-B1_01_4434.mzML,1,1,,,,PEAKS DB
QSAAMK(+72.02)AATPH(+57.02)AKKE,15.20,1696.8566,15,6.5,849.4433,49.25,0,6,14124,EAM0035_S1F3K_V8-AmBic_1-B1_01_4434.mzML,0,0,,Carboxyethyl; Carbamidomethylation (DHKE  X@N-term),K6:Carboxyethyl:15.21;H11:Carbamidomethylation (DHKE  X@N-term):5.78,PEAKS PTM
LKK(+71.01)KNGPLE,15.13,1096.6366,9,-9.4,549.3218,67.32,3.7788E4,6,20201,EAM0035_S1F3K_V8-AmBic_1-B1_01_4434.mzML,1,1,XP_003451493.1:XP_005456204.1,Lactylation,K3:Lactylation:0.00,PEAKS PTM
VEK(+31.99)SAGLGK(+156.12)DGTRE,15.13,1633.8522,14,-1.7,545.6252,44.13,1.7369E4,6,12397,EAM0035_S1F3K_V8-AmBic_1-B1_01_4434.mzML,1,1,,Dihydroxy; 4-hydroxynonenal (HNE),K3:Dihydroxy:18.88;K9:4-hydroxynonenal (HNE):18.88,PEAKS PTM
K(+28.03)SAGLGKD(+57.02)GTRE,15.07,1302.6891,12,1.4,435.2387,38.92,0,6,10577,EAM0035_S1F3K_V8-AmBic_1-B1_01_4434.mzML,0,0,,Dimethylation(KR); Carbamidomethylation (DHKE  X@N-term),K1:Dimethylation(KR):15.01;D8:Carbamidomethylation (DHKE  X@N-term):0.00,PEAKS PTM
GVFIFLIE,15.05,936.5320,8,-9.0,469.2703,28.74,0,6,7038,EAM0035_S1F3K_V8-AmBic_1-B1_01_4434.mzML,0,0,,,,PEAKS DB
