Peptide,-10lgP,Mass,Length,ppm,m/z,RT,Area Sample 5,Fraction,Scan,Source File,#Feature,#Feature Sample 5,Accession,PTM,AScore,Found By
Q(-17.03)ILKVVTASKE,113.24,1197.6969,11,0.4,599.8573,41.90,6.3438E5,9,13188,EAM0037_S3F2G_V8-NaPho_2-D 5_01_4390.d,1,1,XP_003459589.1,Pyro-glu from Q,Q1:Pyro-glu from Q:1000.00,PEAKS PTM
L(+57.02)IVKAVAASKE,111.25,1184.7128,11,1.2,593.3657,20.96,4.0086E5,9,4451,EAM0037_S3F2G_V8-NaPho_2-D 5_01_4390.d,1,1,XP_019210165.1:XP_013130399.2:XP_019210164.1:XP_019209840.1:XP_019209845.1,Carbamidomethylation (DHKE  X@N-term),L1:Carbamidomethylation (DHKE  X@N-term):62.26,PEAKS PTM
GPSLPKLIVASVTE,104.77,1409.8130,14,-0.2,705.9152,57.99,1.188E6,9,19372,EAM0037_S3F2G_V8-NaPho_2-D 5_01_4390.d,1,1,XP_005461836.1,,,PEAKS DB
L(+43.01)IVKAVAASKE,104.66,1170.6971,11,-1.2,586.3564,46.46,8.4189E5,9,14993,EAM0037_S3F2G_V8-NaPho_2-D 5_01_4390.d,1,1,XP_019210165.1:XP_013130399.2:XP_019210164.1:XP_019209840.1:XP_019209845.1,Carbamylation,L1:Carbamylation:92.25,PEAKS PTM
LIVKAVAASKE,99.77,1127.6914,11,1.1,564.8549,19.22,2.3252E6,9,3708,EAM0037_S3F2G_V8-NaPho_2-D 5_01_4390.d,2,2,XP_019210165.1:XP_013130399.2:XP_019210164.1:XP_019209840.1:XP_019209845.1,,,PEAKS DB
S(+42.01)EEAPAPAPAPAKAAKKKTTASKPKKVGPSVGE,94.09,3269.7981,33,-0.9,818.4579,17.04,1.2783E5,9,2743,EAM0037_S3F2G_V8-NaPho_2-D 5_01_4390.d,1,1,XP_019210165.1:XP_013130399.2:XP_019210164.1,Acetylation (Protein N-term),S1:Acetylation (Protein N-term):1000.00,PEAKS PTM
G(+43.01)TKAVTKYTSSK,93.87,1312.6986,12,3.3,657.3602,17.53,2.9853E6,9,2947,EAM0037_S3F2G_V8-NaPho_2-D 5_01_4390.d,2,2,XP_003451196.1,Carbamylation,G1:Carbamylation:18.53,PEAKS PTM
LIVKAVAASK(+156.12)E,93.34,1283.8064,11,-9.0,428.9398,17.11,4.1656E5,9,2761,EAM0037_S3F2G_V8-NaPho_2-D 5_01_4390.d,2,2,XP_019210165.1:XP_013130399.2:XP_019210164.1:XP_019209840.1:XP_019209845.1,4-hydroxynonenal (HNE),K10:4-hydroxynonenal (HNE):97.87,PEAKS PTM
G(+57.02)TKAVTKYTSSK,92.77,1326.7144,12,1.9,443.2472,9.52,7.442E4,9,855,EAM0037_S3F2G_V8-NaPho_2-D 5_01_4390.d,1,1,XP_003451196.1,Carbamidomethylation (DHKE  X@N-term),G1:Carbamidomethylation (DHKE  X@N-term):39.76,PEAKS PTM
GTKAVTKYTSSK,89.36,1269.6929,12,2.9,424.2404,6.46,3.8174E5,9,780,EAM0037_S3F2G_V8-NaPho_2-D 5_01_4390.d,4,4,XP_003451196.1,,,PEAKS DB
LNKLLGGVTIAQGGVLPNIQAVLLPKKTE,86.66,2983.7798,29,1.6,746.9551,65.42,8.7654E4,9,22105,EAM0037_S3F2G_V8-NaPho_2-D 5_01_4390.d,1,1,XP_003451211.1,,,PEAKS DB
GTKAVTK(+43.01)YTSSK,86.61,1312.6986,12,1.8,657.3592,16.61,3.8917E5,9,2488,EAM0037_S3F2G_V8-NaPho_2-D 5_01_4390.d,2,2,XP_003451196.1,Carbamylation,K7:Carbamylation:52.68,PEAKS PTM
RVGAGAPVYLAAVLE,84.24,1484.8351,15,0.5,743.4268,58.75,8.1307E6,9,19728,EAM0037_S3F2G_V8-NaPho_2-D 5_01_4390.d,5,5,XP_003451211.1,,,PEAKS DB
NVIRDAVTYTE,83.70,1279.6409,11,1.7,640.8302,37.53,7.1476E6,9,11532,EAM0037_S3F2G_V8-NaPho_2-D 5_01_4390.d,1,1,XP_025766521.1,,,PEAKS DB
RKGVSLAALKKALAAGGYDVE,82.86,2116.2004,21,0.2,530.0587,45.28,3.2208E5,9,14532,EAM0037_S3F2G_V8-NaPho_2-D 5_01_4390.d,1,1,XP_003459589.1,,,PEAKS DB
L(+43.01)AKHAVSE,80.28,896.4716,8,2.9,449.2454,19.91,2.1998E6,9,3990,EAM0037_S3F2G_V8-NaPho_2-D 5_01_4390.d,1,1,XP_003451196.1,Carbamylation,L1:Carbamylation:30.83,PEAKS PTM
LQSQLSMKAGLE,77.80,1303.6805,12,1.9,652.8502,36.22,4.8623E5,9,10835,EAM0037_S3F2G_V8-NaPho_2-D 5_01_4390.d,1,1,|#CONTAM#24430190|ref|NP_002266.2|,,,PEAKS DB
IQTAVRLLLPGE,76.10,1308.7765,12,-2.0,655.3956,52.86,7.9518E4,9,17506,EAM0037_S3F2G_V8-NaPho_2-D 5_01_4390.d,1,1,XP_003451196.1,,,PEAKS DB
N(+57.02)VIRDAVTYTE,75.21,1336.6622,11,-0.1,669.3398,42.73,8.3606E5,9,13507,EAM0037_S3F2G_V8-NaPho_2-D 5_01_4390.d,1,1,XP_025766521.1,Carbamidomethylation (DHKE  X@N-term),N1:Carbamidomethylation (DHKE  X@N-term):25.11,PEAKS PTM
G(+43.01)PSLPKLIVASVTE,70.45,1452.8187,14,2.0,727.4197,69.29,7.1116E4,9,23502,EAM0037_S3F2G_V8-NaPho_2-D 5_01_4390.d,1,1,XP_005461836.1,Carbamylation,G1:Carbamylation:29.88,PEAKS PTM
SEEAPAPAPAPAKAAKKKTTASKPKKVGPSVGE,69.77,3227.7876,33,2.4,646.5677,16.57,1.2893E5,9,2447,EAM0037_S3F2G_V8-NaPho_2-D 5_01_4390.d,1,1,XP_019210165.1:XP_013130399.2:XP_019210164.1,,,PEAKS DB
APTGTFIASGVVVGKD,69.74,1517.8090,16,-9.1,759.9065,42.97,1.0768E5,9,13690,EAM0037_S3F2G_V8-NaPho_2-D 5_01_4390.d,1,1,|#CONTAM#88194745|ref|YP_499541.1|,,,PEAKS DB
GT(+114.04)KAVTKYTSSK,69.71,1383.7357,12,2.0,692.8781,17.17,1.8745E5,9,2830,EAM0037_S3F2G_V8-NaPho_2-D 5_01_4390.d,2,2,XP_003451196.1,Ubiquitin,T2:Ubiquitin:40.00,PEAKS PTM
S(+43.01)EEAPAPAPAPAKAAKKKTTASKPKKVGPSVGE,67.80,3270.7935,33,1.8,655.1686,16.95,0,9,2696,EAM0037_S3F2G_V8-NaPho_2-D 5_01_4390.d,0,0,XP_019210165.1:XP_013130399.2:XP_019210164.1,Carbamylation,S1:Carbamylation:115.90,PEAKS PTM
IAQDFKTD,67.50,936.4552,8,1.5,469.2366,20.29,5.0407E6,9,4151,EAM0037_S3F2G_V8-NaPho_2-D 5_01_4390.d,1,1,XP_005463512.2,,,PEAKS DB
LRFQSSAVMALQE,66.75,1478.7551,13,-7.0,740.3813,48.22,3.3111E6,9,15597,EAM0037_S3F2G_V8-NaPho_2-D 5_01_4390.d,5,5,XP_005463512.2,,,PEAKS DB
N(+43.01)VIRDAVTYTE,66.15,1322.6466,11,0.7,662.3325,54.12,1.2363E6,9,17921,EAM0037_S3F2G_V8-NaPho_2-D 5_01_4390.d,1,1,XP_025766521.1,Carbamylation,N1:Carbamylation:1000.00,PEAKS PTM
V(+57.02)DPNIQAVRTQE,65.91,1425.7212,12,0.9,713.8701,44.70,3.2719E5,9,14407,EAM0037_S3F2G_V8-NaPho_2-D 5_01_4390.d,1,1,|#CONTAM#372466577|ref|NP_001243222.1|:|#CONTAM#4504919|ref|NP_002264.1|:|#CONTAM#372466572|ref|NP_001243211.1|,Carbamidomethylation (DHKE  X@N-term),V1:Carbamidomethylation (DHKE  X@N-term):12.28,PEAKS PTM
R(+57.02)VGAGAPVYLAAVLE,64.77,1541.8566,15,0.8,771.9379,59.54,9.4174E5,9,19965,EAM0037_S3F2G_V8-NaPho_2-D 5_01_4390.d,1,1,XP_003451211.1,Carbamidomethylation (DHKE  X@N-term),R1:Carbamidomethylation (DHKE  X@N-term):92.48,PEAKS PTM
I(+57.02)AQDFKTD,63.03,993.4767,8,1.6,497.7475,21.31,5.7777E5,9,4628,EAM0037_S3F2G_V8-NaPho_2-D 5_01_4390.d,1,1,XP_005463512.2,Carbamidomethylation (DHKE  X@N-term),I1:Carbamidomethylation (DHKE  X@N-term):57.45,PEAKS PTM
LNKLLGGVTIAQGGVLPNIQAVLLPKKTEKPVKAK,62.06,3635.2229,35,-0.6,728.0530,54.32,1.4922E5,9,18051,EAM0037_S3F2G_V8-NaPho_2-D 5_01_4390.d,1,1,XP_003451211.1,,,PEAKS DB
R(+43.01)VGAGAPVYLAAVLE,61.92,1527.8408,15,2.4,764.9312,69.08,7.3495E5,9,23403,EAM0037_S3F2G_V8-NaPho_2-D 5_01_4390.d,1,1,XP_003451211.1,Carbamylation,R1:Carbamylation:1000.00,PEAKS PTM
L(+43.01)IVKAVAASK(+156.12)E,61.56,1326.8123,11,-8.7,443.2752,39.33,2.6331E5,9,12050,EAM0037_S3F2G_V8-NaPho_2-D 5_01_4390.d,1,1,XP_019210165.1:XP_013130399.2:XP_019210164.1:XP_019209840.1:XP_019209845.1,Carbamylation; 4-hydroxynonenal (HNE),L1:Carbamylation:47.09;K10:4-hydroxynonenal (HNE):72.73,PEAKS PTM
SEEAPAPAPAPAKAAKKKKTTASKPKKVGPSVGE,59.54,3355.8826,34,1.1,672.1860,16.29,1.9938E4,9,2323,EAM0037_S3F2G_V8-NaPho_2-D 5_01_4390.d,1,1,XP_019209840.1:XP_019209845.1,,,PEAKS DB
TRGVLKVFLE,59.36,1160.6917,10,1.9,387.9061,40.41,2.3232E6,9,12577,EAM0037_S3F2G_V8-NaPho_2-D 5_01_4390.d,2,2,XP_025766521.1,,,PEAKS DB
T(+57.02)RGVLKVFLE,57.11,1217.7131,10,1.8,406.9133,43.12,5.0171E5,9,13645,EAM0037_S3F2G_V8-NaPho_2-D 5_01_4390.d,2,2,XP_025766521.1,Carbamidomethylation (DHKE  X@N-term),T1:Carbamidomethylation (DHKE  X@N-term):51.34,PEAKS PTM
VVKPATMSNNAE,56.19,1259.6179,12,3.4,630.8198,18.05,2.4409E5,9,3216,EAM0037_S3F2G_V8-NaPho_2-D 5_01_4390.d,1,1,|#CONTAM#88194745|ref|YP_499541.1|,,,PEAKS DB
FVALK(+28.03)K(+14.02)DVDAAYMNKVE,54.50,1982.0546,17,1.4,661.6945,41.10,2.6919E5,9,12882,EAM0037_S3F2G_V8-NaPho_2-D 5_01_4390.d,2,2,|#CONTAM#153791158|ref|NP_004684.2|,Dimethylation(KR); Methylation(KR),K5:Dimethylation(KR):0.00;K6:Methylation(KR):0.00,PEAKS PTM
LNQLLKGVTIAAGGVLPNIHPE,54.30,2253.2844,22,-1.0,752.1030,61.62,5.6435E4,9,20714,EAM0037_S3F2G_V8-NaPho_2-D 5_01_4390.d,1,1,XP_003451493.1:XP_005456204.1:XP_013130601.1:XP_013130603.1:XP_013130602.1,,,PEAKS DB
LRFQSSAVM(+15.99)ALQE,54.19,1494.7500,13,-0.3,748.3837,40.96,9.4317E5,9,12726,EAM0037_S3F2G_V8-NaPho_2-D 5_01_4390.d,1,1,XP_005463512.2,Oxidation (M),M9:Oxidation (M):1000.00,PEAKS PTM
IAQDFKTDLRFQSSAVMALQE,52.87,2397.1997,21,1.2,800.0766,70.22,2.6419E6,9,24443,EAM0037_S3F2G_V8-NaPho_2-D 5_01_4390.d,3,3,XP_005463512.2,,,PEAKS DB
FVLIKKDVDE,52.61,1204.6703,10,-3.7,603.3416,29.41,0,9,7977,EAM0037_S3F2G_V8-NaPho_2-D 5_01_4390.d,0,0,|#CONTAM#372466577|ref|NP_001243222.1|:|#CONTAM#4504919|ref|NP_002264.1|:|#CONTAM#372466572|ref|NP_001243211.1|,,,PEAKS DB
FVLLKKDVD,51.64,1075.6277,9,1.4,538.8231,30.04,4.8299E5,9,8235,EAM0037_S3F2G_V8-NaPho_2-D 5_01_4390.d,2,2,,,,PEAKS DB
FVLIKKDVD,51.64,1075.6277,9,1.4,538.8231,30.04,4.8299E5,9,8235,EAM0037_S3F2G_V8-NaPho_2-D 5_01_4390.d,2,2,|#CONTAM#372466577|ref|NP_001243222.1|:|#CONTAM#4504919|ref|NP_002264.1|:|#CONTAM#372466572|ref|NP_001243211.1|,,,PEAKS DB
G(+57.02)PSLPK(+72.02)LIVASVTE,51.64,1538.8555,14,0.9,770.4374,61.75,4.7529E5,9,20917,EAM0037_S3F2G_V8-NaPho_2-D 5_01_4390.d,1,1,XP_005461836.1,Carbamidomethylation (DHKE  X@N-term); Carboxyethyl,G1:Carbamidomethylation (DHKE  X@N-term):81.10;K6:Carboxyethyl:1000.00,PEAKS PTM
LAK(+43.01)HAVSE,51.53,896.4716,8,3.5,449.2456,17.18,1.1699E5,9,2804,EAM0037_S3F2G_V8-NaPho_2-D 5_01_4390.d,1,1,XP_003451196.1,Carbamylation,K3:Carbamylation:0.00,PEAKS PTM
G(+57.02)PSLPKLIVASVTE,48.53,1466.8344,14,-2.1,734.4245,58.10,1.2953E5,9,19402,EAM0037_S3F2G_V8-NaPho_2-D 5_01_4390.d,1,1,XP_005461836.1,Carbamidomethylation (DHKE  X@N-term),G1:Carbamidomethylation (DHKE  X@N-term):12.35,PEAKS PTM
KVTMQNLNDRLASYLE,47.98,1893.9618,16,-0.3,947.9900,51.18,3.2377E5,9,16829,EAM0037_S3F2G_V8-NaPho_2-D 5_01_4390.d,2,2,|#CONTAM#153945736|ref|NP_853515.2|,,,PEAKS DB
A(+57.02)YLVGLFE,47.09,967.5015,8,3.2,484.7606,69.01,1.3179E5,9,23373,EAM0037_S3F2G_V8-NaPho_2-D 5_01_4390.d,1,1,XP_005463512.2,Carbamidomethylation (DHKE  X@N-term),A1:Carbamidomethylation (DHKE  X@N-term):51.48,PEAKS PTM
LQSQLSM(+15.99)KAGLE,46.86,1319.6755,12,0.4,660.8467,25.52,2.802E5,9,6312,EAM0037_S3F2G_V8-NaPho_2-D 5_01_4390.d,2,2,|#CONTAM#24430190|ref|NP_002266.2|,Oxidation (M),M7:Oxidation (M):1000.00,PEAKS PTM
IATYRKLLE,46.49,1105.6495,9,1.2,369.5584,27.88,2.8572E5,9,7268,EAM0037_S3F2G_V8-NaPho_2-D 5_01_4390.d,1,1,|#CONTAM#372466577|ref|NP_001243222.1|:|#CONTAM#4504919|ref|NP_002264.1|:|#CONTAM#372466572|ref|NP_001243211.1|:|#CONTAM#153791158|ref|NP_004684.2|:|#CONTAM#767974195|ref|XP_011536627.1|:|#CONTAM#67782365|ref|NP_005547.3|,,,PEAKS DB
I(+43.01)AQDFKTD,45.35,979.4611,8,0.5,490.7391,45.45,4.2202E5,9,14600,EAM0037_S3F2G_V8-NaPho_2-D 5_01_4390.d,1,1,XP_005463512.2,Carbamylation,I1:Carbamylation:87.95,PEAKS PTM
APTGTFIASGVVVGKDTLLTNKHVVD,44.97,2638.4329,26,-1.1,660.6162,49.43,3.8933E4,9,16169,EAM0037_S3F2G_V8-NaPho_2-D 5_01_4390.d,1,1,|#CONTAM#88194745|ref|YP_499541.1|,,,PEAKS DB
T(+57.02)R(+.98)GVLKVFLE,43.43,1218.6971,10,0.4,407.2407,50.71,4.2137E4,9,16686,EAM0037_S3F2G_V8-NaPho_2-D 5_01_4390.d,1,1,XP_025766521.1,Carbamidomethylation (DHKE  X@N-term); Citrullination,T1:Carbamidomethylation (DHKE  X@N-term):25.91;R2:Citrullination:1000.00,PEAKS PTM
L(+43.01)AGNAARD,43.26,829.4042,8,1.9,415.7111,22.58,1.4696E5,9,5178,EAM0037_S3F2G_V8-NaPho_2-D 5_01_4390.d,1,1,XP_003451211.1:XP_003451493.1:XP_005456204.1:XP_013130601.1:XP_013130603.1:XP_013130602.1,Carbamylation,L1:Carbamylation:1000.00,PEAKS PTM
F(+43.01)VLIKKDVD,41.40,1118.6335,9,-0.6,560.3250,51.73,1.8892E5,9,17049,EAM0037_S3F2G_V8-NaPho_2-D 5_01_4390.d,1,1,|#CONTAM#372466577|ref|NP_001243222.1|:|#CONTAM#4504919|ref|NP_002264.1|:|#CONTAM#372466572|ref|NP_001243211.1|,Carbamylation,F1:Carbamylation:111.84,PEAKS PTM
LIVKAVKE,41.22,898.5851,8,2.4,450.3019,18.12,2.5331E5,9,3351,EAM0037_S3F2G_V8-NaPho_2-D 5_01_4390.d,1,1,XP_003448795.2,,,PEAKS DB
LSTTGGNSGSPVFNE,40.59,1465.6685,15,2.0,733.8446,37.62,1.7531E5,9,11374,EAM0037_S3F2G_V8-NaPho_2-D 5_01_4390.d,1,1,|#CONTAM#88194745|ref|YP_499541.1|,,,PEAKS DB
F(+43.01)VLLKKDVD,39.81,1118.6335,9,-0.6,560.3250,51.73,1.8892E5,9,17049,EAM0037_S3F2G_V8-NaPho_2-D 5_01_4390.d,1,1,,Carbamylation,F1:Carbamylation:111.84,PEAKS PTM
ETRGVLKVFLE,39.59,1289.7343,11,1.3,430.9202,45.24,4.213E5,9,14495,EAM0037_S3F2G_V8-NaPho_2-D 5_01_4390.d,1,1,XP_025766521.1,,,PEAKS DB
T(+43.01)RGVLKVFLE,38.97,1203.6975,10,1.2,602.8581,56.42,1.543E6,9,18810,EAM0037_S3F2G_V8-NaPho_2-D 5_01_4390.d,1,1,XP_025766521.1,Carbamylation,T1:Carbamylation:41.96,PEAKS PTM
Q(-17.03)QNKMLE,38.74,872.4062,7,2.7,437.2125,25.31,6.4741E5,9,6204,EAM0037_S3F2G_V8-NaPho_2-D 5_01_4390.d,1,1,|#CONTAM#372466577|ref|NP_001243222.1|:|#CONTAM#4504919|ref|NP_002264.1|:|#CONTAM#372466572|ref|NP_001243211.1|,Pyro-glu from Q,Q1:Pyro-glu from Q:1000.00,PEAKS PTM
AQIAGLRGQLE,37.58,1154.6407,11,3.7,385.8898,20.07,0,9,4127,EAM0037_S3F2G_V8-NaPho_2-D 5_01_4390.d,0,0,|#CONTAM#767974195|ref|XP_011536627.1|:|#CONTAM#67782365|ref|NP_005547.3|,,,PEAKS DB
IATYRSLLE,36.52,1064.5865,9,0.2,533.3018,40.16,1.5482E5,9,12418,EAM0037_S3F2G_V8-NaPho_2-D 5_01_4390.d,1,1,|#CONTAM#24430190|ref|NP_002266.2|,,,PEAKS DB
LAYLK(+28.03)KNHEEE,35.77,1400.7300,11,0.0,701.3738,16.68,5.3084E4,9,2540,EAM0037_S3F2G_V8-NaPho_2-D 5_01_4390.d,1,1,|#CONTAM#24430190|ref|NP_002266.2|,Dimethylation(KR),K5:Dimethylation(KR):10.11,PEAKS PTM
IAQDFK(+28.03)TD,35.31,964.4865,8,2.4,483.2528,20.92,3.1913E5,9,4465,EAM0037_S3F2G_V8-NaPho_2-D 5_01_4390.d,1,1,XP_005463512.2,Dimethylation(KR),K6:Dimethylation(KR):1000.00,PEAKS PTM
AYLVGLFE,35.26,910.4800,8,3.7,456.2499,68.77,9.8379E4,9,23241,EAM0037_S3F2G_V8-NaPho_2-D 5_01_4390.d,1,1,XP_005463512.2,,,PEAKS DB
DIANRSR(+14.02)AEAE,34.80,1244.6108,11,0.6,623.3145,17.00,1.2683E5,9,2704,EAM0037_S3F2G_V8-NaPho_2-D 5_01_4390.d,1,1,|#CONTAM#372466577|ref|NP_001243222.1|:|#CONTAM#4504919|ref|NP_002264.1|:|#CONTAM#372466572|ref|NP_001243211.1|:|#CONTAM#153791158|ref|NP_004684.2|,Methylation(KR),R7:Methylation(KR):20.41,PEAKS PTM
G(+57.02)T(-18.01)K(+72.02)AVTKYTSSK,34.79,1380.7249,12,-9.8,461.2454,16.65,2.529E5,9,2828,EAM0037_S3F2G_V8-NaPho_2-D 5_01_4390.d,1,1,XP_003451196.1,Carbamidomethylation (DHKE  X@N-term); Dehydration; Carboxyethyl,G1:Carbamidomethylation (DHKE  X@N-term):36.87;T2:Dehydration:28.70;K3:Carboxyethyl:42.68,PEAKS PTM
DIANRSRAEAE,34.68,1230.5952,11,2.1,616.3076,16.57,2.1073E5,9,2459,EAM0037_S3F2G_V8-NaPho_2-D 5_01_4390.d,2,2,|#CONTAM#372466577|ref|NP_001243222.1|:|#CONTAM#4504919|ref|NP_002264.1|:|#CONTAM#372466572|ref|NP_001243211.1|:|#CONTAM#153791158|ref|NP_004684.2|,,,PEAKS DB
IAQDFKTDLRFQSSAVM(+15.99)ALQE,34.68,2413.1948,21,-2.3,805.4055,51.08,0,9,16830,EAM0037_S3F2G_V8-NaPho_2-D 5_01_4390.d,0,0,XP_005463512.2,Oxidation (M),M17:Oxidation (M):1000.00,PEAKS PTM
LGILAMAWAIKE,34.02,1314.7369,12,7.3,658.3820,60.92,5.3247E6,9,20446,EAM0037_S3F2G_V8-NaPho_2-D 5_01_4390.d,1,1,,,,PEAKS DB
VMNSKLGLDIE,33.27,1217.6326,11,2.1,609.8262,57.18,0,9,19142,EAM0037_S3F2G_V8-NaPho_2-D 5_01_4390.d,0,0,,,,PEAKS DB
LVARGYDVE,33.11,1020.5240,9,-1.1,511.2698,25.80,0,9,6484,EAM0037_S3F2G_V8-NaPho_2-D 5_01_4390.d,0,0,XP_003448795.2,,,PEAKS DB
KNPKSQLEE,31.43,1071.5560,9,2.3,536.7877,29.86,1.8531E6,9,8146,EAM0037_S3F2G_V8-NaPho_2-D 5_01_4390.d,1,1,,,,PEAKS DB
AAYMNKVE,31.33,924.4375,8,5.9,463.2298,19.26,0,9,3779,EAM0037_S3F2G_V8-NaPho_2-D 5_01_4390.d,0,0,|#CONTAM#153791158|ref|NP_004684.2|,,,PEAKS DB
LK(+71.01)GRGSATAIGGIHD,31.32,1522.7977,15,-9.0,381.7041,58.72,4.6341E4,9,19690,EAM0037_S3F2G_V8-NaPho_2-D 5_01_4390.d,1,1,,Lactylation,K2:Lactylation:1000.00,PEAKS PTM
NAKLAADDFRTKYE,31.19,1640.8158,14,2.2,547.9483,26.36,0,9,6705,EAM0037_S3F2G_V8-NaPho_2-D 5_01_4390.d,0,0,,,,PEAKS DB
LAGNAARD,30.82,786.3984,8,-2.6,394.2063,26.69,0,9,6839,EAM0037_S3F2G_V8-NaPho_2-D 5_01_4390.d,0,0,XP_003451211.1:XP_003451493.1:XP_005456204.1:XP_013130601.1:XP_013130603.1:XP_013130602.1,,,PEAKS DB
N(+.98)VIRDAVTYTE,29.64,1280.6249,11,1.1,641.3218,51.46,1.1484E5,9,17012,EAM0037_S3F2G_V8-NaPho_2-D 5_01_4390.d,1,1,XP_025766521.1,Deamidation (NQ),N1:Deamidation (NQ):1000.00,PEAKS PTM
IAPVGALE,29.51,768.4381,8,1.3,385.2277,46.88,3.4437E5,9,15199,EAM0037_S3F2G_V8-NaPho_2-D 5_01_4390.d,1,1,,,,PEAKS DB
LTMTRSDLE,29.16,1064.5172,9,0.5,533.2673,28.30,9.2512E5,9,7420,EAM0037_S3F2G_V8-NaPho_2-D 5_01_4390.d,1,1,,,,PEAKS DB
FIDGILSSKFPTSRLE,28.65,1808.9672,16,7.4,604.0021,35.96,1.6541E5,9,10671,EAM0037_S3F2G_V8-NaPho_2-D 5_01_4390.d,1,1,,,,PEAKS DB
LSALVKE,28.56,758.4538,7,8.7,380.2383,23.16,3.4879E5,9,5881,EAM0037_S3F2G_V8-NaPho_2-D 5_01_4390.d,2,2,,,,PEAKS DB
I(+43.01)ATYRKLLEGEE,28.18,1463.7620,12,-2.6,732.8880,57.29,0,9,19182,EAM0037_S3F2G_V8-NaPho_2-D 5_01_4390.d,0,0,|#CONTAM#372466577|ref|NP_001243222.1|:|#CONTAM#4504919|ref|NP_002264.1|:|#CONTAM#372466572|ref|NP_001243211.1|:|#CONTAM#153791158|ref|NP_004684.2|:|#CONTAM#767974195|ref|XP_011536627.1|:|#CONTAM#67782365|ref|NP_005547.3|,Carbamylation,I1:Carbamylation:20.54,PEAKS PTM
KLADTLKE,28.03,916.5229,8,-0.5,459.2695,34.62,3.8226E4,9,10230,EAM0037_S3F2G_V8-NaPho_2-D 5_01_4390.d,1,1,,,,PEAKS DB
EKQAMLMLLAE,27.84,1275.6566,11,8.8,426.2308,28.01,0,9,7379,EAM0037_S3F2G_V8-NaPho_2-D 5_01_4390.d,0,0,,,,PEAKS DB
RLTLWYGE,27.82,1036.5342,8,-2.5,519.2742,20.85,3.4096E5,9,4437,EAM0037_S3F2G_V8-NaPho_2-D 5_01_4390.d,1,1,,,,PEAKS DB
SFINNLRRRVD,27.76,1388.7637,11,2.8,695.3926,69.91,2.6049E5,9,23761,EAM0037_S3F2G_V8-NaPho_2-D 5_01_4390.d,1,1,,,,PEAKS DB
TFALVGRPRD,27.74,1130.6196,10,-1.0,566.3177,30.73,2.2704E5,9,8716,EAM0037_S3F2G_V8-NaPho_2-D 5_01_4390.d,1,1,,,,PEAKS DB
LRFQSSAVMALQE(+57.02),27.63,1535.7766,13,2.3,512.9351,32.43,2.1256E6,9,9214,EAM0037_S3F2G_V8-NaPho_2-D 5_01_4390.d,1,1,XP_005463512.2,Carbamidomethylation (DHKE  X@N-term),E13:Carbamidomethylation (DHKE  X@N-term):39.83,PEAKS PTM
LQVTVGRHGD,27.54,1080.5676,10,-3.7,541.2903,17.64,0,9,3049,EAM0037_S3F2G_V8-NaPho_2-D 5_01_4390.d,0,0,,,,PEAKS DB
L(+43.01)RFQSSAVMALQE,26.97,1521.7610,13,-0.8,761.8889,62.52,1.7888E5,9,20977,EAM0037_S3F2G_V8-NaPho_2-D 5_01_4390.d,1,1,XP_005463512.2,Carbamylation,L1:Carbamylation:1000.00,PEAKS PTM
DFRIKFE,26.85,953.4970,7,-5.3,477.7543,40.80,0,9,12757,EAM0037_S3F2G_V8-NaPho_2-D 5_01_4390.d,0,0,,,,PEAKS DB
DFRLKFE,26.85,953.4970,7,-5.3,477.7543,40.80,0,9,12757,EAM0037_S3F2G_V8-NaPho_2-D 5_01_4390.d,0,0,|#CONTAM#153945736|ref|NP_853515.2|,,,PEAKS DB
L(+43.01)RFQSSAVM(+15.99)ALQE,26.44,1537.7559,13,-1.0,769.8862,55.63,3.3918E5,9,18750,EAM0037_S3F2G_V8-NaPho_2-D 5_01_4390.d,1,1,XP_005463512.2,Carbamylation; Oxidation (M),L1:Carbamylation:1000.00;M9:Oxidation (M):1000.00,PEAKS PTM
F(+43.01)VLIKKDVDE,26.31,1247.6761,10,0.6,624.8471,50.20,0,9,16491,EAM0037_S3F2G_V8-NaPho_2-D 5_01_4390.d,0,0,|#CONTAM#372466577|ref|NP_001243222.1|:|#CONTAM#4504919|ref|NP_002264.1|:|#CONTAM#372466572|ref|NP_001243211.1|,Carbamylation,F1:Carbamylation:101.71,PEAKS PTM
ELVY(+15.99)RRAPALSGSE,26.25,1562.8052,14,1.3,521.9442,32.36,3.1703E4,9,9193,EAM0037_S3F2G_V8-NaPho_2-D 5_01_4390.d,1,1,,Oxidation or Hydroxylation,Y4:Oxidation or Hydroxylation:17.01,PEAKS PTM
FNGAVFINE(-.98),26.19,1008.5029,9,7.4,505.2635,33.45,4.1607E5,9,9527,EAM0037_S3F2G_V8-NaPho_2-D 5_01_4390.d,1,1,|#CONTAM#88194745|ref|YP_499541.1|,Amidation,E9:Amidation:1000.00,PEAKS PTM
LSTTGGNSGSPVFNEKNE,25.58,1836.8490,18,3.6,919.4371,28.54,7.0856E4,9,7542,EAM0037_S3F2G_V8-NaPho_2-D 5_01_4390.d,1,1,|#CONTAM#88194745|ref|YP_499541.1|,,,PEAKS DB
AVAARSLE,25.56,815.4501,8,1.3,408.7338,20.85,2.5867E5,9,4434,EAM0037_S3F2G_V8-NaPho_2-D 5_01_4390.d,1,1,,,,PEAKS DB
LSVANVNLGQLLASE,25.36,1526.8304,15,4.8,509.9543,42.34,3.8474E4,9,13435,EAM0037_S3F2G_V8-NaPho_2-D 5_01_4390.d,1,1,,,,PEAKS DB
F(+57.02)VLIKKDVD,25.36,1132.6492,9,-3.0,567.3314,34.31,0,9,10058,EAM0037_S3F2G_V8-NaPho_2-D 5_01_4390.d,0,0,|#CONTAM#372466577|ref|NP_001243222.1|:|#CONTAM#4504919|ref|NP_002264.1|:|#CONTAM#372466572|ref|NP_001243211.1|,Carbamidomethylation (DHKE  X@N-term),F1:Carbamidomethylation (DHKE  X@N-term):61.69,PEAKS PTM
LQVTAGRHGDDLRNTKQE,25.35,2037.0352,18,3.9,510.2692,31.00,0,9,8663,EAM0037_S3F2G_V8-NaPho_2-D 5_01_4390.d,0,0,|#CONTAM#153791158|ref|NP_004684.2|,,,PEAKS DB
LEEALQKAKQD,24.84,1271.6721,11,-1.4,636.8439,36.26,3.0104E5,9,10815,EAM0037_S3F2G_V8-NaPho_2-D 5_01_4390.d,1,1,|#CONTAM#153791158|ref|NP_004684.2|,,,PEAKS DB
GLQQAISSLKE,24.69,1172.6400,11,4.6,587.3313,61.72,7.3764E4,9,20854,EAM0037_S3F2G_V8-NaPho_2-D 5_01_4390.d,1,1,,,,PEAKS DB
YSKQTRLSPDE,24.59,1322.6466,11,9.6,662.3384,23.82,2.2006E5,9,5687,EAM0037_S3F2G_V8-NaPho_2-D 5_01_4390.d,1,1,,,,PEAKS DB
LKGR(+.98)GSATAIGGIHD(-18.01),24.18,1434.7579,15,1.9,479.2619,34.14,0,9,9990,EAM0037_S3F2G_V8-NaPho_2-D 5_01_4390.d,0,0,,Citrullination; Dehydration,R4:Citrullination:1000.00;D15:Dehydration:7.31,PEAKS PTM
SKAN(+.98)ARIEE,24.05,1017.5090,9,-8.9,509.7584,19.07,5.024E5,9,3647,EAM0037_S3F2G_V8-NaPho_2-D 5_01_4390.d,1,1,,Deamidation (NQ),N4:Deamidation (NQ):1000.00,PEAKS PTM
GTK(+43.01)AVTK(+43.01)YTSSK,23.98,1355.7045,12,-1.5,678.8600,23.12,6.1094E4,9,5304,EAM0037_S3F2G_V8-NaPho_2-D 5_01_4390.d,1,1,XP_003451196.1,Carbamylation,K3:Carbamylation:0.00;K7:Carbamylation:12.35,PEAKS PTM
F(+57.02)VLLKKDVD,23.98,1132.6492,9,-3.0,567.3314,34.31,0,9,10058,EAM0037_S3F2G_V8-NaPho_2-D 5_01_4390.d,0,0,,Carbamidomethylation (DHKE  X@N-term),F1:Carbamidomethylation (DHKE  X@N-term):61.69,PEAKS PTM
LTLARTD(+15.99)LE,23.97,1046.5608,9,2.1,524.2899,33.79,1.4951E5,9,9808,EAM0037_S3F2G_V8-NaPho_2-D 5_01_4390.d,1,1,|#CONTAM#24430190|ref|NP_002266.2|,Oxidation or Hydroxylation,D7:Oxidation or Hydroxylation:12.81,PEAKS PTM
LGQRQKPTYPE,23.88,1315.6884,11,6.5,658.8572,48.19,1.7328E5,9,15651,EAM0037_S3F2G_V8-NaPho_2-D 5_01_4390.d,1,1,,,,PEAKS DB
NKTGSAFLSSLALVGNKIAE,23.78,2019.1000,20,0.3,505.7835,34.45,0,9,10115,EAM0037_S3F2G_V8-NaPho_2-D 5_01_4390.d,0,0,,,,PEAKS DB
QETAVTFHEQE,23.73,1317.5837,11,6.2,440.2056,37.53,1.4252E5,9,11379,EAM0037_S3F2G_V8-NaPho_2-D 5_01_4390.d,1,1,,,,PEAKS DB
FTLGAGPRFPE,23.72,1190.6084,11,-2.6,596.3112,55.69,5.3302E5,9,18879,EAM0037_S3F2G_V8-NaPho_2-D 5_01_4390.d,1,1,,,,PEAKS DB
LQAKLDNLQQE,23.39,1298.6830,11,5.1,650.3535,48.01,4.3959E5,9,15802,EAM0037_S3F2G_V8-NaPho_2-D 5_01_4390.d,1,1,,,,PEAKS DB
DSAGSEALSLKE,23.01,1205.5775,12,-7.4,603.7929,46.95,0,9,15229,EAM0037_S3F2G_V8-NaPho_2-D 5_01_4390.d,0,0,,,,PEAKS DB
SISKLGD,22.92,718.3861,7,2.5,360.2020,20.60,0,9,4369,EAM0037_S3F2G_V8-NaPho_2-D 5_01_4390.d,0,0,,,,PEAKS DB
TADRALLQEINKE,22.89,1499.7943,13,3.7,500.9417,19.48,0,9,3869,EAM0037_S3F2G_V8-NaPho_2-D 5_01_4390.d,0,0,,,,PEAKS DB
GDHHKALQDE,22.72,1148.5210,10,-0.2,575.2689,17.91,8.9728E4,9,3149,EAM0037_S3F2G_V8-NaPho_2-D 5_01_4390.d,1,1,,,,PEAKS DB
AKVKSLPE,22.67,870.5175,8,0.0,436.2670,45.31,5.3528E4,9,14517,EAM0037_S3F2G_V8-NaPho_2-D 5_01_4390.d,1,1,|#CONTAM#153791158|ref|NP_004684.2|,,,PEAKS DB
A(+57.02)RLKS(-18.01)KINLE,22.57,1209.7194,10,1.7,404.2486,22.91,1.4409E6,9,5210,EAM0037_S3F2G_V8-NaPho_2-D 5_01_4390.d,1,1,,Carbamidomethylation (DHKE  X@N-term); Dehydration,A1:Carbamidomethylation (DHKE  X@N-term):7.64;S5:Dehydration:1000.00,PEAKS PTM
SRLNIGLE,22.36,900.5029,8,-7.1,451.2565,20.61,1.0834E6,9,4616,EAM0037_S3F2G_V8-NaPho_2-D 5_01_4390.d,1,1,,,,PEAKS DB
V(+57.02)DPNIQAVR(+28.03)TQE,22.35,1453.7524,12,0.1,727.8852,49.15,1.4624E5,9,16034,EAM0037_S3F2G_V8-NaPho_2-D 5_01_4390.d,1,1,|#CONTAM#372466577|ref|NP_001243222.1|:|#CONTAM#4504919|ref|NP_002264.1|:|#CONTAM#372466572|ref|NP_001243211.1|,Carbamidomethylation (DHKE  X@N-term); Dimethylation(KR),V1:Carbamidomethylation (DHKE  X@N-term):14.02;R9:Dimethylation(KR):1000.00,PEAKS PTM
GSILSCAPIVPTAE,22.31,1356.6959,14,5.5,679.3605,39.25,0,9,12084,EAM0037_S3F2G_V8-NaPho_2-D 5_01_4390.d,0,0,,,,PEAKS DB
ISSKGVQE,22.30,846.4447,8,-7.7,424.2273,29.30,1.4487E5,9,8096,EAM0037_S3F2G_V8-NaPho_2-D 5_01_4390.d,1,1,,,,PEAKS DB
VALRQSVE,22.18,900.5029,8,1.1,451.2602,25.90,1.6611E5,9,6502,EAM0037_S3F2G_V8-NaPho_2-D 5_01_4390.d,1,1,,,,PEAKS DB
RNHLQDVLE,22.01,1122.5781,9,-1.6,562.2967,37.56,0,9,11402,EAM0037_S3F2G_V8-NaPho_2-D 5_01_4390.d,0,0,,,,PEAKS DB
VAQVRLE,21.99,813.4708,7,-6.2,407.7411,31.34,0,9,8801,EAM0037_S3F2G_V8-NaPho_2-D 5_01_4390.d,0,0,,,,PEAKS DB
ITTSLGKE,21.67,847.4651,8,-9.3,424.7368,31.94,1.0986E6,9,8987,EAM0037_S3F2G_V8-NaPho_2-D 5_01_4390.d,1,1,,,,PEAKS DB
NLSRVPNAD,21.47,984.4988,9,-6.2,493.2547,30.81,7.1315E4,9,8462,EAM0037_S3F2G_V8-NaPho_2-D 5_01_4390.d,1,1,,,,PEAKS DB
DAGATTSARNE,21.45,1091.4843,11,-1.2,546.7499,21.76,3.7403E5,9,4782,EAM0037_S3F2G_V8-NaPho_2-D 5_01_4390.d,1,1,|#CONTAM#153945736|ref|NP_853515.2|,,,PEAKS DB
H(+57.02)IDK(+31.99)NPKSQLE,21.44,1396.6946,11,-4.6,699.3529,36.33,6.8287E5,9,11107,EAM0037_S3F2G_V8-NaPho_2-D 5_01_4390.d,1,1,,Carbamidomethylation (DHKE  X@N-term); Dihydroxy,H1:Carbamidomethylation (DHKE  X@N-term):0.00;K4:Dihydroxy:15.73,PEAKS PTM
NEFVLLKKD,21.38,1104.6179,9,-7.5,369.2113,29.86,8.8685E4,9,8120,EAM0037_S3F2G_V8-NaPho_2-D 5_01_4390.d,1,1,,,,PEAKS DB
NEFVLIKKD,21.38,1104.6179,9,-7.5,369.2113,29.86,8.8685E4,9,8120,EAM0037_S3F2G_V8-NaPho_2-D 5_01_4390.d,1,1,|#CONTAM#372466577|ref|NP_001243222.1|:|#CONTAM#4504919|ref|NP_002264.1|:|#CONTAM#372466572|ref|NP_001243211.1|,,,PEAKS DB
TK(+15.99)WALLQE,21.34,1003.5338,8,1.2,502.7759,43.33,1.9734E6,9,13731,EAM0037_S3F2G_V8-NaPho_2-D 5_01_4390.d,1,1,|#CONTAM#153791158|ref|NP_004684.2|,Oxidation or Hydroxylation,K2:Oxidation or Hydroxylation:1000.00,PEAKS PTM
IDPQIGQVKAQE,21.34,1324.6986,12,1.5,442.5751,45.72,1.4352E5,9,14761,EAM0037_S3F2G_V8-NaPho_2-D 5_01_4390.d,1,1,,,,PEAKS DB
ASRLAHYNKRSTITSRE,21.30,1989.0504,17,2.5,498.2722,16.21,2.9018E4,9,2286,EAM0037_S3F2G_V8-NaPho_2-D 5_01_4390.d,1,1,XP_003451196.1,,,PEAKS DB
LCLLIKREQAAE,21.19,1385.7700,12,-5.9,462.9289,31.42,1.6096E5,9,8839,EAM0037_S3F2G_V8-NaPho_2-D 5_01_4390.d,1,1,,,,PEAKS DB
KQSLGTIE,21.13,874.4760,8,-3.0,438.2449,22.27,1.7566E5,9,5038,EAM0037_S3F2G_V8-NaPho_2-D 5_01_4390.d,1,1,,,,PEAKS DB
ATHGDPHALKAFPSAINQD,21.04,1988.9703,19,8.2,664.0043,30.16,0,9,8299,EAM0037_S3F2G_V8-NaPho_2-D 5_01_4390.d,0,0,|#CONTAM#88194745|ref|YP_499541.1|,,,PEAKS DB
QIALSAQE,20.97,858.4447,8,2.2,430.2315,33.44,2.1921E5,9,9616,EAM0037_S3F2G_V8-NaPho_2-D 5_01_4390.d,1,1,,,,PEAKS DB
VTDLRRTLQGLE,20.85,1399.7783,12,0.8,467.6015,43.22,2.2988E5,9,13704,EAM0037_S3F2G_V8-NaPho_2-D 5_01_4390.d,1,1,,,,PEAKS DB
I(+43.01)ATYRKLLE,20.83,1148.6553,9,1.5,575.3370,52.19,6.6146E4,9,17219,EAM0037_S3F2G_V8-NaPho_2-D 5_01_4390.d,1,1,|#CONTAM#372466577|ref|NP_001243222.1|:|#CONTAM#4504919|ref|NP_002264.1|:|#CONTAM#372466572|ref|NP_001243211.1|:|#CONTAM#153791158|ref|NP_004684.2|:|#CONTAM#767974195|ref|XP_011536627.1|:|#CONTAM#67782365|ref|NP_005547.3|,Carbamylation,I1:Carbamylation:7.95,PEAKS PTM
L(+226.08)GHISK(+14.02)NAIGFAEK(+57.02)MAAE,20.80,2183.0867,18,2.7,546.7816,33.44,2.3779E5,9,9656,EAM0037_S3F2G_V8-NaPho_2-D 5_01_4390.d,1,1,,Biotinylation; Methylation(KR); Carbamidomethylation (DHKE  X@N-term),L1:Biotinylation:53.15;K6:Methylation(KR):66.10;K14:Carbamidomethylation (DHKE  X@N-term):0.00,PEAKS PTM
GQPTTHE,20.68,768.3402,7,0.1,385.1783,46.06,0,9,14876,EAM0037_S3F2G_V8-NaPho_2-D 5_01_4390.d,0,0,,,,PEAKS DB
LGAKLAK(+114.04)LD,20.66,1041.6182,9,0.5,521.8177,45.62,3.2208E4,9,14674,EAM0037_S3F2G_V8-NaPho_2-D 5_01_4390.d,1,1,,Ubiquitin,K7:Ubiquitin:20.70,PEAKS PTM
VEIATYRQLLE,20.60,1333.7241,11,-3.3,445.5815,29.65,5.2506E4,9,8119,EAM0037_S3F2G_V8-NaPho_2-D 5_01_4390.d,1,1,,,,PEAKS DB
R(+28.03)TR(+.98)SATGTGKAD,20.59,1248.6422,12,9.8,417.2263,22.99,0,9,5349,EAM0037_S3F2G_V8-NaPho_2-D 5_01_4390.d,0,0,,Dimethylation(KR); Citrullination,R1:Dimethylation(KR):0.00;R3:Citrullination:0.00,PEAKS PTM
AAAKKVEE,20.59,844.4654,8,-1.0,423.2405,27.52,2.8628E5,9,7144,EAM0037_S3F2G_V8-NaPho_2-D 5_01_4390.d,1,1,,,,PEAKS DB
HVDCRGAVTALE,20.57,1269.6135,12,9.7,635.8216,40.57,0,9,12662,EAM0037_S3F2G_V8-NaPho_2-D 5_01_4390.d,0,0,,,,PEAKS DB
MSGRGKTGGKARAKAKTRSSRAGLQFPVGRVHRLLRKGNYAE,20.48,4552.5371,42,-9.8,351.1998,73.81,0,9,24909,EAM0037_S3F2G_V8-NaPho_2-D 5_01_4390.d,0,0,XP_003451211.1,,,PEAKS DB
SES(-18.01)IGIYVQE(-.98),20.48,1104.5452,10,3.6,553.2831,25.80,1.472E5,9,6434,EAM0037_S3F2G_V8-NaPho_2-D 5_01_4390.d,1,1,XP_003451493.1:XP_005456204.1,Dehydration; Amidation,S3:Dehydration:4.64;E10:Amidation:1000.00,PEAKS PTM
LVNR(+15.99)VSSHE,20.45,1055.5360,9,8.7,528.7811,18.79,1.1639E6,9,3744,EAM0037_S3F2G_V8-NaPho_2-D 5_01_4390.d,1,1,,Oxidation or Hydroxylation,R4:Oxidation or Hydroxylation:12.28,PEAKS PTM
LKDDLGSALE,20.43,1059.5448,10,1.8,530.7818,23.89,2.926E5,9,5877,EAM0037_S3F2G_V8-NaPho_2-D 5_01_4390.d,1,1,XP_003451493.1,,,PEAKS DB
GVEIKVE,20.42,772.4330,7,3.8,387.2261,30.66,1.0759E5,9,8840,EAM0037_S3F2G_V8-NaPho_2-D 5_01_4390.d,1,1,,,,PEAKS DB
ISKAAGSFGTTVE,20.37,1266.6455,13,-5.5,634.3279,31.04,1.5015E5,9,8632,EAM0037_S3F2G_V8-NaPho_2-D 5_01_4390.d,1,1,,,,PEAKS DB
R(+15.99)GPKK(+71.01)LE,20.23,913.5107,7,-1.8,457.7628,22.95,1.137E6,9,5454,EAM0037_S3F2G_V8-NaPho_2-D 5_01_4390.d,1,1,,Oxidation or Hydroxylation; Lactylation,R1:Oxidation or Hydroxylation:32.28;K5:Lactylation:16.90,PEAKS PTM
KTSPGVPGAPPD,20.15,1121.5717,12,0.4,561.7946,53.60,4.8186E5,9,17719,EAM0037_S3F2G_V8-NaPho_2-D 5_01_4390.d,1,1,,,,PEAKS DB
SGVQFQNE,20.14,907.4036,8,9.2,454.7142,22.88,1.4767E5,9,5405,EAM0037_S3F2G_V8-NaPho_2-D 5_01_4390.d,1,1,,,,PEAKS DB
EAIMRKNE,20.10,989.4964,8,4.1,495.7586,26.61,0,9,6807,EAM0037_S3F2G_V8-NaPho_2-D 5_01_4390.d,0,0,,,,PEAKS DB
VTLAGQRAFE,20.10,1090.5770,10,2.5,546.2983,38.60,1.6783E5,9,11602,EAM0037_S3F2G_V8-NaPho_2-D 5_01_4390.d,1,1,,,,PEAKS DB
MEQAKRSE,20.06,977.4600,8,-9.3,489.7338,53.62,3.182E4,9,17839,EAM0037_S3F2G_V8-NaPho_2-D 5_01_4390.d,1,1,,,,PEAKS DB
LGRKSAE,20.06,759.4239,7,2.4,380.7210,17.77,1.4088E5,9,3112,EAM0037_S3F2G_V8-NaPho_2-D 5_01_4390.d,1,1,,,,PEAKS DB
IN(+.98)FLRT(+114.04)LNE,20.03,1233.6354,9,3.1,617.8282,43.34,0,9,13802,EAM0037_S3F2G_V8-NaPho_2-D 5_01_4390.d,0,0,|#CONTAM#767974195|ref|XP_011536627.1|:|#CONTAM#67782365|ref|NP_005547.3|,Deamidation (NQ); Ubiquitin,N2:Deamidation (NQ):40.11;T6:Ubiquitin:1000.00,PEAKS PTM
SELRNVQD,19.95,959.4672,8,4.8,480.7443,33.83,0,9,9856,EAM0037_S3F2G_V8-NaPho_2-D 5_01_4390.d,0,0,,,,PEAKS DB
ILDSQVGGVE,19.95,1015.5186,10,5.0,508.7702,18.50,8.8949E4,9,3325,EAM0037_S3F2G_V8-NaPho_2-D 5_01_4390.d,1,1,,,,PEAKS DB
VKALIAE,19.85,742.4589,7,1.9,372.2382,23.85,7.0475E5,9,5614,EAM0037_S3F2G_V8-NaPho_2-D 5_01_4390.d,1,1,,,,PEAKS DB
TLLTNKHVVD,19.84,1138.6346,10,-0.1,570.3258,20.84,0,9,4474,EAM0037_S3F2G_V8-NaPho_2-D 5_01_4390.d,0,0,|#CONTAM#88194745|ref|YP_499541.1|,,,PEAKS DB
GAQRISLCIE,19.82,1088.5648,10,8.8,545.2957,43.02,0,9,13675,EAM0037_S3F2G_V8-NaPho_2-D 5_01_4390.d,0,0,,,,PEAKS DB
ALSLKLGAD,19.64,886.5123,9,-7.1,444.2613,26.11,2.3547E6,9,6471,EAM0037_S3F2G_V8-NaPho_2-D 5_01_4390.d,1,1,,,,PEAKS DB
LR(+15.99)LSRMTHE,19.63,1157.5975,9,-1.2,579.8066,42.49,6.8031E4,9,13496,EAM0037_S3F2G_V8-NaPho_2-D 5_01_4390.d,1,1,,Oxidation or Hydroxylation,R2:Oxidation or Hydroxylation:56.34,PEAKS PTM
GLKGQRASLE,19.57,1057.5880,10,-6.5,529.7990,69.12,0,9,23438,EAM0037_S3F2G_V8-NaPho_2-D 5_01_4390.d,0,0,|#CONTAM#372466577|ref|NP_001243222.1|:|#CONTAM#4504919|ref|NP_002264.1|:|#CONTAM#372466572|ref|NP_001243211.1|,,,PEAKS DB
RVGAGAP(+31.99)VY(-18.01)LAAVLE(-.98),19.51,1497.8303,15,-9.8,500.2802,24.33,2.1467E5,9,5876,EAM0037_S3F2G_V8-NaPho_2-D 5_01_4390.d,1,1,XP_003451211.1,Dihydroxy; Dehydration; Amidation,P7:Dihydroxy:13.13;Y9:Dehydration:1000.00;E15:Amidation:1000.00,PEAKS PTM
AGSNGGGTLNLGGLRAVRGASD,19.44,1999.0194,22,-7.7,667.3434,46.20,0,9,14929,EAM0037_S3F2G_V8-NaPho_2-D 5_01_4390.d,0,0,,,,PEAKS DB
ELKQQVDE,19.44,987.4872,8,1.4,494.7527,20.01,2.1422E6,9,4046,EAM0037_S3F2G_V8-NaPho_2-D 5_01_4390.d,1,1,,,,PEAKS DB
ETVLVFKGLQSTE,19.44,1449.7715,13,6.7,484.2687,37.05,1.1022E5,9,11127,EAM0037_S3F2G_V8-NaPho_2-D 5_01_4390.d,1,1,,,,PEAKS DB
AAKLTPRRE,19.36,1040.6090,9,-8.0,521.3088,19.11,2.2292E5,9,3651,EAM0037_S3F2G_V8-NaPho_2-D 5_01_4390.d,1,1,,,,PEAKS DB
FVALK(+28.03)K(+57.02)DVDAAYMNKVE,19.36,2025.0604,17,1.1,676.0297,59.47,1.4022E5,9,19967,EAM0037_S3F2G_V8-NaPho_2-D 5_01_4390.d,1,1,|#CONTAM#153791158|ref|NP_004684.2|,Dimethylation(KR); Carbamidomethylation (DHKE  X@N-term),K5:Dimethylation(KR):0.00;K6:Carbamidomethylation (DHKE  X@N-term):0.00,PEAKS PTM
YPAGTSIVGVLGAD,19.36,1318.6769,14,-0.7,660.3467,24.84,0,9,6101,EAM0037_S3F2G_V8-NaPho_2-D 5_01_4390.d,0,0,,,,PEAKS DB
QSKAESMQRALEE,19.10,1505.7144,13,-3.7,753.8633,37.19,8.5449E5,9,11148,EAM0037_S3F2G_V8-NaPho_2-D 5_01_4390.d,1,1,,,,PEAKS DB
RMLKVTGE,19.06,932.5114,8,-2.5,467.2628,46.15,8.571E4,9,14856,EAM0037_S3F2G_V8-NaPho_2-D 5_01_4390.d,1,1,,,,PEAKS DB
LFRKGQGNQE,19.04,1175.6047,10,1.4,588.8118,21.45,1.0977E6,9,4901,EAM0037_S3F2G_V8-NaPho_2-D 5_01_4390.d,1,1,,,,PEAKS DB
AR(+14.02)ANGAHQATSKGND,19.03,1510.7236,15,-1.0,756.3700,19.53,1.5039E5,9,3880,EAM0037_S3F2G_V8-NaPho_2-D 5_01_4390.d,1,1,,Methylation(KR),R2:Methylation(KR):27.14,PEAKS PTM
ELVYRRAPALSGSE,19.03,1546.8103,14,-0.4,387.7106,17.99,0,9,3219,EAM0037_S3F2G_V8-NaPho_2-D 5_01_4390.d,0,0,,,,PEAKS DB
LRNTKSEIIE,19.02,1201.6666,10,-6.9,601.8378,17.39,4.83E4,9,2914,EAM0037_S3F2G_V8-NaPho_2-D 5_01_4390.d,1,1,,,,PEAKS DB
LNFNMLAAFD,18.96,1154.5430,10,1.8,578.2811,56.66,4.8721E4,9,18980,EAM0037_S3F2G_V8-NaPho_2-D 5_01_4390.d,1,1,,,,PEAKS DB
ANAINLAATPTE,18.93,1184.6036,12,9.7,593.3162,51.56,6.0112E4,9,16950,EAM0037_S3F2G_V8-NaPho_2-D 5_01_4390.d,1,1,,,,PEAKS DB
IATYRQLLEGEE,18.81,1420.7197,12,-3.8,711.3660,33.79,0,9,9840,EAM0037_S3F2G_V8-NaPho_2-D 5_01_4390.d,0,0,,,,PEAKS DB
VK(+71.01)QIAHATE,18.80,1066.5532,9,-4.8,534.2825,25.62,1.4011E7,9,7172,EAM0037_S3F2G_V8-NaPho_2-D 5_01_4390.d,1,1,,Lactylation,K2:Lactylation:1000.00,PEAKS PTM
VVYRTNLFD,18.74,1125.5818,9,-5.4,563.7964,38.36,1.2144E6,9,11897,EAM0037_S3F2G_V8-NaPho_2-D 5_01_4390.d,1,1,,,,PEAKS DB
SQLQYTE,18.69,867.3974,7,6.1,434.7096,49.08,5.4102E4,9,16040,EAM0037_S3F2G_V8-NaPho_2-D 5_01_4390.d,1,1,,,,PEAKS DB
V(+43.01)S(+114.04)NLAGFDVEGVINPTNAE,18.67,2101.9917,19,0.3,701.6729,57.86,3.9754E5,9,19359,EAM0037_S3F2G_V8-NaPho_2-D 5_01_4390.d,1,1,XP_003451493.1:XP_013130601.1,Carbamylation; Ubiquitin,V1:Carbamylation:1000.00;S2:Ubiquitin:37.92,PEAKS PTM
TVKFAHLD,18.62,929.4971,8,7.5,465.7603,36.10,0,9,10805,EAM0037_S3F2G_V8-NaPho_2-D 5_01_4390.d,0,0,,,,PEAKS DB
AVNANIINKE,18.60,1084.5876,10,3.6,543.3043,17.84,1.0931E5,9,3128,EAM0037_S3F2G_V8-NaPho_2-D 5_01_4390.d,1,1,,,,PEAKS DB
GGGRKEKVE,18.59,958.5195,9,7.4,480.2716,22.92,2.693E5,9,5002,EAM0037_S3F2G_V8-NaPho_2-D 5_01_4390.d,1,1,,,,PEAKS DB
AGKSERCIIE,18.45,1104.5597,10,5.6,553.2914,29.76,6.4229E5,9,8342,EAM0037_S3F2G_V8-NaPho_2-D 5_01_4390.d,1,1,,,,PEAKS DB
STLPFGTVNPTCE,18.45,1364.6282,13,4.2,683.3257,21.40,0,9,4713,EAM0037_S3F2G_V8-NaPho_2-D 5_01_4390.d,0,0,,,,PEAKS DB
LKDGVGNALE,18.42,1014.5345,10,3.1,508.2772,38.41,0,9,11751,EAM0037_S3F2G_V8-NaPho_2-D 5_01_4390.d,0,0,,,,PEAKS DB
G(+57.02)IARSIESVLRSRE(+57.02),18.33,1685.9172,14,4.4,562.9834,54.03,0,9,17962,EAM0037_S3F2G_V8-NaPho_2-D 5_01_4390.d,0,0,,Carbamidomethylation (DHKE  X@N-term),G1:Carbamidomethylation (DHKE  X@N-term):0.00;E14:Carbamidomethylation (DHKE  X@N-term):41.52,PEAKS PTM
NQSDVILQAKAE,18.32,1314.6779,12,7.7,658.3527,40.85,0,9,12780,EAM0037_S3F2G_V8-NaPho_2-D 5_01_4390.d,0,0,,,,PEAKS DB
AQAATGFIIDPVE,18.30,1330.6769,13,6.8,444.5703,16.28,0,9,2325,EAM0037_S3F2G_V8-NaPho_2-D 5_01_4390.d,0,0,,,,PEAKS DB
R(+43.01)K(+15.99)GK(+28.03)DLGAKLAKLD,18.29,1598.9468,14,7.2,400.7477,28.55,0,9,7606,EAM0037_S3F2G_V8-NaPho_2-D 5_01_4390.d,0,0,,Carbamylation; Oxidation or Hydroxylation; Dimethylation(KR),R1:Carbamylation:7.65;K2:Oxidation or Hydroxylation:7.65;K4:Dimethylation(KR):11.10,PEAKS PTM
KRVIDVQTE,18.23,1086.6033,9,-1.3,544.3094,28.05,4.1906E4,9,7369,EAM0037_S3F2G_V8-NaPho_2-D 5_01_4390.d,1,1,,,,PEAKS DB
IQGVASGLNMFSKLRRGILSITNFLLSE,18.22,3063.6902,28,-3.1,613.7448,9.14,0,9,761,EAM0037_S3F2G_V8-NaPho_2-D 5_01_4390.d,0,0,,,,PEAKS DB
AGSTAPLFTD,18.11,978.4658,10,2.8,490.2426,21.27,4.0666E5,9,4615,EAM0037_S3F2G_V8-NaPho_2-D 5_01_4390.d,1,1,,,,PEAKS DB
RYKQRKRQREE,18.06,1575.8706,11,2.7,526.3000,27.85,1.1093E6,9,7253,EAM0037_S3F2G_V8-NaPho_2-D 5_01_4390.d,1,1,,,,PEAKS DB
GLKRPSD,18.05,771.4239,7,1.6,386.7207,38.05,6.8983E4,9,11558,EAM0037_S3F2G_V8-NaPho_2-D 5_01_4390.d,1,1,,,,PEAKS DB
QQTRLGGWE,18.00,1073.5254,9,-2.6,537.7698,21.84,0,9,4893,EAM0037_S3F2G_V8-NaPho_2-D 5_01_4390.d,0,0,,,,PEAKS DB
LLKQTTGDEVLIIQD,17.98,1684.9247,15,1.4,562.6509,45.52,3.5763E4,9,14644,EAM0037_S3F2G_V8-NaPho_2-D 5_01_4390.d,1,1,,,,PEAKS DB
GLSGLLLGSE,17.91,944.5178,10,-3.1,473.2658,48.90,0,9,15987,EAM0037_S3F2G_V8-NaPho_2-D 5_01_4390.d,0,0,,,,PEAKS DB
IDNIKNQRAKLE,17.90,1440.8048,12,2.2,481.2776,25.19,0,9,6245,EAM0037_S3F2G_V8-NaPho_2-D 5_01_4390.d,0,0,|#CONTAM#767974195|ref|XP_011536627.1|:|#CONTAM#67782365|ref|NP_005547.3|,,,PEAKS DB
KNP(+15.99)KS(+114.04)QLE,17.85,1072.5513,8,4.8,537.2867,28.44,3.2015E5,9,7374,EAM0037_S3F2G_V8-NaPho_2-D 5_01_4390.d,1,1,,Oxidation or Hydroxylation; Ubiquitin,P3:Oxidation or Hydroxylation:0.00;S5:Ubiquitin:8.69,PEAKS PTM
EFKMLLAGGALAILRLSQYGD,17.79,2265.2190,21,8.9,454.0561,42.94,4.5182E5,9,13541,EAM0037_S3F2G_V8-NaPho_2-D 5_01_4390.d,1,1,,,,PEAKS DB
GVFLSKMELE,17.68,1151.5896,10,8.1,384.8745,17.59,9.5299E4,9,3018,EAM0037_S3F2G_V8-NaPho_2-D 5_01_4390.d,1,1,,,,PEAKS DB
TLRDLAQGTKTLQE,17.64,1572.8472,14,-5.8,787.4280,48.08,4.6287E5,9,15584,EAM0037_S3F2G_V8-NaPho_2-D 5_01_4390.d,1,1,,,,PEAKS DB
LQSLMAVKHSYE,17.64,1404.7072,12,-0.8,703.3619,38.94,0,9,11963,EAM0037_S3F2G_V8-NaPho_2-D 5_01_4390.d,0,0,,,,PEAKS DB
LPNSSTTSTSSGPVE,17.61,1462.6787,15,-2.1,732.3467,40.79,1.6667E5,9,12887,EAM0037_S3F2G_V8-NaPho_2-D 5_01_4390.d,1,1,,,,PEAKS DB
NLSRLIQQAGTGGERVRGGEKVSE,17.60,2540.3418,24,3.5,509.0785,39.66,0,9,12266,EAM0037_S3F2G_V8-NaPho_2-D 5_01_4390.d,0,0,,,,PEAKS DB
T(+226.08)SVVLSMD(-18.01)NNRNLD,17.58,1784.8186,14,7.1,595.9523,37.77,3.4384E6,9,11645,EAM0037_S3F2G_V8-NaPho_2-D 5_01_4390.d,1,1,|#CONTAM#153791158|ref|NP_004684.2|,Biotinylation; Dehydration,T1:Biotinylation:1000.00;D8:Dehydration:22.09,PEAKS PTM
RDYSPYYKTIEE,17.56,1562.7252,12,3.9,782.3746,38.22,7.4745E4,9,11671,EAM0037_S3F2G_V8-NaPho_2-D 5_01_4390.d,1,1,,,,PEAKS DB
NVKK(+14.02)QASNLE,17.56,1143.6248,10,0.3,572.8211,55.24,0,9,18418,EAM0037_S3F2G_V8-NaPho_2-D 5_01_4390.d,0,0,,Methylation(KR),K4:Methylation(KR):11.06,PEAKS PTM
TLVRRSK(+31.99)E,17.50,1019.5723,8,-6.8,510.7911,26.11,1.8076E5,9,6725,EAM0037_S3F2G_V8-NaPho_2-D 5_01_4390.d,1,1,,Dihydroxy,K7:Dihydroxy:7.32,PEAKS PTM
GFSIQEKYVAAD,17.50,1326.6455,12,-5.0,664.3282,50.46,0,9,16594,EAM0037_S3F2G_V8-NaPho_2-D 5_01_4390.d,0,0,,,,PEAKS DB
QKWLAQQLREMQIKTKAGE,17.49,2285.2314,19,0.2,458.0547,37.02,7.6299E4,9,11113,EAM0037_S3F2G_V8-NaPho_2-D 5_01_4390.d,1,1,,,,PEAKS DB
HVK(+31.99)VVLEP(+15.99)VTAGLNTE,17.48,1752.9258,16,0.1,585.3172,55.85,0,9,18643,EAM0037_S3F2G_V8-NaPho_2-D 5_01_4390.d,0,0,,Dihydroxy; Oxidation or Hydroxylation,K3:Dihydroxy:14.62;P8:Oxidation or Hydroxylation:14.62,PEAKS PTM
FLTALYQAE,17.46,1054.5334,9,8.9,528.2798,39.92,2.8409E5,9,12056,EAM0037_S3F2G_V8-NaPho_2-D 5_01_4390.d,1,1,,,,PEAKS DB
IEGLK(+43.01)GQRASLE,17.41,1342.7205,12,2.6,448.5829,17.66,6.1498E5,9,3028,EAM0037_S3F2G_V8-NaPho_2-D 5_01_4390.d,1,1,|#CONTAM#372466577|ref|NP_001243222.1|:|#CONTAM#4504919|ref|NP_002264.1|:|#CONTAM#372466572|ref|NP_001243211.1|,Carbamylation,K5:Carbamylation:33.81,PEAKS PTM
ASHFAKTGKNGFR(+14.02)AQSD,17.40,1834.9073,17,-4.3,612.6418,16.08,8.8794E3,9,2230,EAM0037_S3F2G_V8-NaPho_2-D 5_01_4390.d,1,1,,Methylation(KR),R13:Methylation(KR):6.65,PEAKS PTM
LQHPAKISIE,17.38,1134.6396,10,-6.1,379.2190,25.80,9.1779E4,9,6629,EAM0037_S3F2G_V8-NaPho_2-D 5_01_4390.d,1,1,,,,PEAKS DB
LRD(-18.01)K(+43.01)IMATTID,17.32,1300.6809,11,-6.8,651.3447,70.88,0,9,24107,EAM0037_S3F2G_V8-NaPho_2-D 5_01_4390.d,0,0,|#CONTAM#24430190|ref|NP_002266.2|,Dehydration; Carbamylation,D3:Dehydration:23.70;K4:Carbamylation:28.36,PEAKS PTM
SAFGGSKLGSSGKNVARSIVVGQRRKD,17.30,2760.5107,27,-6.8,553.1069,36.68,0,9,11049,EAM0037_S3F2G_V8-NaPho_2-D 5_01_4390.d,0,0,,,,PEAKS DB
LRSTSHIPSAALQE,17.28,1508.7947,14,7.1,378.2095,20.97,0,9,4529,EAM0037_S3F2G_V8-NaPho_2-D 5_01_4390.d,0,0,,,,PEAKS DB
KKRNNTID,17.25,987.5461,8,-1.9,494.7805,23.01,0,9,5356,EAM0037_S3F2G_V8-NaPho_2-D 5_01_4390.d,0,0,,,,PEAKS DB
RLTLCNCAENLQE,17.22,1505.6967,13,8.1,753.8633,37.19,8.5449E5,9,11170,EAM0037_S3F2G_V8-NaPho_2-D 5_01_4390.d,1,1,,,,PEAKS DB
KITSSAMKGGIE,17.16,1220.6434,12,-2.8,611.3286,20.28,1.2787E5,9,4235,EAM0037_S3F2G_V8-NaPho_2-D 5_01_4390.d,1,1,,,,PEAKS DB
NSIKIKRD,17.16,972.5716,8,7.7,487.2979,24.49,0,9,5959,EAM0037_S3F2G_V8-NaPho_2-D 5_01_4390.d,0,0,,,,PEAKS DB
SPEPSVQRQE,17.16,1155.5520,10,3.0,578.7863,44.17,4.4192E5,9,14126,EAM0037_S3F2G_V8-NaPho_2-D 5_01_4390.d,1,1,,,,PEAKS DB
TEVALIRCRSE,17.13,1275.6605,11,-1.2,426.2279,18.06,2.0929E5,9,3576,EAM0037_S3F2G_V8-NaPho_2-D 5_01_4390.d,1,1,,,,PEAKS DB
RPQISNE,17.11,842.4246,7,-7.8,422.2172,30.51,8.3675E4,9,8364,EAM0037_S3F2G_V8-NaPho_2-D 5_01_4390.d,1,1,,,,PEAKS DB
LEGLRNRSE,17.11,1072.5625,9,-5.1,537.2870,44.20,0,9,14154,EAM0037_S3F2G_V8-NaPho_2-D 5_01_4390.d,0,0,,,,PEAKS DB
VTVNQSLLTPLHLQIDPTIQRVRAE,17.11,2840.5872,25,-8.8,569.1210,9.36,0,9,816,EAM0037_S3F2G_V8-NaPho_2-D 5_01_4390.d,0,0,|#CONTAM#153791158|ref|NP_004684.2|,,,PEAKS DB
EEAHRRATLE,17.10,1210.6055,10,4.1,606.3138,33.16,5.3767E5,9,9804,EAM0037_S3F2G_V8-NaPho_2-D 5_01_4390.d,1,1,,,,PEAKS DB
TLSGDRVRLD,17.08,1130.6044,10,4.2,566.3131,39.61,1.7959E5,9,12228,EAM0037_S3F2G_V8-NaPho_2-D 5_01_4390.d,1,1,,,,PEAKS DB
QSPSAASGSD,17.04,905.3726,10,5.2,453.6970,36.32,5.2676E4,9,10906,EAM0037_S3F2G_V8-NaPho_2-D 5_01_4390.d,1,1,,,,PEAKS DB
I(+43.01)AQDFK(+14.02)TD,17.01,993.4767,8,0.8,497.7471,46.04,1.0125E5,9,14915,EAM0037_S3F2G_V8-NaPho_2-D 5_01_4390.d,1,1,XP_005463512.2,Carbamylation; Methylation(KR),I1:Carbamylation:1000.00;K6:Methylation(KR):1000.00,PEAKS PTM
VKQIAHAT(-18.01)E,16.97,977.5294,9,2.5,489.7743,31.39,2.1137E5,9,8815,EAM0037_S3F2G_V8-NaPho_2-D 5_01_4390.d,1,1,,Dehydration,T8:Dehydration:1000.00,PEAKS PTM
NVIRD(-18.01)AVTYT(-18.01)E(+57.02),16.96,1300.6411,11,0.5,651.3296,30.58,0,9,8485,EAM0037_S3F2G_V8-NaPho_2-D 5_01_4390.d,0,0,XP_025766521.1,Dehydration; Carbamidomethylation (DHKE  X@N-term),D5:Dehydration:44.44;T10:Dehydration:17.01;E11:Carbamidomethylation (DHKE  X@N-term):48.43,PEAKS PTM
LLNSSQRIAGD,16.96,1172.6149,11,-3.1,587.3142,57.95,0,9,19437,EAM0037_S3F2G_V8-NaPho_2-D 5_01_4390.d,0,0,,,,PEAKS DB
TWGLSIE,16.94,804.4017,7,0.3,403.2092,21.24,2.0053E5,9,4783,EAM0037_S3F2G_V8-NaPho_2-D 5_01_4390.d,1,1,,,,PEAKS DB
R(+14.02)VGAGAPVY(-18.01)LAAVLE,16.93,1480.8401,15,6.9,371.2207,21.38,8.2654E5,9,4847,EAM0037_S3F2G_V8-NaPho_2-D 5_01_4390.d,1,1,XP_003451211.1,Methylation(KR); Dehydration,R1:Methylation(KR):1000.00;Y9:Dehydration:1000.00,PEAKS PTM
SASKIMGVKGEE,16.93,1234.6227,12,4.3,618.3226,69.67,2.7432E4,9,23665,EAM0037_S3F2G_V8-NaPho_2-D 5_01_4390.d,1,1,,,,PEAKS DB
T(+57.02)NIIAGAGVIVE(-.98),16.93,1211.6874,12,3.2,606.8542,28.92,0,9,7765,EAM0037_S3F2G_V8-NaPho_2-D 5_01_4390.d,0,0,,Carbamidomethylation (DHKE  X@N-term); Amidation,T1:Carbamidomethylation (DHKE  X@N-term):1000.00;E12:Amidation:1000.00,PEAKS PTM
AKVKS(-18.01)LPE,16.87,852.5068,8,9.6,427.2657,75.06,0,9,25229,EAM0037_S3F2G_V8-NaPho_2-D 5_01_4390.d,0,0,|#CONTAM#153791158|ref|NP_004684.2|,Dehydration,S5:Dehydration:1000.00,PEAKS PTM
GRTTVPQLLASVQRWVQE,16.83,2067.1226,18,7.3,517.7928,39.19,1.8554E5,9,12217,EAM0037_S3F2G_V8-NaPho_2-D 5_01_4390.d,1,1,,,,PEAKS DB
IQRVRTQE,16.78,1028.5726,8,4.9,515.2972,33.06,1.976E5,9,9551,EAM0037_S3F2G_V8-NaPho_2-D 5_01_4390.d,1,1,,,,PEAKS DB
VDAAYMNKVE,16.76,1138.5328,10,2.8,570.2766,28.30,2.9996E4,9,7587,EAM0037_S3F2G_V8-NaPho_2-D 5_01_4390.d,1,1,|#CONTAM#153791158|ref|NP_004684.2|,,,PEAKS DB
NPDNPNNPDNPNNPD,16.75,1646.6556,15,1.1,824.3378,19.22,6.4345E4,9,3735,EAM0037_S3F2G_V8-NaPho_2-D 5_01_4390.d,1,1,|#CONTAM#88194745|ref|YP_499541.1|,,,PEAKS DB
VGSALEK(+72.02)KGGK(+31.99)EFTD,16.75,1668.8206,15,-0.2,418.2133,52.49,5.6757E4,9,17377,EAM0037_S3F2G_V8-NaPho_2-D 5_01_4390.d,1,1,XP_005456204.1,Carboxyethyl; Dihydroxy,K7:Carboxyethyl:0.00;K11:Dihydroxy:0.00,PEAKS PTM
LTGRFIANSVE,16.75,1205.6404,11,1.4,402.8889,25.87,8.106E6,9,6333,EAM0037_S3F2G_V8-NaPho_2-D 5_01_4390.d,1,1,,,,PEAKS DB
AGASLGSRVTLTNAGETIHLE,16.74,2096.0862,21,-8.9,699.6980,34.79,1.4763E5,9,10273,EAM0037_S3F2G_V8-NaPho_2-D 5_01_4390.d,1,1,,,,PEAKS DB
LAGKLGNLD,16.73,899.5076,9,-6.7,450.7590,20.61,5.9806E5,9,4311,EAM0037_S3F2G_V8-NaPho_2-D 5_01_4390.d,1,1,,,,PEAKS DB
ALQKAKQD,16.72,900.5029,8,-7.1,451.2565,20.61,1.0834E6,9,4957,EAM0037_S3F2G_V8-NaPho_2-D 5_01_4390.d,1,1,|#CONTAM#153791158|ref|NP_004684.2|,,,PEAKS DB
VAAGVQGAGVGASLD,16.69,1270.6517,15,-6.8,636.3302,34.44,1.737E5,9,10706,EAM0037_S3F2G_V8-NaPho_2-D 5_01_4390.d,1,1,,,,PEAKS DB
FLKYTKQ,16.68,926.5225,7,1.2,464.2701,42.79,1.1038E5,9,13527,EAM0037_S3F2G_V8-NaPho_2-D 5_01_4390.d,1,1,,,,PEAKS DB
LIQLSAD,16.63,758.4174,7,-9.1,380.2134,19.94,5.2988E4,9,4001,EAM0037_S3F2G_V8-NaPho_2-D 5_01_4390.d,1,1,,,,PEAKS DB
VQSSAKE,16.58,747.3763,7,8.4,374.6994,44.21,5.269E4,9,14136,EAM0037_S3F2G_V8-NaPho_2-D 5_01_4390.d,1,1,,,,PEAKS DB
ELEGALHQAKE,16.56,1223.6146,11,-5.7,612.8124,48.22,5.5467E4,9,15725,EAM0037_S3F2G_V8-NaPho_2-D 5_01_4390.d,1,1,,,,PEAKS DB
EAYMNKVE,16.56,982.4430,8,-2.7,492.2285,33.83,0,9,9858,EAM0037_S3F2G_V8-NaPho_2-D 5_01_4390.d,0,0,|#CONTAM#372466577|ref|NP_001243222.1|:|#CONTAM#4504919|ref|NP_002264.1|:|#CONTAM#372466572|ref|NP_001243211.1|,,,PEAKS DB
RRLQAWE,16.56,957.5144,7,0.8,479.7659,22.58,2.3245E5,9,5209,EAM0037_S3F2G_V8-NaPho_2-D 5_01_4390.d,1,1,,,,PEAKS DB
QRSTGAMPVALE,16.55,1258.6339,12,0.8,630.3261,43.22,8.9234E4,9,13695,EAM0037_S3F2G_V8-NaPho_2-D 5_01_4390.d,1,1,,,,PEAKS DB
IAQIQTHASE,16.55,1096.5513,10,-8.8,549.2793,26.94,0,9,6937,EAM0037_S3F2G_V8-NaPho_2-D 5_01_4390.d,0,0,,,,PEAKS DB
KGLTIVINVE,16.54,1084.6492,10,1.9,543.3341,31.94,1.7947E5,9,9003,EAM0037_S3F2G_V8-NaPho_2-D 5_01_4390.d,1,1,,,,PEAKS DB
RCKADVTCTKAD,16.53,1309.6118,12,-9.4,655.8085,69.85,0,9,23753,EAM0037_S3F2G_V8-NaPho_2-D 5_01_4390.d,0,0,,,,PEAKS DB
N(+43.01)EFVLIKKD,16.46,1147.6237,9,-7.8,383.5464,30.41,4.4973E4,9,8505,EAM0037_S3F2G_V8-NaPho_2-D 5_01_4390.d,1,1,|#CONTAM#372466577|ref|NP_001243222.1|:|#CONTAM#4504919|ref|NP_002264.1|:|#CONTAM#372466572|ref|NP_001243211.1|,Carbamylation,N1:Carbamylation:36.87,PEAKS PTM
LSRSGLVHRVSNE,16.40,1452.7797,13,7.3,485.2718,29.18,0,9,7886,EAM0037_S3F2G_V8-NaPho_2-D 5_01_4390.d,0,0,,,,PEAKS DB
AK(+226.08)RK(+43.01)APKSAKGKAE,16.39,1737.9672,14,-0.7,580.3306,18.77,0,9,3564,EAM0037_S3F2G_V8-NaPho_2-D 5_01_4390.d,0,0,,Biotinylation; Carbamylation,K2:Biotinylation:0.00;K4:Carbamylation:12.96,PEAKS PTM
SRYSVGLKD,16.38,1023.5349,9,5.5,512.7786,34.61,1.0341E5,9,10144,EAM0037_S3F2G_V8-NaPho_2-D 5_01_4390.d,1,1,,,,PEAKS DB
CRQYLGE,16.36,867.3909,7,2.2,434.7046,20.40,6.5192E5,9,4468,EAM0037_S3F2G_V8-NaPho_2-D 5_01_4390.d,1,1,,,,PEAKS DB
AES(-18.01)K(+57.02)GETKAAQE,16.35,1286.6102,12,6.7,644.3181,40.55,6.1235E5,9,12822,EAM0037_S3F2G_V8-NaPho_2-D 5_01_4390.d,1,1,,Dehydration; Carbamidomethylation (DHKE  X@N-term),S3:Dehydration:20.26;K4:Carbamidomethylation (DHKE  X@N-term):10.42,PEAKS PTM
IDPQFQVVRTQE,16.34,1458.7467,12,-6.2,487.2542,63.26,4.1176E4,9,21322,EAM0037_S3F2G_V8-NaPho_2-D 5_01_4390.d,1,1,,,,PEAKS DB
LHGKVGTLTQE,16.33,1181.6404,11,5.5,394.8904,45.49,7.1587E4,9,14605,EAM0037_S3F2G_V8-NaPho_2-D 5_01_4390.d,1,1,,,,PEAKS DB
KVRFLEQQNKVLE,16.30,1629.9202,13,-5.5,544.3122,26.23,0,9,6657,EAM0037_S3F2G_V8-NaPho_2-D 5_01_4390.d,0,0,|#CONTAM#153791158|ref|NP_004684.2|,,,PEAKS DB
LQVDSTKICRE,16.29,1290.6602,11,3.8,646.3412,25.79,0,9,6481,EAM0037_S3F2G_V8-NaPho_2-D 5_01_4390.d,0,0,,,,PEAKS DB
LLLKKVTEESD,16.27,1273.7129,11,0.5,637.8655,44.32,4.2104E5,9,14551,EAM0037_S3F2G_V8-NaPho_2-D 5_01_4390.d,1,1,,,,PEAKS DB
AAEVTFSEKTGLD,16.26,1366.6616,13,8.2,684.3452,29.72,1.9569E6,9,8264,EAM0037_S3F2G_V8-NaPho_2-D 5_01_4390.d,1,1,,,,PEAKS DB
AQAKLDE,16.24,773.3919,7,4.5,387.7058,19.84,2.2022E5,9,4120,EAM0037_S3F2G_V8-NaPho_2-D 5_01_4390.d,1,1,,,,PEAKS DB
NLTIVTTDLE,16.22,1117.5867,10,-2.2,559.8006,36.77,0,9,11084,EAM0037_S3F2G_V8-NaPho_2-D 5_01_4390.d,0,0,,,,PEAKS DB
LSEAMILLNYKLSKD,16.21,1736.9382,15,6.5,435.2456,31.18,3.085E6,9,9094,EAM0037_S3F2G_V8-NaPho_2-D 5_01_4390.d,1,1,,,,PEAKS DB
K(+226.08)SAGLGKD,16.21,1000.5011,8,-4.7,501.2566,22.20,7.4783E5,9,4983,EAM0037_S3F2G_V8-NaPho_2-D 5_01_4390.d,1,1,,Biotinylation,K1:Biotinylation:47.92,PEAKS PTM
KVSVCEAVVLEAFLCLLE,16.17,1964.0363,18,5.4,655.6910,39.44,5.4427E5,9,12090,EAM0037_S3F2G_V8-NaPho_2-D 5_01_4390.d,1,1,,,,PEAKS DB
FAPGLGNSKTGD,16.15,1162.5618,12,5.3,388.5308,16.86,2.1083E4,9,2653,EAM0037_S3F2G_V8-NaPho_2-D 5_01_4390.d,1,1,,,,PEAKS DB
VGR(+15.99)LIKPTQELAIQSGGE,16.10,1911.0425,18,4.8,638.0259,43.87,0,9,14017,EAM0037_S3F2G_V8-NaPho_2-D 5_01_4390.d,0,0,,Oxidation or Hydroxylation,R3:Oxidation or Hydroxylation:7.77,PEAKS PTM
LQSLAGK(+42.01)HGD,16.09,1066.5406,10,6.8,534.2824,29.56,0,9,8036,EAM0037_S3F2G_V8-NaPho_2-D 5_01_4390.d,0,0,|#CONTAM#372466577|ref|NP_001243222.1|:|#CONTAM#4504919|ref|NP_002264.1|:|#CONTAM#372466572|ref|NP_001243211.1|,Acetylation (K),K7:Acetylation (K):1000.00,PEAKS PTM
ASRGN(+15.99)VAIIKRGD,16.06,1371.7582,13,9.0,458.2651,28.40,9.1285E5,9,7476,EAM0037_S3F2G_V8-NaPho_2-D 5_01_4390.d,1,1,,Oxidation or Hydroxylation,N5:Oxidation or Hydroxylation:9.74,PEAKS PTM
VVASLRE,16.03,772.4443,7,1.2,387.2307,21.59,0,9,4797,EAM0037_S3F2G_V8-NaPho_2-D 5_01_4390.d,0,0,,,,PEAKS DB
YDKQQNAAKGE,15.99,1250.5891,11,-5.0,626.3001,27.12,5.0385E5,9,6888,EAM0037_S3F2G_V8-NaPho_2-D 5_01_4390.d,1,1,,,,PEAKS DB
QKSGGRGFQDSSCHAE,15.97,1692.7274,16,9.5,847.3809,46.98,4.2236E5,9,15165,EAM0037_S3F2G_V8-NaPho_2-D 5_01_4390.d,1,1,,,,PEAKS DB
QQNK(+28.03)LLETKWTLLQE,15.97,1899.0465,15,1.6,475.7707,36.47,0,9,10959,EAM0037_S3F2G_V8-NaPho_2-D 5_01_4390.d,0,0,|#CONTAM#767974195|ref|XP_011536627.1|:|#CONTAM#67782365|ref|NP_005547.3|,Dimethylation(KR),K4:Dimethylation(KR):23.70,PEAKS PTM
GDSELLSGVGE,15.93,1061.4877,11,-1.8,531.7513,26.95,1.0276E6,9,6870,EAM0037_S3F2G_V8-NaPho_2-D 5_01_4390.d,1,1,,,,PEAKS DB
FLKTLYMEEIQLLQSHISE,15.90,2321.1978,19,-2.3,581.3066,33.22,0,9,9607,EAM0037_S3F2G_V8-NaPho_2-D 5_01_4390.d,0,0,,,,PEAKS DB
KTKPEQLAD,15.89,1028.5502,9,1.8,515.2844,69.30,1.3588E4,9,23523,EAM0037_S3F2G_V8-NaPho_2-D 5_01_4390.d,1,1,,,,PEAKS DB
HIDKNPKSQLE,15.88,1307.6833,11,-0.2,436.9026,20.80,0,9,4455,EAM0037_S3F2G_V8-NaPho_2-D 5_01_4390.d,0,0,,,,PEAKS DB
ESSTHPCRLAASE,15.85,1386.6198,13,2.2,694.3202,45.33,0,9,14594,EAM0037_S3F2G_V8-NaPho_2-D 5_01_4390.d,0,0,,,,PEAKS DB
RIFSSR(+.98)SLRRGME,15.82,1594.8362,13,-4.2,532.6183,54.12,2.1945E5,9,17972,EAM0037_S3F2G_V8-NaPho_2-D 5_01_4390.d,1,1,,Citrullination,R6:Citrullination:28.36,PEAKS PTM
INFLRQLYE,15.81,1194.6396,9,0.5,598.3287,59.02,1.1513E5,9,19780,EAM0037_S3F2G_V8-NaPho_2-D 5_01_4390.d,1,1,|#CONTAM#372466577|ref|NP_001243222.1|:|#CONTAM#4504919|ref|NP_002264.1|:|#CONTAM#372466572|ref|NP_001243211.1|,,,PEAKS DB
NIITAQR(+.98)AGAGMRD,15.77,1473.7358,14,5.6,737.8810,59.46,0,9,19989,EAM0037_S3F2G_V8-NaPho_2-D 5_01_4390.d,0,0,,Citrullination,R7:Citrullination:8.11,PEAKS PTM
IANRSRAE(+57.02),15.74,972.5101,8,9.2,487.2679,19.19,5.8865E5,9,4075,EAM0037_S3F2G_V8-NaPho_2-D 5_01_4390.d,1,1,|#CONTAM#372466577|ref|NP_001243222.1|:|#CONTAM#4504919|ref|NP_002264.1|:|#CONTAM#372466572|ref|NP_001243211.1|:|#CONTAM#153791158|ref|NP_004684.2|,Carbamidomethylation (DHKE  X@N-term),E8:Carbamidomethylation (DHKE  X@N-term):31.93,PEAKS PTM
EGGGLRCAAD,15.74,947.4130,10,9.8,474.7195,18.23,9.2272E4,9,3281,EAM0037_S3F2G_V8-NaPho_2-D 5_01_4390.d,1,1,,,,PEAKS DB
WVVIHTMHEPE,15.72,1376.6547,11,3.7,689.3387,41.85,0,9,13198,EAM0037_S3F2G_V8-NaPho_2-D 5_01_4390.d,0,0,,,,PEAKS DB
TKGDLAVLALGEE,15.64,1314.7030,13,3.2,439.2440,33.12,9.8883E4,9,9520,EAM0037_S3F2G_V8-NaPho_2-D 5_01_4390.d,1,1,,,,PEAKS DB
IYALT(-18.01)ILGNE,15.59,1087.5913,10,4.2,544.8064,21.69,0,9,4836,EAM0037_S3F2G_V8-NaPho_2-D 5_01_4390.d,0,0,,Dehydration,T5:Dehydration:15.62,PEAKS PTM
YQQLLDIKIRLE,15.58,1530.8770,12,-0.7,383.7271,17.75,0,9,3097,EAM0037_S3F2G_V8-NaPho_2-D 5_01_4390.d,0,0,,,,PEAKS DB
NSRLAVQLD,15.52,1014.5458,9,5.4,508.2840,63.30,5.9968E4,9,21204,EAM0037_S3F2G_V8-NaPho_2-D 5_01_4390.d,1,1,,,,PEAKS DB
FARSSANLLD,15.52,1092.5564,10,-4.5,547.2842,25.73,1.3879E6,9,7212,EAM0037_S3F2G_V8-NaPho_2-D 5_01_4390.d,1,1,,,,PEAKS DB
RT(-18.01)K(+31.99)PRGHE,15.42,993.5104,8,1.5,497.7643,62.07,9.1216E4,9,20905,EAM0037_S3F2G_V8-NaPho_2-D 5_01_4390.d,1,1,,Dehydration; Dihydroxy,T2:Dehydration:1000.00;K3:Dihydroxy:14.04,PEAKS PTM
TIKVAREPLNVLE,15.42,1480.8613,13,-7.8,494.6249,21.34,7.693E5,9,4672,EAM0037_S3F2G_V8-NaPho_2-D 5_01_4390.d,1,1,,,,PEAKS DB
KHSRSTPE,15.41,940.4726,8,-8.0,471.2409,30.59,3.8845E4,9,8557,EAM0037_S3F2G_V8-NaPho_2-D 5_01_4390.d,1,1,,,,PEAKS DB
IATY(-18.01)RSLLEGQD,15.33,1346.6830,12,1.0,674.3510,27.09,2.8287E5,9,6851,EAM0037_S3F2G_V8-NaPho_2-D 5_01_4390.d,1,1,|#CONTAM#24430190|ref|NP_002266.2|,Dehydration,Y4:Dehydration:7.21,PEAKS PTM
TRGVLK(+43.01)VFLE,15.32,1203.6975,10,1.2,602.8581,56.42,1.543E6,9,18760,EAM0037_S3F2G_V8-NaPho_2-D 5_01_4390.d,1,1,XP_025766521.1,Carbamylation,K6:Carbamylation:0.00,PEAKS PTM
KNSK(+15.99)ILEVLD(-.98),15.28,1172.6764,10,4.2,587.3492,17.53,3.6187E6,9,3214,EAM0037_S3F2G_V8-NaPho_2-D 5_01_4390.d,1,1,,Oxidation or Hydroxylation; Amidation,K4:Oxidation or Hydroxylation:60.92;D10:Amidation:1000.00,PEAKS PTM
LQLAASRHGD,15.27,1066.5519,10,-6.0,356.5232,25.55,1.0008E7,9,7132,EAM0037_S3F2G_V8-NaPho_2-D 5_01_4390.d,1,1,,,,PEAKS DB
AGGKRQQE,15.26,872.4464,8,4.5,437.2334,23.74,6.7318E4,9,5449,EAM0037_S3F2G_V8-NaPho_2-D 5_01_4390.d,1,1,,,,PEAKS DB
RSGVSAAALK(+15.99)KALAAGGYD,15.21,1820.9744,19,2.6,608.0016,33.40,4.7799E5,9,10380,EAM0037_S3F2G_V8-NaPho_2-D 5_01_4390.d,1,1,XP_019210165.1:XP_013130399.2:XP_019210164.1:XP_019209840.1,Oxidation or Hydroxylation,K10:Oxidation or Hydroxylation:0.00,PEAKS PTM
TLKRE(+57.02)PLE,15.19,1041.5818,8,2.0,521.8004,30.21,6.7151E4,9,8327,EAM0037_S3F2G_V8-NaPho_2-D 5_01_4390.d,1,1,,Carbamidomethylation (DHKE  X@N-term),E5:Carbamidomethylation (DHKE  X@N-term):0.00,PEAKS PTM
IATYRHLLE,15.17,1114.6135,9,8.8,558.3202,35.91,1.2514E5,9,10647,EAM0037_S3F2G_V8-NaPho_2-D 5_01_4390.d,1,1,,,,PEAKS DB
HNSSKATGIE,15.15,1042.5043,10,-5.9,522.2575,34.52,0,9,10140,EAM0037_S3F2G_V8-NaPho_2-D 5_01_4390.d,0,0,,,,PEAKS DB
N(+43.01)EFVLLKKD,15.14,1147.6237,9,-7.8,383.5464,30.41,4.4973E4,9,8505,EAM0037_S3F2G_V8-NaPho_2-D 5_01_4390.d,1,1,,Carbamylation,N1:Carbamylation:36.87,PEAKS PTM
LRNTKQEISE,15.11,1216.6411,10,0.2,609.3293,36.72,8.9342E4,9,11094,EAM0037_S3F2G_V8-NaPho_2-D 5_01_4390.d,1,1,|#CONTAM#153791158|ref|NP_004684.2|,,,PEAKS DB
RGELALK(+14.02)D,15.07,914.5185,8,-0.8,458.2672,32.43,3.4409E4,9,9324,EAM0037_S3F2G_V8-NaPho_2-D 5_01_4390.d,1,1,|#CONTAM#767974195|ref|XP_011536627.1|:|#CONTAM#67782365|ref|NP_005547.3|,Methylation(KR),K7:Methylation(KR):51.01,PEAKS PTM
INHRT(-18.01)AAE,15.05,892.4515,8,-9.6,447.2297,21.67,0,9,4828,EAM0037_S3F2G_V8-NaPho_2-D 5_01_4390.d,0,0,|#CONTAM#767974195|ref|XP_011536627.1|:|#CONTAM#67782365|ref|NP_005547.3|,Dehydration,T5:Dehydration:1000.00,PEAKS PTM
QARLQAE,15.04,814.4297,7,2.2,408.2239,30.69,2.5175E5,9,8448,EAM0037_S3F2G_V8-NaPho_2-D 5_01_4390.d,1,1,,,,PEAKS DB
SESIGIYVQEMAKLE,15.01,1695.8389,15,2.8,848.9310,70.19,9.6999E4,9,23982,EAM0037_S3F2G_V8-NaPho_2-D 5_01_4390.d,1,1,XP_003451493.1:XP_005456204.1,,,PEAKS DB
